dt,open,high,low,close,volume
2026-07-16 09:15:00+05:30,248.60000610351562,249.14999389648438,247.89999389648438,248.3000030517578,0.0
2026-07-16 09:20:00+05:30,248.60000610351562,248.64999389648438,248.0500030517578,248.25,88204.0
2026-07-16 09:25:00+05:30,248.35000610351562,248.5500030517578,248.1999969482422,248.3000030517578,46894.0
2026-07-16 09:30:00+05:30,248.39999389648438,249.10000610351562,248.39999389648438,248.75,92392.0
2026-07-16 09:35:00+05:30,248.85000610351562,249.14999389648438,248.60000610351562,248.64999389648438,59995.0
2026-07-16 09:40:00+05:30,248.60000610351562,248.75,248.35000610351562,248.60000610351562,42440.0
2026-07-16 09:45:00+05:30,248.60000610351562,248.75,248.1999969482422,248.25,42622.0
2026-07-16 09:50:00+05:30,248.3000030517578,248.4499969482422,248.1999969482422,248.39999389648438,52256.0
2026-07-16 09:55:00+05:30,248.3000030517578,248.5500030517578,248.25,248.35000610351562,137996.0
2026-07-16 10:00:00+05:30,248.39999389648438,248.39999389648438,248.25,248.25,40128.0
2026-07-16 10:05:00+05:30,248.3000030517578,248.6999969482422,248.25,248.6999969482422,38682.0
2026-07-16 10:10:00+05:30,248.64999389648438,248.6999969482422,248.35000610351562,248.4499969482422,26082.0
2026-07-16 10:15:00+05:30,248.35000610351562,248.64999389648438,248.35000610351562,248.5500030517578,27032.0
2026-07-16 10:20:00+05:30,248.5,248.89999389648438,248.5,248.89999389648438,50519.0
2026-07-16 10:25:00+05:30,248.89999389648438,248.89999389648438,248.25,248.35000610351562,53321.0
2026-07-16 10:30:00+05:30,248.25,248.25,248.0,248.10000610351562,51523.0
2026-07-16 10:35:00+05:30,248.14999389648438,248.5,248.10000610351562,248.4499969482422,22477.0
2026-07-16 10:40:00+05:30,248.4499969482422,248.60000610351562,248.1999969482422,248.4499969482422,21727.0
2026-07-16 10:45:00+05:30,248.5,248.89999389648438,248.5,248.75,31759.0
2026-07-16 10:50:00+05:30,248.64999389648438,249.0,248.64999389648438,248.9499969482422,47953.0
2026-07-16 10:55:00+05:30,248.89999389648438,249.10000610351562,248.6999969482422,249.0,115331.0
2026-07-16 11:00:00+05:30,249.39999389648438,249.60000610351562,249.1999969482422,249.39999389648438,88621.0
2026-07-16 11:05:00+05:30,249.35000610351562,249.39999389648438,248.89999389648438,249.14999389648438,62343.0
2026-07-16 11:10:00+05:30,249.14999389648438,249.39999389648438,248.9499969482422,249.0,50094.0
2026-07-16 11:15:00+05:30,249.10000610351562,249.1999969482422,248.60000610351562,248.75,22227.0
2026-07-16 11:20:00+05:30,248.85000610351562,248.89999389648438,248.64999389648438,248.6999969482422,25918.0
2026-07-16 11:25:00+05:30,248.6999969482422,248.89999389648438,248.64999389648438,248.8000030517578,27330.0
2026-07-16 11:30:00+05:30,248.75,248.8000030517578,248.35000610351562,248.6999969482422,70070.0
2026-07-16 11:35:00+05:30,248.64999389648438,248.75,248.3000030517578,248.64999389648438,26710.0
2026-07-16 11:40:00+05:30,248.5500030517578,248.60000610351562,248.3000030517578,248.35000610351562,23581.0
2026-07-16 11:45:00+05:30,248.3000030517578,248.5500030517578,247.6999969482422,247.6999969482422,182190.0
2026-07-16 11:50:00+05:30,247.6999969482422,247.9499969482422,247.39999389648438,247.64999389648438,93124.0
2026-07-16 11:55:00+05:30,247.5500030517578,247.89999389648438,247.4499969482422,247.85000610351562,173129.0
2026-07-16 12:00:00+05:30,247.85000610351562,247.89999389648438,247.64999389648438,247.64999389648438,228798.0
2026-07-16 12:05:00+05:30,247.6999969482422,248.0,247.6999969482422,247.89999389648438,27940.0
2026-07-16 12:10:00+05:30,247.89999389648438,248.14999389648438,247.89999389648438,248.14999389648438,24172.0
2026-07-16 12:15:00+05:30,248.10000610351562,248.1999969482422,248.0,248.10000610351562,26675.0
2026-07-16 12:20:00+05:30,248.10000610351562,248.3000030517578,248.10000610351562,248.3000030517578,27460.0
2026-07-16 12:25:00+05:30,248.25,248.64999389648438,248.25,248.64999389648438,43111.0
2026-07-16 12:30:00+05:30,248.5500030517578,248.60000610351562,248.3000030517578,248.5,28292.0
2026-07-16 12:35:00+05:30,248.5,248.5500030517578,248.3000030517578,248.4499969482422,17591.0
2026-07-16 12:40:00+05:30,248.39999389648438,248.39999389648438,247.89999389648438,247.89999389648438,46203.0
2026-07-16 12:45:00+05:30,247.89999389648438,248.0500030517578,247.85000610351562,248.0500030517578,9962.0
2026-07-16 12:50:00+05:30,248.0,248.1999969482422,248.0,248.0500030517578,18133.0
2026-07-16 12:55:00+05:30,248.1999969482422,248.35000610351562,248.0,248.1999969482422,17969.0
2026-07-16 13:00:00+05:30,248.1999969482422,248.3000030517578,247.85000610351562,248.0,38823.0
2026-07-16 13:05:00+05:30,248.0500030517578,248.14999389648438,248.0,248.14999389648438,17863.0
2026-07-16 13:10:00+05:30,248.14999389648438,248.35000610351562,248.10000610351562,248.3000030517578,20201.0
2026-07-16 13:15:00+05:30,248.3000030517578,248.3000030517578,247.9499969482422,248.0,19382.0
2026-07-16 13:20:00+05:30,248.0,248.14999389648438,247.85000610351562,247.85000610351562,15240.0
2026-07-16 13:25:00+05:30,247.89999389648438,248.3000030517578,247.8000030517578,248.25,54204.0
2026-07-16 13:30:00+05:30,248.25,248.35000610351562,247.85000610351562,247.89999389648438,167697.0
2026-07-16 13:35:00+05:30,247.89999389648438,247.9499969482422,247.5,247.6999969482422,46799.0
2026-07-16 13:40:00+05:30,247.60000610351562,247.60000610351562,247.25,247.39999389648438,66950.0
2026-07-16 13:45:00+05:30,247.5,247.6999969482422,247.39999389648438,247.6999969482422,41610.0
2026-07-16 13:50:00+05:30,247.6999969482422,247.8000030517578,247.60000610351562,247.6999969482422,26269.0
2026-07-16 13:55:00+05:30,247.6999969482422,248.0,247.64999389648438,247.85000610351562,29014.0
2026-07-16 14:00:00+05:30,247.85000610351562,248.0500030517578,247.8000030517578,247.9499969482422,35437.0
2026-07-16 14:05:00+05:30,248.0500030517578,248.0500030517578,247.85000610351562,247.89999389648438,23590.0
2026-07-16 14:10:00+05:30,247.89999389648438,247.9499969482422,247.85000610351562,247.9499969482422,16701.0
2026-07-16 14:15:00+05:30,247.89999389648438,248.1999969482422,247.89999389648438,248.0500030517578,46094.0
2026-07-16 14:20:00+05:30,248.0500030517578,248.10000610351562,247.8000030517578,247.8000030517578,38931.0
2026-07-16 14:25:00+05:30,247.85000610351562,247.89999389648438,247.64999389648438,247.89999389648438,85419.0
2026-07-16 14:30:00+05:30,247.8000030517578,248.0,247.75,247.89999389648438,19688.0
2026-07-16 14:35:00+05:30,247.85000610351562,248.0,247.85000610351562,247.89999389648438,17007.0
2026-07-16 14:40:00+05:30,247.89999389648438,248.35000610351562,247.89999389648438,248.10000610351562,63540.0
2026-07-16 14:45:00+05:30,248.1999969482422,248.3000030517578,247.85000610351562,247.9499969482422,171874.0
2026-07-16 14:50:00+05:30,247.9499969482422,248.0500030517578,247.8000030517578,248.0,68190.0
2026-07-16 14:55:00+05:30,248.0500030517578,248.25,248.0,248.14999389648438,36136.0
2026-07-16 15:00:00+05:30,248.14999389648438,248.39999389648438,248.14999389648438,248.25,243546.0
2026-07-16 15:05:00+05:30,248.25,248.39999389648438,248.25,248.25,176788.0
2026-07-16 15:10:00+05:30,248.25,248.4499969482422,248.1999969482422,248.39999389648438,197000.0
2026-07-16 15:15:00+05:30,248.39999389648438,248.5500030517578,248.35000610351562,248.39999389648438,283479.0
2026-07-16 15:20:00+05:30,248.4499969482422,248.5500030517578,248.10000610351562,248.35000610351562,319996.0
2026-07-16 15:25:00+05:30,248.3000030517578,248.35000610351562,247.6999969482422,248.3000030517578,195813.0
2026-07-17 09:15:00+05:30,248.5500030517578,248.5500030517578,247.4499969482422,247.8000030517578,0.0
2026-07-17 09:20:00+05:30,248.0,248.1999969482422,247.60000610351562,247.75,84857.0
2026-07-17 09:25:00+05:30,247.8000030517578,248.10000610351562,247.6999969482422,247.9499969482422,38439.0
2026-07-17 09:30:00+05:30,248.0500030517578,248.5,248.0,248.4499969482422,98340.0
2026-07-17 09:35:00+05:30,248.4499969482422,248.4499969482422,247.85000610351562,247.9499969482422,40188.0
2026-07-17 09:40:00+05:30,247.89999389648438,248.10000610351562,247.75,247.75,44431.0
2026-07-17 09:45:00+05:30,247.8000030517578,248.0,247.75,247.8000030517578,46977.0
2026-07-17 09:50:00+05:30,247.8000030517578,247.89999389648438,247.5500030517578,247.64999389648438,64608.0
2026-07-17 09:55:00+05:30,247.60000610351562,247.64999389648438,247.14999389648438,247.35000610351562,70804.0
2026-07-17 10:00:00+05:30,247.39999389648438,247.5,247.14999389648438,247.14999389648438,33446.0
2026-07-17 10:05:00+05:30,247.14999389648438,247.5500030517578,246.89999389648438,247.39999389648438,83203.0
2026-07-17 10:10:00+05:30,247.39999389648438,247.5500030517578,247.3000030517578,247.4499969482422,28437.0
2026-07-17 10:15:00+05:30,247.4499969482422,247.85000610351562,247.3000030517578,247.75,61257.0
2026-07-17 10:20:00+05:30,247.75,247.75,247.3000030517578,247.5500030517578,28521.0
2026-07-17 10:25:00+05:30,247.5500030517578,247.64999389648438,247.4499969482422,247.4499969482422,76569.0
2026-07-17 10:30:00+05:30,247.4499969482422,248.3000030517578,247.25,248.3000030517578,270569.0
2026-07-17 10:35:00+05:30,248.5,248.5,247.89999389648438,247.9499969482422,52342.0
2026-07-17 10:40:00+05:30,247.89999389648438,248.0,247.6999969482422,247.85000610351562,10635.0
2026-07-17 10:45:00+05:30,247.85000610351562,247.89999389648438,247.64999389648438,247.75,25963.0
2026-07-17 10:50:00+05:30,247.8000030517578,248.25,247.5,248.25,37137.0
2026-07-17 10:55:00+05:30,248.1999969482422,248.25,247.8000030517578,247.89999389648438,21034.0
2026-07-17 11:00:00+05:30,247.9499969482422,247.9499969482422,247.6999969482422,247.8000030517578,10304.0
2026-07-17 11:05:00+05:30,247.75,247.89999389648438,247.6999969482422,247.6999969482422,46434.0
2026-07-17 11:10:00+05:30,247.6999969482422,247.75,247.1999969482422,247.35000610351562,76725.0
2026-07-17 11:15:00+05:30,247.35000610351562,247.39999389648438,247.0500030517578,247.14999389648438,56018.0
2026-07-17 11:20:00+05:30,247.1999969482422,247.35000610351562,247.0,247.10000610351562,70043.0
2026-07-17 11:25:00+05:30,247.10000610351562,247.1999969482422,246.6999969482422,246.6999969482422,83537.0
2026-07-17 11:30:00+05:30,246.6999969482422,246.85000610351562,246.5500030517578,246.64999389648438,61697.0
2026-07-17 11:35:00+05:30,246.64999389648438,246.8000030517578,246.4499969482422,246.60000610351562,43829.0
2026-07-17 11:40:00+05:30,246.60000610351562,246.6999969482422,246.39999389648438,246.4499969482422,35077.0
2026-07-17 11:45:00+05:30,246.4499969482422,246.6999969482422,246.35000610351562,246.5,35229.0
2026-07-17 11:50:00+05:30,246.60000610351562,246.6999969482422,246.4499969482422,246.64999389648438,29104.0
2026-07-17 11:55:00+05:30,246.64999389648438,246.75,246.10000610351562,246.10000610351562,178202.0
2026-07-17 12:00:00+05:30,246.14999389648438,246.3000030517578,245.64999389648438,246.0500030517578,129765.0
2026-07-17 12:05:00+05:30,245.9499969482422,246.10000610351562,245.89999389648438,246.0500030517578,33392.0
2026-07-17 12:10:00+05:30,246.0500030517578,246.14999389648438,245.9499969482422,246.0500030517578,17280.0
2026-07-17 12:15:00+05:30,246.10000610351562,246.10000610351562,245.89999389648438,246.0500030517578,13021.0
2026-07-17 12:20:00+05:30,246.0,246.25,246.0,246.1999969482422,21809.0
2026-07-17 12:25:00+05:30,246.25,246.64999389648438,246.1999969482422,246.4499969482422,53713.0
2026-07-17 12:30:00+05:30,246.39999389648438,246.5,246.3000030517578,246.35000610351562,10711.0
2026-07-17 12:35:00+05:30,246.39999389648438,246.5,246.35000610351562,246.39999389648438,23471.0
2026-07-17 12:40:00+05:30,246.39999389648438,246.5500030517578,246.39999389648438,246.5,7116.0
2026-07-17 12:45:00+05:30,246.5,246.75,246.4499969482422,246.75,19631.0
2026-07-17 12:50:00+05:30,246.6999969482422,246.75,246.5,246.60000610351562,10027.0
2026-07-17 12:55:00+05:30,246.5500030517578,246.8000030517578,246.5500030517578,246.8000030517578,33312.0
2026-07-17 13:00:00+05:30,246.89999389648438,247.0,246.85000610351562,246.9499969482422,33584.0
2026-07-17 13:05:00+05:30,246.89999389648438,247.14999389648438,246.85000610351562,247.10000610351562,80194.0
2026-07-17 13:10:00+05:30,247.10000610351562,247.1999969482422,247.10000610351562,247.10000610351562,36435.0
2026-07-17 13:15:00+05:30,247.10000610351562,247.14999389648438,247.10000610351562,247.10000610351562,70978.0
2026-07-17 13:20:00+05:30,247.0,247.0,246.60000610351562,246.60000610351562,75141.0
2026-07-17 13:25:00+05:30,246.60000610351562,246.85000610351562,246.60000610351562,246.8000030517578,19178.0
2026-07-17 13:30:00+05:30,246.85000610351562,247.0,246.8000030517578,246.85000610351562,19122.0
2026-07-17 13:35:00+05:30,246.85000610351562,247.0,246.6999969482422,246.6999969482422,21452.0
2026-07-17 13:40:00+05:30,246.6999969482422,246.75,246.39999389648438,246.75,24631.0
2026-07-17 13:45:00+05:30,246.6999969482422,246.89999389648438,246.4499969482422,246.89999389648438,75595.0
2026-07-17 13:50:00+05:30,246.89999389648438,246.89999389648438,246.64999389648438,246.8000030517578,13141.0
2026-07-17 13:55:00+05:30,246.6999969482422,246.9499969482422,246.39999389648438,246.8000030517578,94946.0
2026-07-17 14:00:00+05:30,246.64999389648438,246.75,246.5,246.5500030517578,42451.0
2026-07-17 14:05:00+05:30,246.5500030517578,246.64999389648438,246.4499969482422,246.60000610351562,60691.0
2026-07-17 14:10:00+05:30,246.64999389648438,246.89999389648438,246.60000610351562,246.89999389648438,31099.0
2026-07-17 14:15:00+05:30,246.89999389648438,248.1999969482422,246.89999389648438,247.4499969482422,230260.0
2026-07-17 14:20:00+05:30,247.5,247.6999969482422,247.25,247.3000030517578,32511.0
2026-07-17 14:25:00+05:30,247.35000610351562,247.60000610351562,247.0500030517578,247.10000610351562,48102.0
2026-07-17 14:30:00+05:30,247.14999389648438,247.4499969482422,247.14999389648438,247.3000030517578,41507.0
2026-07-17 14:35:00+05:30,247.25,247.4499969482422,247.0500030517578,247.35000610351562,34974.0
2026-07-17 14:40:00+05:30,247.4499969482422,247.5,247.1999969482422,247.39999389648438,53476.0
2026-07-17 14:45:00+05:30,247.35000610351562,247.5,247.25,247.4499969482422,57581.0
2026-07-17 14:50:00+05:30,247.4499969482422,247.6999969482422,247.35000610351562,247.60000610351562,46842.0
2026-07-17 14:55:00+05:30,247.60000610351562,247.9499969482422,247.5500030517578,247.85000610351562,90573.0
2026-07-17 15:00:00+05:30,247.85000610351562,247.89999389648438,247.0,247.3000030517578,517314.0
2026-07-17 15:05:00+05:30,247.35000610351562,247.5,246.6999969482422,246.6999969482422,424568.0
2026-07-17 15:10:00+05:30,246.6999969482422,246.9499969482422,246.60000610351562,246.64999389648438,378721.0
2026-07-17 15:15:00+05:30,246.60000610351562,246.8000030517578,246.39999389648438,246.5,447873.0
2026-07-17 15:20:00+05:30,246.60000610351562,246.89999389648438,246.3000030517578,246.5,675214.0
2026-07-17 15:25:00+05:30,246.5,246.8000030517578,246.39999389648438,246.8000030517578,500224.0
2026-07-20 09:15:00+05:30,247.1999969482422,249.39999389648438,246.14999389648438,249.3000030517578,0.0
2026-07-20 09:20:00+05:30,249.1999969482422,250.10000610351562,248.8000030517578,249.75,407899.0
2026-07-20 09:25:00+05:30,249.64999389648438,249.85000610351562,248.85000610351562,249.5500030517578,382775.0
2026-07-20 09:30:00+05:30,249.5,249.75,248.85000610351562,249.0500030517578,249620.0
2026-07-20 09:35:00+05:30,249.10000610351562,249.5500030517578,248.89999389648438,249.10000610351562,198479.0
2026-07-20 09:40:00+05:30,249.0,249.3000030517578,249.0,249.10000610351562,199958.0
2026-07-20 09:45:00+05:30,249.25,249.35000610351562,248.3000030517578,248.75,259157.0
2026-07-20 09:50:00+05:30,248.75,249.0,248.5500030517578,248.85000610351562,88306.0
2026-07-20 09:55:00+05:30,248.75,249.0,248.60000610351562,249.0,77392.0
2026-07-20 10:00:00+05:30,249.0500030517578,249.1999969482422,248.8000030517578,249.14999389648438,89715.0
2026-07-20 10:05:00+05:30,249.14999389648438,249.64999389648438,249.0500030517578,249.35000610351562,137132.0
2026-07-20 10:10:00+05:30,249.39999389648438,249.5500030517578,249.3000030517578,249.5500030517578,51158.0
2026-07-20 10:15:00+05:30,249.5,251.14999389648438,249.5,250.9499969482422,324198.0
2026-07-20 10:20:00+05:30,250.9499969482422,251.39999389648438,250.10000610351562,250.8000030517578,254176.0
2026-07-20 10:25:00+05:30,250.8000030517578,251.1999969482422,250.6999969482422,250.8000030517578,130887.0
2026-07-20 10:30:00+05:30,250.8000030517578,250.89999389648438,250.4499969482422,250.4499969482422,79378.0
2026-07-20 10:35:00+05:30,250.4499969482422,250.6999969482422,250.3000030517578,250.5500030517578,211763.0
2026-07-20 10:40:00+05:30,250.5500030517578,250.89999389648438,250.5500030517578,250.85000610351562,56808.0
2026-07-20 10:45:00+05:30,250.6999969482422,251.1999969482422,250.60000610351562,251.1999969482422,164132.0
2026-07-20 10:50:00+05:30,251.39999389648438,251.5500030517578,251.1999969482422,251.5,179048.0
2026-07-20 10:55:00+05:30,251.5,251.8000030517578,251.39999389648438,251.64999389648438,345284.0
2026-07-20 11:00:00+05:30,251.60000610351562,252.9499969482422,251.60000610351562,252.6999969482422,519137.0
2026-07-20 11:05:00+05:30,252.6999969482422,253.4499969482422,252.60000610351562,253.0,294656.0
2026-07-20 11:10:00+05:30,253.0,253.10000610351562,252.5500030517578,252.85000610351562,485930.0
2026-07-20 11:15:00+05:30,252.85000610351562,252.9499969482422,252.5500030517578,252.8000030517578,73090.0
2026-07-20 11:20:00+05:30,252.8000030517578,253.3000030517578,252.75,252.85000610351562,115933.0
2026-07-20 11:25:00+05:30,252.89999389648438,253.1999969482422,252.85000610351562,252.9499969482422,88880.0
2026-07-20 11:30:00+05:30,253.0,253.0500030517578,252.6999969482422,252.6999969482422,60648.0
2026-07-20 11:35:00+05:30,252.64999389648438,252.8000030517578,252.4499969482422,252.5500030517578,55682.0
2026-07-20 11:40:00+05:30,252.5,252.6999969482422,252.3000030517578,252.4499969482422,49559.0
2026-07-20 11:45:00+05:30,252.39999389648438,252.39999389648438,252.14999389648438,252.1999969482422,53927.0
2026-07-20 11:50:00+05:30,252.1999969482422,252.5,252.1999969482422,252.39999389648438,42526.0
2026-07-20 11:55:00+05:30,252.4499969482422,252.6999969482422,252.35000610351562,252.6999969482422,66844.0
2026-07-20 12:00:00+05:30,252.64999389648438,252.64999389648438,252.39999389648438,252.39999389648438,35601.0
2026-07-20 12:05:00+05:30,252.3000030517578,252.39999389648438,252.0,252.14999389648438,124446.0
2026-07-20 12:10:00+05:30,252.14999389648438,252.35000610351562,252.0,252.35000610351562,67986.0
2026-07-20 12:15:00+05:30,252.35000610351562,252.5,252.3000030517578,252.4499969482422,27786.0
2026-07-20 12:20:00+05:30,252.39999389648438,252.4499969482422,252.0500030517578,252.0500030517578,62371.0
2026-07-20 12:25:00+05:30,252.10000610351562,252.60000610351562,252.0500030517578,252.3000030517578,83573.0
2026-07-20 12:30:00+05:30,252.35000610351562,252.4499969482422,252.1999969482422,252.3000030517578,45867.0
2026-07-20 12:35:00+05:30,252.3000030517578,252.39999389648438,252.1999969482422,252.3000030517578,45497.0
2026-07-20 12:40:00+05:30,252.25,252.4499969482422,252.14999389648438,252.1999969482422,122209.0
2026-07-20 12:45:00+05:30,252.14999389648438,252.75,252.14999389648438,252.5,213286.0
2026-07-20 12:50:00+05:30,252.5,253.10000610351562,252.5,253.0,148433.0
2026-07-20 12:55:00+05:30,252.85000610351562,253.0,252.8000030517578,252.85000610351562,65984.0
2026-07-20 13:00:00+05:30,252.85000610351562,252.9499969482422,252.8000030517578,252.89999389648438,33424.0
2026-07-20 13:05:00+05:30,252.9499969482422,253.1999969482422,252.85000610351562,253.1999969482422,65710.0
2026-07-20 13:10:00+05:30,253.39999389648438,253.39999389648438,252.9499969482422,253.39999389648438,157266.0
2026-07-20 13:15:00+05:30,253.39999389648438,254.3000030517578,253.35000610351562,254.10000610351562,429016.0
2026-07-20 13:20:00+05:30,254.14999389648438,254.85000610351562,254.0,254.64999389648438,413423.0
2026-07-20 13:25:00+05:30,254.85000610351562,254.89999389648438,254.5,254.60000610351562,185680.0
2026-07-20 13:30:00+05:30,254.5500030517578,255.0,254.5,254.5,317933.0
2026-07-20 13:35:00+05:30,254.5500030517578,254.60000610351562,254.0500030517578,254.14999389648438,148083.0
2026-07-20 13:40:00+05:30,254.14999389648438,254.3000030517578,254.0,254.0500030517578,140031.0
2026-07-20 13:45:00+05:30,254.0500030517578,254.5,253.9499969482422,254.35000610351562,175192.0
2026-07-20 13:50:00+05:30,254.39999389648438,254.39999389648438,253.85000610351562,254.0500030517578,135730.0
2026-07-20 13:55:00+05:30,254.0500030517578,254.9499969482422,254.0500030517578,254.9499969482422,161506.0
2026-07-20 14:00:00+05:30,254.89999389648438,255.0,254.64999389648438,254.6999969482422,174883.0
2026-07-20 14:05:00+05:30,254.60000610351562,255.1999969482422,254.60000610351562,255.10000610351562,214733.0
2026-07-20 14:10:00+05:30,255.10000610351562,256.1000061035156,255.0,255.6999969482422,603743.0
2026-07-20 14:15:00+05:30,255.6999969482422,255.75,255.3000030517578,255.6999969482422,216566.0
2026-07-20 14:20:00+05:30,255.6999969482422,255.6999969482422,255.4499969482422,255.5,157900.0
2026-07-20 14:25:00+05:30,255.5,255.89999389648438,255.5,255.5500030517578,195713.0
2026-07-20 14:30:00+05:30,255.6999969482422,255.6999969482422,255.39999389648438,255.60000610351562,139077.0
2026-07-20 14:35:00+05:30,255.5500030517578,255.60000610351562,255.4499969482422,255.4499969482422,115961.0
2026-07-20 14:40:00+05:30,255.5,255.60000610351562,255.14999389648438,255.1999969482422,176623.0
2026-07-20 14:45:00+05:30,255.14999389648438,255.35000610351562,255.14999389648438,255.14999389648438,141985.0
2026-07-20 14:50:00+05:30,255.14999389648438,255.1999969482422,254.89999389648438,254.9499969482422,361451.0
2026-07-20 14:55:00+05:30,255.0500030517578,255.25,254.89999389648438,255.1999969482422,240994.0
2026-07-20 15:00:00+05:30,255.25,255.25,255.0,255.14999389648438,271245.0
2026-07-20 15:05:00+05:30,255.10000610351562,255.14999389648438,254.9499969482422,255.0500030517578,222773.0
2026-07-20 15:10:00+05:30,255.0,255.5,254.9499969482422,255.4499969482422,394482.0
2026-07-20 15:15:00+05:30,255.4499969482422,255.4499969482422,254.60000610351562,254.64999389648438,628825.0
2026-07-20 15:20:00+05:30,254.60000610351562,254.9499969482422,254.5500030517578,254.6999969482422,519677.0
2026-07-20 15:25:00+05:30,254.75,254.75,254.3000030517578,254.5,583413.0
2026-07-21 09:15:00+05:30,254.85000610351562,256.6000061035156,254.85000610351562,256.54998779296875,0.0
2026-07-21 09:20:00+05:30,256.54998779296875,257.0,255.89999389648438,256.29998779296875,354598.0
2026-07-21 09:25:00+05:30,256.3500061035156,256.3500061035156,255.1999969482422,255.4499969482422,203198.0
2026-07-21 09:30:00+05:30,255.35000610351562,255.35000610351562,254.3000030517578,254.3000030517578,250174.0
2026-07-21 09:35:00+05:30,254.3000030517578,254.3000030517578,253.0500030517578,253.10000610351562,275276.0
2026-07-21 09:40:00+05:30,253.1999969482422,253.5500030517578,252.8000030517578,252.9499969482422,182423.0
2026-07-21 09:45:00+05:30,252.9499969482422,252.9499969482422,251.75,251.89999389648438,211742.0
2026-07-21 09:50:00+05:30,251.89999389648438,251.9499969482422,250.35000610351562,250.60000610351562,399637.0
2026-07-21 09:55:00+05:30,250.5,251.25,250.25,250.35000610351562,779887.0
2026-07-21 10:00:00+05:30,250.35000610351562,250.5,250.10000610351562,250.35000610351562,230729.0
2026-07-21 10:05:00+05:30,250.1999969482422,251.1999969482422,250.1999969482422,251.14999389648438,210865.0
2026-07-21 10:10:00+05:30,251.0,251.14999389648438,250.5,250.60000610351562,212134.0
2026-07-21 10:15:00+05:30,250.60000610351562,250.9499969482422,250.5500030517578,250.75,102752.0
2026-07-21 10:20:00+05:30,250.75,251.0,250.5,250.64999389648438,179111.0
2026-07-21 10:25:00+05:30,250.5500030517578,251.14999389648438,250.39999389648438,250.60000610351562,236515.0
2026-07-21 10:30:00+05:30,250.6999969482422,250.9499969482422,250.5,250.8000030517578,161750.0
2026-07-21 10:35:00+05:30,250.8000030517578,250.8000030517578,250.10000610351562,250.14999389648438,173780.0
2026-07-21 10:40:00+05:30,250.3000030517578,250.64999389648438,250.14999389648438,250.5,63247.0
2026-07-21 10:45:00+05:30,250.5,250.5,250.0500030517578,250.10000610351562,120022.0
2026-07-21 10:50:00+05:30,250.10000610351562,250.10000610351562,249.4499969482422,249.5,266350.0
2026-07-21 10:55:00+05:30,249.5,249.85000610351562,249.4499969482422,249.6999969482422,59005.0
2026-07-21 11:00:00+05:30,249.6999969482422,249.9499969482422,249.25,249.89999389648438,238369.0
2026-07-21 11:05:00+05:30,249.89999389648438,250.35000610351562,249.89999389648438,250.35000610351562,78288.0
2026-07-21 11:10:00+05:30,250.3000030517578,250.4499969482422,249.5500030517578,249.5500030517578,276552.0
2026-07-21 11:15:00+05:30,249.5500030517578,249.60000610351562,249.3000030517578,249.39999389648438,114000.0
2026-07-21 11:20:00+05:30,249.4499969482422,249.60000610351562,249.25,249.5,114921.0
2026-07-21 11:25:00+05:30,249.5,249.6999969482422,249.3000030517578,249.5,114030.0
2026-07-21 11:30:00+05:30,249.5,249.75,249.4499969482422,249.6999969482422,68866.0
2026-07-21 11:35:00+05:30,249.6999969482422,249.8000030517578,249.39999389648438,249.64999389648438,150701.0
2026-07-21 11:40:00+05:30,249.6999969482422,249.8000030517578,249.5,249.60000610351562,52628.0
2026-07-21 11:45:00+05:30,249.5500030517578,249.64999389648438,249.39999389648438,249.5500030517578,175386.0
2026-07-21 11:50:00+05:30,249.5500030517578,249.64999389648438,249.5,249.64999389648438,28045.0
2026-07-21 11:55:00+05:30,249.64999389648438,249.6999969482422,249.1999969482422,249.35000610351562,240975.0
2026-07-21 12:00:00+05:30,249.3000030517578,249.4499969482422,248.8000030517578,249.0,214123.0
2026-07-21 12:05:00+05:30,249.0,249.0500030517578,248.8000030517578,248.89999389648438,110114.0
2026-07-21 12:10:00+05:30,248.89999389648438,249.10000610351562,248.8000030517578,248.89999389648438,106159.0
2026-07-21 12:15:00+05:30,248.89999389648438,248.9499969482422,248.64999389648438,248.85000610351562,108038.0
2026-07-21 12:20:00+05:30,248.85000610351562,249.1999969482422,248.8000030517578,249.0,98096.0
2026-07-21 12:25:00+05:30,249.0,249.0500030517578,248.3000030517578,248.85000610351562,238849.0
2026-07-21 12:30:00+05:30,248.85000610351562,249.25,248.75,249.0500030517578,155600.0
2026-07-21 12:35:00+05:30,249.0500030517578,249.10000610351562,248.85000610351562,248.9499969482422,64609.0
2026-07-21 12:40:00+05:30,249.0,249.0,248.39999389648438,248.4499969482422,115675.0
2026-07-21 12:45:00+05:30,248.4499969482422,248.5,248.1999969482422,248.25,93602.0
2026-07-21 12:50:00+05:30,248.25,248.25,247.8000030517578,248.0,260799.0
2026-07-21 12:55:00+05:30,247.9499969482422,248.0500030517578,247.75,247.75,121906.0
2026-07-21 13:00:00+05:30,247.6999969482422,248.3000030517578,247.64999389648438,248.1999969482422,144094.0
2026-07-21 13:05:00+05:30,248.1999969482422,248.25,248.0,248.25,88702.0
2026-07-21 13:10:00+05:30,248.25,248.60000610351562,248.25,248.5,53895.0
2026-07-21 13:15:00+05:30,248.5,248.5500030517578,248.3000030517578,248.35000610351562,47019.0
2026-07-21 13:20:00+05:30,248.39999389648438,248.5,248.0500030517578,248.3000030517578,92506.0
2026-07-21 13:25:00+05:30,248.3000030517578,248.4499969482422,248.25,248.35000610351562,35716.0
2026-07-21 13:30:00+05:30,248.35000610351562,248.75,248.35000610351562,248.6999969482422,67457.0
2026-07-21 13:35:00+05:30,248.64999389648438,248.85000610351562,248.5,248.8000030517578,63743.0
2026-07-21 13:40:00+05:30,248.8000030517578,248.9499969482422,248.6999969482422,248.8000030517578,71163.0
2026-07-21 13:45:00+05:30,248.8000030517578,248.85000610351562,248.8000030517578,248.8000030517578,37145.0
2026-07-21 13:50:00+05:30,248.8000030517578,248.85000610351562,248.6999969482422,248.75,34803.0
2026-07-21 13:55:00+05:30,248.8000030517578,248.85000610351562,248.6999969482422,248.6999969482422,62700.0
2026-07-21 14:00:00+05:30,248.6999969482422,249.10000610351562,248.6999969482422,249.0500030517578,79191.0
2026-07-21 14:05:00+05:30,249.0500030517578,249.10000610351562,248.6999969482422,248.6999969482422,82639.0
2026-07-21 14:10:00+05:30,248.75,248.75,248.39999389648438,248.5,108299.0
2026-07-21 14:15:00+05:30,248.5,248.5500030517578,248.25,248.39999389648438,398643.0
2026-07-21 14:20:00+05:30,248.4499969482422,248.5500030517578,248.35000610351562,248.4499969482422,48151.0
2026-07-21 14:25:00+05:30,248.4499969482422,248.5500030517578,248.3000030517578,248.5500030517578,81609.0
2026-07-21 14:30:00+05:30,248.5500030517578,248.6999969482422,248.5,248.64999389648438,45237.0
2026-07-21 14:35:00+05:30,248.64999389648438,248.75,248.5,248.5500030517578,98964.0
2026-07-21 14:40:00+05:30,248.5500030517578,248.64999389648438,248.1999969482422,248.35000610351562,92474.0
2026-07-21 14:45:00+05:30,248.4499969482422,248.4499969482422,248.10000610351562,248.39999389648438,109180.0
2026-07-21 14:50:00+05:30,248.35000610351562,248.4499969482422,248.1999969482422,248.3000030517578,108281.0
2026-07-21 14:55:00+05:30,248.39999389648438,248.5500030517578,248.3000030517578,248.39999389648438,157646.0
2026-07-21 15:00:00+05:30,248.35000610351562,248.5500030517578,247.89999389648438,248.0500030517578,444875.0
2026-07-21 15:05:00+05:30,248.0500030517578,248.0500030517578,247.75,247.75,341773.0
2026-07-21 15:10:00+05:30,247.8000030517578,247.8000030517578,247.39999389648438,247.5,519459.0
2026-07-21 15:15:00+05:30,247.4499969482422,247.5500030517578,247.3000030517578,247.35000610351562,520288.0
2026-07-21 15:20:00+05:30,247.35000610351562,247.6999969482422,247.35000610351562,247.5500030517578,474833.0
2026-07-21 15:25:00+05:30,247.5500030517578,248.14999389648438,247.5500030517578,248.14999389648438,472091.0
2026-07-22 09:15:00+05:30,247.5500030517578,247.6999969482422,246.10000610351562,246.14999389648438,0.0
2026-07-22 09:20:00+05:30,246.14999389648438,246.35000610351562,245.85000610351562,245.85000610351562,197386.0
2026-07-22 09:25:00+05:30,245.8000030517578,245.85000610351562,245.4499969482422,245.60000610351562,310069.0
2026-07-22 09:30:00+05:30,245.60000610351562,245.60000610351562,245.10000610351562,245.39999389648438,182093.0
2026-07-22 09:35:00+05:30,245.35000610351562,245.75,245.10000610351562,245.64999389648438,83769.0
2026-07-22 09:40:00+05:30,245.64999389648438,245.85000610351562,245.35000610351562,245.35000610351562,156725.0
2026-07-22 09:45:00+05:30,245.4499969482422,245.5,245.14999389648438,245.1999969482422,130577.0
2026-07-22 09:50:00+05:30,245.1999969482422,245.6999969482422,245.1999969482422,245.35000610351562,46715.0
2026-07-22 09:55:00+05:30,245.35000610351562,245.60000610351562,245.3000030517578,245.60000610351562,50240.0
2026-07-22 10:00:00+05:30,245.60000610351562,245.6999969482422,245.39999389648438,245.6999969482422,64772.0
2026-07-22 10:05:00+05:30,245.6999969482422,246.3000030517578,245.60000610351562,246.1999969482422,80862.0
2026-07-22 10:10:00+05:30,246.25,246.25,245.85000610351562,245.85000610351562,107353.0
2026-07-22 10:15:00+05:30,245.8000030517578,246.0,245.64999389648438,245.9499969482422,37303.0
2026-07-22 10:20:00+05:30,245.9499969482422,246.10000610351562,245.75,245.8000030517578,44700.0
2026-07-22 10:25:00+05:30,245.8000030517578,245.85000610351562,245.25,245.39999389648438,81735.0
2026-07-22 10:30:00+05:30,245.4499969482422,245.6999969482422,245.39999389648438,245.5500030517578,64029.0
2026-07-22 10:35:00+05:30,245.5500030517578,245.89999389648438,245.5,245.75,63668.0
2026-07-22 10:40:00+05:30,245.6999969482422,245.89999389648438,245.6999969482422,245.8000030517578,16390.0
2026-07-22 10:45:00+05:30,245.8000030517578,245.85000610351562,245.5500030517578,245.6999969482422,77609.0
2026-07-22 10:50:00+05:30,245.6999969482422,245.85000610351562,245.6999969482422,245.85000610351562,13282.0
2026-07-22 10:55:00+05:30,245.75,246.0,245.6999969482422,246.0,28221.0
2026-07-22 11:00:00+05:30,245.9499969482422,246.14999389648438,245.85000610351562,246.10000610351562,49093.0
2026-07-22 11:05:00+05:30,246.0500030517578,246.14999389648438,246.0,246.0500030517578,62065.0
2026-07-22 11:10:00+05:30,246.0500030517578,246.0500030517578,245.6999969482422,245.75,97224.0
2026-07-22 11:15:00+05:30,245.75,246.4499969482422,245.6999969482422,246.14999389648438,104293.0
2026-07-22 11:20:00+05:30,246.14999389648438,246.85000610351562,246.14999389648438,246.6999969482422,124912.0
2026-07-22 11:25:00+05:30,246.6999969482422,246.75,246.35000610351562,246.4499969482422,152590.0
2026-07-22 11:30:00+05:30,246.35000610351562,246.5,246.25,246.3000030517578,17813.0
2026-07-22 11:35:00+05:30,246.3000030517578,246.39999389648438,246.1999969482422,246.3000030517578,20438.0
2026-07-22 11:40:00+05:30,246.1999969482422,246.39999389648438,246.1999969482422,246.25,37081.0
2026-07-22 11:45:00+05:30,246.3000030517578,246.5500030517578,246.3000030517578,246.3000030517578,22865.0
2026-07-22 11:50:00+05:30,246.39999389648438,246.39999389648438,246.10000610351562,246.14999389648438,19747.0
2026-07-22 11:55:00+05:30,246.10000610351562,246.25,246.0,246.10000610351562,49978.0
2026-07-22 12:00:00+05:30,246.10000610351562,246.10000610351562,245.6999969482422,245.8000030517578,37785.0
2026-07-22 12:05:00+05:30,245.8000030517578,245.85000610351562,245.6999969482422,245.6999969482422,32208.0
2026-07-22 12:10:00+05:30,245.75,245.75,245.5,245.6999969482422,45396.0
2026-07-22 12:15:00+05:30,245.5500030517578,245.6999969482422,245.5,245.64999389648438,22040.0
2026-07-22 12:20:00+05:30,245.5500030517578,245.6999969482422,245.5,245.6999969482422,33629.0
2026-07-22 12:25:00+05:30,245.64999389648438,245.75,245.4499969482422,245.5500030517578,45954.0
2026-07-22 12:30:00+05:30,245.5,245.60000610351562,245.25,245.25,93295.0
2026-07-22 12:35:00+05:30,245.25,245.3000030517578,244.6999969482422,244.75,257206.0
2026-07-22 12:40:00+05:30,244.6999969482422,245.0,244.60000610351562,244.89999389648438,127039.0
2026-07-22 12:45:00+05:30,244.89999389648438,245.3000030517578,244.75,245.3000030517578,39958.0
2026-07-22 12:50:00+05:30,245.3000030517578,245.5500030517578,245.10000610351562,245.1999969482422,54435.0
2026-07-22 12:55:00+05:30,245.1999969482422,245.35000610351562,245.0500030517578,245.0500030517578,34604.0
2026-07-22 13:00:00+05:30,245.0500030517578,245.0500030517578,244.64999389648438,244.75,45966.0
2026-07-22 13:05:00+05:30,244.6999969482422,244.85000610351562,244.64999389648438,244.8000030517578,25134.0
2026-07-22 13:10:00+05:30,244.85000610351562,244.89999389648438,244.60000610351562,244.64999389648438,37769.0
2026-07-22 13:15:00+05:30,244.64999389648438,244.85000610351562,244.60000610351562,244.60000610351562,63880.0
2026-07-22 13:20:00+05:30,244.60000610351562,244.75,244.5500030517578,244.64999389648438,49464.0
2026-07-22 13:25:00+05:30,244.60000610351562,244.75,244.4499969482422,244.4499969482422,58244.0
2026-07-22 13:30:00+05:30,244.4499969482422,244.8000030517578,244.39999389648438,244.6999969482422,47446.0
2026-07-22 13:35:00+05:30,244.6999969482422,245.3000030517578,244.6999969482422,245.0500030517578,72877.0
2026-07-22 13:40:00+05:30,245.1999969482422,245.1999969482422,244.60000610351562,244.85000610351562,41150.0
2026-07-22 13:45:00+05:30,244.85000610351562,245.0,244.64999389648438,244.6999969482422,31019.0
2026-07-22 13:50:00+05:30,244.6999969482422,244.9499969482422,244.60000610351562,244.8000030517578,41979.0
2026-07-22 13:55:00+05:30,244.8000030517578,244.9499969482422,244.75,244.8000030517578,37079.0
2026-07-22 14:00:00+05:30,244.75,244.85000610351562,244.64999389648438,244.75,36132.0
2026-07-22 14:05:00+05:30,244.75,244.85000610351562,244.64999389648438,244.6999969482422,31917.0
2026-07-22 14:10:00+05:30,244.8000030517578,244.8000030517578,244.60000610351562,244.8000030517578,44949.0
2026-07-22 14:15:00+05:30,244.75,244.9499969482422,244.6999969482422,244.89999389648438,38418.0
2026-07-22 14:20:00+05:30,244.89999389648438,245.0,244.6999969482422,244.75,42908.0
2026-07-22 14:25:00+05:30,244.75,244.85000610351562,244.75,244.75,29281.0
2026-07-22 14:30:00+05:30,244.75,244.9499969482422,244.75,244.89999389648438,48861.0
2026-07-22 14:35:00+05:30,245.0,245.6999969482422,245.0,245.39999389648438,153721.0
2026-07-22 14:40:00+05:30,245.39999389648438,245.60000610351562,245.1999969482422,245.5500030517578,138918.0
2026-07-22 14:45:00+05:30,245.5500030517578,245.6999969482422,245.35000610351562,245.60000610351562,142987.0
2026-07-22 14:50:00+05:30,245.5500030517578,245.85000610351562,245.5500030517578,245.75,149916.0
2026-07-22 14:55:00+05:30,245.75,245.9499969482422,245.5500030517578,245.9499969482422,164491.0
2026-07-22 15:00:00+05:30,246.1999969482422,246.3000030517578,245.39999389648438,245.39999389648438,334773.0
2026-07-22 15:05:00+05:30,245.4499969482422,245.6999969482422,245.4499969482422,245.6999969482422,527744.0
2026-07-22 15:10:00+05:30,245.60000610351562,245.9499969482422,245.5500030517578,245.75,330612.0
2026-07-22 15:15:00+05:30,245.64999389648438,245.85000610351562,245.60000610351562,245.64999389648438,396890.0
2026-07-22 15:20:00+05:30,245.6999969482422,245.89999389648438,245.60000610351562,245.6999969482422,616074.0
2026-07-22 15:25:00+05:30,245.75,245.9499969482422,245.5500030517578,245.9499969482422,463022.0
2026-07-23 09:15:00+05:30,244.9499969482422,245.3000030517578,244.10000610351562,245.3000030517578,0.0
2026-07-23 09:20:00+05:30,245.25,246.0,245.25,245.9499969482422,111096.0
2026-07-23 09:25:00+05:30,245.8000030517578,245.85000610351562,245.35000610351562,245.75,88215.0
2026-07-23 09:30:00+05:30,245.75,245.75,245.0500030517578,245.14999389648438,31145.0
2026-07-23 09:35:00+05:30,245.14999389648438,245.4499969482422,244.8000030517578,245.39999389648438,66402.0
2026-07-23 09:40:00+05:30,245.25,245.25,244.89999389648438,244.89999389648438,27639.0
2026-07-23 09:45:00+05:30,244.85000610351562,245.10000610351562,244.6999969482422,244.6999969482422,33642.0
2026-07-23 09:50:00+05:30,244.8000030517578,244.89999389648438,244.5,244.8000030517578,26290.0
2026-07-23 09:55:00+05:30,244.89999389648438,245.25,244.75,245.25,36400.0
2026-07-23 10:00:00+05:30,245.14999389648438,245.89999389648438,245.14999389648438,245.8000030517578,43757.0
2026-07-23 10:05:00+05:30,245.8000030517578,245.89999389648438,245.3000030517578,245.6999969482422,74809.0
2026-07-23 10:10:00+05:30,245.64999389648438,245.8000030517578,245.5,245.60000610351562,23160.0
2026-07-23 10:15:00+05:30,245.5500030517578,245.6999969482422,245.39999389648438,245.60000610351562,14860.0
2026-07-23 10:20:00+05:30,245.5,245.64999389648438,245.25,245.3000030517578,16829.0
2026-07-23 10:25:00+05:30,245.3000030517578,245.5,245.10000610351562,245.3000030517578,36010.0
2026-07-23 10:30:00+05:30,245.3000030517578,245.3000030517578,244.3000030517578,244.3000030517578,148062.0
2026-07-23 10:35:00+05:30,244.35000610351562,244.8000030517578,244.35000610351562,244.6999969482422,63197.0
2026-07-23 10:40:00+05:30,244.8000030517578,244.85000610351562,244.6999969482422,244.6999969482422,13111.0
2026-07-23 10:45:00+05:30,244.60000610351562,244.85000610351562,244.5,244.85000610351562,20264.0
2026-07-23 10:50:00+05:30,244.85000610351562,244.89999389648438,244.60000610351562,244.64999389648438,24107.0
2026-07-23 10:55:00+05:30,244.6999969482422,244.89999389648438,244.60000610351562,244.8000030517578,21460.0
2026-07-23 11:00:00+05:30,244.8000030517578,244.9499969482422,244.64999389648438,244.64999389648438,23825.0
2026-07-23 11:05:00+05:30,244.64999389648438,244.75,244.39999389648438,244.64999389648438,65870.0
2026-07-23 11:10:00+05:30,244.60000610351562,244.75,244.3000030517578,244.39999389648438,48025.0
2026-07-23 11:15:00+05:30,244.39999389648438,244.60000610351562,244.14999389648438,244.1999969482422,63749.0
2026-07-23 11:20:00+05:30,244.0500030517578,244.14999389648438,243.6999969482422,243.6999969482422,143914.0
2026-07-23 11:25:00+05:30,243.75,243.89999389648438,243.5500030517578,243.5500030517578,72211.0
2026-07-23 11:30:00+05:30,243.60000610351562,243.75,243.5,243.60000610351562,72572.0
2026-07-23 11:35:00+05:30,243.6999969482422,243.6999969482422,243.39999389648438,243.5,63268.0
2026-07-23 11:40:00+05:30,243.39999389648438,243.5500030517578,243.1999969482422,243.3000030517578,44620.0
2026-07-23 11:45:00+05:30,243.3000030517578,243.4499969482422,243.1999969482422,243.35000610351562,30347.0
2026-07-23 11:50:00+05:30,243.3000030517578,243.60000610351562,243.3000030517578,243.5,40260.0
2026-07-23 11:55:00+05:30,243.5,243.6999969482422,243.35000610351562,243.64999389648438,38882.0
2026-07-23 12:00:00+05:30,243.75,243.89999389648438,243.5500030517578,243.8000030517578,53932.0
2026-07-23 12:05:00+05:30,243.8000030517578,243.89999389648438,243.64999389648438,243.89999389648438,16739.0
2026-07-23 12:10:00+05:30,243.89999389648438,243.9499969482422,243.64999389648438,243.6999969482422,22745.0
2026-07-23 12:15:00+05:30,243.64999389648438,243.8000030517578,243.4499969482422,243.5,29922.0
2026-07-23 12:20:00+05:30,243.5,243.5500030517578,243.35000610351562,243.4499969482422,10301.0
2026-07-23 12:25:00+05:30,243.4499969482422,243.5,243.25,243.39999389648438,13887.0
2026-07-23 12:30:00+05:30,243.39999389648438,243.39999389648438,243.0500030517578,243.14999389648438,74235.0
2026-07-23 12:35:00+05:30,243.14999389648438,243.3000030517578,242.64999389648438,242.85000610351562,330557.0
2026-07-23 12:40:00+05:30,242.8000030517578,242.8000030517578,242.39999389648438,242.4499969482422,60772.0
2026-07-23 12:45:00+05:30,242.5,242.75,242.5,242.5500030517578,84691.0
2026-07-23 12:50:00+05:30,242.5500030517578,243.0,242.4499969482422,243.0,107861.0
2026-07-23 12:55:00+05:30,243.0,243.25,242.85000610351562,243.0,18105.0
2026-07-23 13:00:00+05:30,243.0,243.39999389648438,242.8000030517578,243.10000610351562,78826.0
2026-07-23 13:05:00+05:30,243.14999389648438,243.14999389648438,242.6999969482422,242.8000030517578,121245.0
2026-07-23 13:10:00+05:30,242.64999389648438,242.9499969482422,242.64999389648438,242.8000030517578,9663.0
2026-07-23 13:15:00+05:30,242.6999969482422,242.85000610351562,242.60000610351562,242.85000610351562,18166.0
2026-07-23 13:20:00+05:30,242.85000610351562,243.10000610351562,242.8000030517578,242.9499969482422,69067.0
2026-07-23 13:25:00+05:30,242.9499969482422,243.14999389648438,242.89999389648438,243.0,5735.0
2026-07-23 13:30:00+05:30,243.0,243.0,242.6999969482422,242.85000610351562,53623.0
2026-07-23 13:35:00+05:30,242.9499969482422,243.14999389648438,242.85000610351562,243.10000610351562,16928.0
2026-07-23 13:40:00+05:30,243.10000610351562,243.14999389648438,242.85000610351562,243.0,30927.0
2026-07-23 13:45:00+05:30,243.0,243.10000610351562,242.6999969482422,242.89999389648438,89791.0
2026-07-23 13:50:00+05:30,242.89999389648438,242.89999389648438,242.6999969482422,242.8000030517578,33390.0
2026-07-23 13:55:00+05:30,242.8000030517578,242.89999389648438,242.64999389648438,242.75,24390.0
2026-07-23 14:00:00+05:30,242.75,242.85000610351562,242.60000610351562,242.60000610351562,29128.0
2026-07-23 14:05:00+05:30,242.64999389648438,242.6999969482422,242.5,242.5500030517578,74097.0
2026-07-23 14:10:00+05:30,242.60000610351562,242.64999389648438,242.5,242.60000610351562,36321.0
2026-07-23 14:15:00+05:30,242.8000030517578,242.85000610351562,242.5,242.60000610351562,54981.0
2026-07-23 14:20:00+05:30,242.60000610351562,242.9499969482422,242.5500030517578,242.89999389648438,42163.0
2026-07-23 14:25:00+05:30,242.89999389648438,243.10000610351562,242.75,242.89999389648438,47255.0
2026-07-23 14:30:00+05:30,242.85000610351562,243.35000610351562,242.64999389648438,243.35000610351562,58543.0
2026-07-23 14:35:00+05:30,243.35000610351562,243.60000610351562,243.35000610351562,243.39999389648438,109261.0
2026-07-23 14:40:00+05:30,243.39999389648438,243.39999389648438,242.85000610351562,243.1999969482422,59947.0
2026-07-23 14:45:00+05:30,243.0500030517578,243.0500030517578,242.4499969482422,242.64999389648438,202394.0
2026-07-23 14:50:00+05:30,242.5,243.0,242.5,242.85000610351562,49929.0
2026-07-23 14:55:00+05:30,242.75,243.0,242.64999389648438,243.0,41193.0
2026-07-23 15:00:00+05:30,242.8000030517578,243.25,242.75,242.9499969482422,540226.0
2026-07-23 15:05:00+05:30,242.85000610351562,243.10000610351562,242.6999969482422,242.9499969482422,264843.0
2026-07-23 15:10:00+05:30,243.0,243.0,242.8000030517578,242.9499969482422,116763.0
2026-07-23 15:15:00+05:30,242.89999389648438,243.14999389648438,242.8000030517578,242.89999389648438,186642.0
2026-07-23 15:20:00+05:30,242.9499969482422,243.5500030517578,242.8000030517578,243.35000610351562,463737.0
2026-07-23 15:25:00+05:30,243.35000610351562,243.60000610351562,243.0,243.0,428579.0
2026-07-24 09:15:00+05:30,241.9499969482422,242.25,240.89999389648438,241.85000610351562,0.0
2026-07-24 09:20:00+05:30,241.64999389648438,241.89999389648438,241.1999969482422,241.35000610351562,171268.0
2026-07-24 09:25:00+05:30,241.25,241.64999389648438,240.9499969482422,241.39999389648438,138339.0
2026-07-24 09:30:00+05:30,241.25,241.64999389648438,241.1999969482422,241.1999969482422,61265.0
2026-07-24 09:35:00+05:30,241.14999389648438,241.4499969482422,241.14999389648438,241.4499969482422,77842.0
2026-07-24 09:40:00+05:30,241.39999389648438,241.64999389648438,240.8000030517578,241.0,68930.0
2026-07-24 09:45:00+05:30,241.0500030517578,241.25,240.64999389648438,240.8000030517578,63358.0
2026-07-24 09:50:00+05:30,240.60000610351562,241.0500030517578,240.60000610351562,240.9499969482422,68281.0
2026-07-24 09:55:00+05:30,241.0500030517578,241.0500030517578,240.6999969482422,240.9499969482422,105362.0
2026-07-24 10:00:00+05:30,240.9499969482422,241.10000610351562,240.6999969482422,240.89999389648438,42000.0
2026-07-24 10:05:00+05:30,240.8000030517578,241.25,240.60000610351562,241.1999969482422,61711.0
2026-07-24 10:10:00+05:30,241.1999969482422,241.1999969482422,240.25,240.4499969482422,98156.0
2026-07-24 10:15:00+05:30,240.39999389648438,240.39999389648438,239.8000030517578,240.3000030517578,312637.0
2026-07-24 10:20:00+05:30,240.3000030517578,240.5500030517578,240.10000610351562,240.25,52850.0
2026-07-24 10:25:00+05:30,240.10000610351562,240.25,239.75,239.89999389648438,83281.0
2026-07-24 10:30:00+05:30,239.89999389648438,240.0500030517578,239.35000610351562,239.89999389648438,127207.0
2026-07-24 10:35:00+05:30,239.89999389648438,240.6999969482422,239.8000030517578,240.60000610351562,69717.0
2026-07-24 10:40:00+05:30,240.60000610351562,241.25,240.60000610351562,241.10000610351562,77024.0
2026-07-24 10:45:00+05:30,241.10000610351562,241.6999969482422,241.10000610351562,241.6999969482422,107220.0
2026-07-24 10:50:00+05:30,241.5500030517578,241.64999389648438,241.1999969482422,241.4499969482422,101081.0
2026-07-24 10:55:00+05:30,241.4499969482422,241.4499969482422,241.1999969482422,241.3000030517578,25965.0
2026-07-24 11:00:00+05:30,241.3000030517578,241.4499969482422,241.0,241.10000610351562,31129.0
2026-07-24 11:05:00+05:30,240.89999389648438,241.14999389648438,240.6999969482422,241.10000610351562,55910.0
2026-07-24 11:10:00+05:30,241.14999389648438,241.35000610351562,241.0500030517578,241.25,36758.0
2026-07-24 11:15:00+05:30,241.25,242.0,241.25,241.9499969482422,52451.0
2026-07-24 11:20:00+05:30,241.9499969482422,242.1999969482422,241.6999969482422,242.10000610351562,81450.0
2026-07-24 11:25:00+05:30,242.10000610351562,242.25,241.89999389648438,242.0,48228.0
2026-07-24 11:30:00+05:30,242.0,242.1999969482422,241.89999389648438,242.14999389648438,47426.0
2026-07-24 11:35:00+05:30,242.1999969482422,242.39999389648438,242.10000610351562,242.39999389648438,27212.0
2026-07-24 11:40:00+05:30,242.39999389648438,242.60000610351562,242.10000610351562,242.5,24346.0
2026-07-24 11:45:00+05:30,242.4499969482422,242.89999389648438,242.39999389648438,242.8000030517578,66334.0
2026-07-24 11:50:00+05:30,242.8000030517578,242.9499969482422,242.6999969482422,242.89999389648438,45213.0
2026-07-24 11:55:00+05:30,242.89999389648438,242.89999389648438,242.60000610351562,242.6999969482422,28754.0
2026-07-24 12:00:00+05:30,242.75,244.5,242.64999389648438,244.39999389648438,245542.0
2026-07-24 12:05:00+05:30,244.5,244.85000610351562,244.0,244.3000030517578,120892.0
2026-07-24 12:10:00+05:30,244.3000030517578,244.35000610351562,243.9499969482422,244.1999969482422,57290.0
2026-07-24 12:15:00+05:30,244.10000610351562,244.60000610351562,244.10000610351562,244.60000610351562,61011.0
2026-07-24 12:20:00+05:30,244.5,244.8000030517578,244.39999389648438,244.60000610351562,66925.0
2026-07-24 12:25:00+05:30,244.64999389648438,246.14999389648438,244.5,246.0,213339.0
2026-07-24 12:30:00+05:30,246.0,246.10000610351562,244.85000610351562,245.1999969482422,268959.0
2026-07-24 12:35:00+05:30,245.14999389648438,245.60000610351562,245.0,245.1999969482422,94340.0
2026-07-24 12:40:00+05:30,245.25,245.60000610351562,245.14999389648438,245.5500030517578,41978.0
2026-07-24 12:45:00+05:30,245.6999969482422,245.8000030517578,245.0500030517578,245.4499969482422,104075.0
2026-07-24 12:50:00+05:30,245.3000030517578,245.60000610351562,245.0,245.5,140505.0
2026-07-24 12:55:00+05:30,245.4499969482422,245.9499969482422,245.4499969482422,245.5,63316.0
2026-07-24 13:00:00+05:30,245.60000610351562,245.75,245.35000610351562,245.35000610351562,48126.0
2026-07-24 13:05:00+05:30,245.3000030517578,245.4499969482422,245.10000610351562,245.10000610351562,60949.0
2026-07-24 13:10:00+05:30,245.25,245.5500030517578,245.0500030517578,245.4499969482422,68718.0
2026-07-24 13:15:00+05:30,245.64999389648438,245.64999389648438,245.35000610351562,245.60000610351562,27622.0
2026-07-24 13:20:00+05:30,245.64999389648438,245.6999969482422,245.4499969482422,245.4499969482422,45063.0
2026-07-24 13:25:00+05:30,245.60000610351562,245.89999389648438,245.60000610351562,245.85000610351562,49750.0
2026-07-24 13:30:00+05:30,245.85000610351562,245.85000610351562,245.3000030517578,245.35000610351562,187092.0
2026-07-24 13:35:00+05:30,245.39999389648438,245.6999969482422,245.10000610351562,245.60000610351562,51546.0
2026-07-24 13:40:00+05:30,245.60000610351562,245.75,245.14999389648438,245.75,110941.0
2026-07-24 13:45:00+05:30,245.75,245.85000610351562,245.60000610351562,245.8000030517578,63631.0
2026-07-24 13:50:00+05:30,245.8000030517578,246.1999969482422,245.6999969482422,246.1999969482422,58028.0
2026-07-24 13:55:00+05:30,246.1999969482422,246.1999969482422,245.89999389648438,246.10000610351562,101480.0
2026-07-24 14:00:00+05:30,246.14999389648438,246.75,245.85000610351562,246.6999969482422,151296.0
2026-07-24 14:05:00+05:30,246.6999969482422,246.75,246.25,246.39999389648438,152568.0
2026-07-24 14:10:00+05:30,246.35000610351562,246.5,246.10000610351562,246.1999969482422,73473.0
2026-07-24 14:15:00+05:30,246.14999389648438,246.25,245.64999389648438,246.10000610351562,108174.0
2026-07-24 14:20:00+05:30,246.10000610351562,246.25,245.85000610351562,246.0500030517578,115827.0
2026-07-24 14:25:00+05:30,246.0,246.10000610351562,245.64999389648438,245.9499969482422,162375.0
2026-07-24 14:30:00+05:30,245.9499969482422,246.35000610351562,245.8000030517578,246.14999389648438,93994.0
2026-07-24 14:35:00+05:30,246.14999389648438,246.6999969482422,246.0500030517578,246.4499969482422,175756.0
2026-07-24 14:40:00+05:30,246.3000030517578,246.5,246.0500030517578,246.39999389648438,213577.0
2026-07-24 14:45:00+05:30,246.39999389648438,246.5,246.1999969482422,246.39999389648438,57817.0
2026-07-24 14:50:00+05:30,246.25,246.64999389648438,246.25,246.60000610351562,84425.0
2026-07-24 14:55:00+05:30,246.64999389648438,246.64999389648438,246.35000610351562,246.5,57762.0
2026-07-24 15:00:00+05:30,246.6999969482422,247.0,246.4499969482422,246.6999969482422,271551.0
2026-07-24 15:05:00+05:30,246.6999969482422,246.85000610351562,246.5500030517578,246.6999969482422,166877.0
2026-07-24 15:10:00+05:30,246.6999969482422,246.9499969482422,246.5,246.89999389648438,197785.0
2026-07-24 15:15:00+05:30,246.89999389648438,247.10000610351562,246.3000030517578,246.39999389648438,239264.0
2026-07-24 15:20:00+05:30,246.35000610351562,246.75,246.25,246.25,217206.0
2026-07-24 15:25:00+05:30,246.3000030517578,246.4499969482422,245.5,246.4499969482422,573129.0
2026-07-27 09:15:00+05:30,242.14999389648438,247.6999969482422,242.14999389648438,246.6999969482422,0.0
2026-07-27 09:20:00+05:30,247.0,247.0,243.9499969482422,244.39999389648438,821066.0
2026-07-27 09:25:00+05:30,244.39999389648438,246.60000610351562,244.14999389648438,246.60000610351562,657084.0
2026-07-27 09:30:00+05:30,246.5500030517578,247.39999389648438,246.5500030517578,247.39999389648438,779107.0
2026-07-27 09:35:00+05:30,247.4499969482422,247.4499969482422,246.0500030517578,246.10000610351562,155548.0
2026-07-27 09:40:00+05:30,246.0500030517578,246.8000030517578,246.0500030517578,246.3000030517578,208789.0
2026-07-27 09:45:00+05:30,246.3000030517578,246.75,246.0,246.35000610351562,240468.0
2026-07-27 09:50:00+05:30,246.25,246.3000030517578,245.85000610351562,245.9499969482422,101495.0
2026-07-27 09:55:00+05:30,245.9499969482422,246.0,245.64999389648438,245.85000610351562,234621.0
2026-07-27 10:00:00+05:30,245.89999389648438,245.89999389648438,245.4499969482422,245.64999389648438,85935.0
2026-07-27 10:05:00+05:30,245.64999389648438,246.4499969482422,245.64999389648438,246.10000610351562,211114.0
2026-07-27 10:10:00+05:30,246.14999389648438,246.6999969482422,245.85000610351562,246.60000610351562,58930.0
2026-07-27 10:15:00+05:30,246.5500030517578,246.6999969482422,246.10000610351562,246.35000610351562,62221.0
2026-07-27 10:20:00+05:30,246.4499969482422,246.4499969482422,246.0,246.1999969482422,379110.0
2026-07-27 10:25:00+05:30,246.1999969482422,246.6999969482422,245.9499969482422,246.4499969482422,173240.0
2026-07-27 10:30:00+05:30,246.39999389648438,246.5,246.14999389648438,246.25,54933.0
2026-07-27 10:35:00+05:30,246.1999969482422,246.1999969482422,245.64999389648438,245.8000030517578,127488.0
2026-07-27 10:40:00+05:30,245.75,246.10000610351562,245.3000030517578,245.89999389648438,135114.0
2026-07-27 10:45:00+05:30,245.89999389648438,246.3000030517578,245.75,246.0500030517578,64098.0
2026-07-27 10:50:00+05:30,246.10000610351562,246.39999389648438,245.89999389648438,246.25,60325.0
2026-07-27 10:55:00+05:30,246.35000610351562,246.4499969482422,245.75,245.75,110964.0
2026-07-27 11:00:00+05:30,245.85000610351562,245.89999389648438,245.64999389648438,245.85000610351562,73643.0
2026-07-27 11:05:00+05:30,245.8000030517578,245.89999389648438,245.3000030517578,245.4499969482422,63667.0
2026-07-27 11:10:00+05:30,245.5,245.6999969482422,245.25,245.5500030517578,105427.0
2026-07-27 11:15:00+05:30,245.39999389648438,245.5500030517578,245.0500030517578,245.3000030517578,189568.0
2026-07-27 11:20:00+05:30,245.35000610351562,245.39999389648438,245.10000610351562,245.1999969482422,47145.0
2026-07-27 11:25:00+05:30,245.35000610351562,245.64999389648438,245.3000030517578,245.35000610351562,114440.0
2026-07-27 11:30:00+05:30,245.3000030517578,245.5,245.1999969482422,245.5,60678.0
2026-07-27 11:35:00+05:30,245.39999389648438,245.4499969482422,244.89999389648438,244.89999389648438,81923.0
2026-07-27 11:40:00+05:30,245.0,245.25,245.0,245.0,72248.0
2026-07-27 11:45:00+05:30,245.0,245.0,244.5,244.5,251226.0
2026-07-27 11:50:00+05:30,244.5,244.5,243.9499969482422,244.14999389648438,514397.0
2026-07-27 11:55:00+05:30,244.3000030517578,244.3000030517578,244.10000610351562,244.14999389648438,87759.0
2026-07-27 12:00:00+05:30,244.10000610351562,244.35000610351562,244.0,244.10000610351562,98398.0
2026-07-27 12:05:00+05:30,244.0500030517578,244.14999389648438,243.75,243.85000610351562,67908.0
2026-07-27 12:10:00+05:30,243.75,246.10000610351562,243.75,244.8000030517578,354797.0
2026-07-27 12:15:00+05:30,244.8000030517578,245.10000610351562,244.35000610351562,244.64999389648438,200542.0
2026-07-27 12:20:00+05:30,244.75,244.85000610351562,244.10000610351562,244.10000610351562,108057.0
2026-07-27 12:25:00+05:30,244.1999969482422,244.60000610351562,243.9499969482422,244.3000030517578,107348.0
2026-07-27 12:30:00+05:30,244.25,244.5500030517578,243.89999389648438,244.39999389648438,138260.0
2026-07-27 12:35:00+05:30,244.39999389648438,244.39999389648438,243.85000610351562,244.0,169678.0
2026-07-27 12:40:00+05:30,244.0,244.0,243.4499969482422,243.60000610351562,265156.0
2026-07-27 12:45:00+05:30,243.60000610351562,244.10000610351562,243.5,243.75,240587.0
2026-07-27 12:50:00+05:30,243.75,243.8000030517578,243.25,243.25,160131.0
2026-07-27 12:55:00+05:30,243.4499969482422,243.4499969482422,243.1999969482422,243.3000030517578,64152.0
2026-07-27 13:00:00+05:30,243.3000030517578,243.5,243.0500030517578,243.0500030517578,137547.0
2026-07-27 13:05:00+05:30,242.89999389648438,243.4499969482422,242.89999389648438,243.25,207669.0
2026-07-27 13:10:00+05:30,243.35000610351562,243.60000610351562,243.35000610351562,243.60000610351562,94138.0
2026-07-27 13:15:00+05:30,243.60000610351562,243.64999389648438,243.10000610351562,243.25,110156.0
2026-07-27 13:20:00+05:30,243.1999969482422,243.64999389648438,243.10000610351562,243.5,152752.0
2026-07-27 13:25:00+05:30,243.5500030517578,243.85000610351562,243.25,243.39999389648438,215239.0
2026-07-27 13:30:00+05:30,243.3000030517578,243.64999389648438,243.25,243.64999389648438,80293.0
2026-07-27 13:35:00+05:30,243.64999389648438,243.64999389648438,243.25,243.35000610351562,66571.0
2026-07-27 13:40:00+05:30,243.25,243.5500030517578,243.10000610351562,243.35000610351562,229132.0
2026-07-27 13:45:00+05:30,243.4499969482422,243.4499969482422,243.14999389648438,243.1999969482422,63294.0
2026-07-27 13:50:00+05:30,243.1999969482422,243.3000030517578,243.0500030517578,243.3000030517578,54107.0
2026-07-27 13:55:00+05:30,243.25,243.60000610351562,243.0500030517578,243.60000610351562,80655.0
2026-07-27 14:00:00+05:30,243.60000610351562,243.8000030517578,243.39999389648438,243.60000610351562,89112.0
2026-07-27 14:05:00+05:30,243.64999389648438,244.0500030517578,243.39999389648438,243.9499969482422,160964.0
2026-07-27 14:10:00+05:30,243.89999389648438,244.35000610351562,243.85000610351562,244.25,101272.0
2026-07-27 14:15:00+05:30,244.25,244.5500030517578,244.1999969482422,244.39999389648438,111938.0
2026-07-27 14:20:00+05:30,244.5500030517578,245.0,244.35000610351562,245.0,125013.0
2026-07-27 14:25:00+05:30,245.10000610351562,245.3000030517578,244.60000610351562,245.0,146946.0
2026-07-27 14:30:00+05:30,244.9499969482422,245.0,244.4499969482422,244.60000610351562,95214.0
2026-07-27 14:35:00+05:30,244.64999389648438,244.64999389648438,244.10000610351562,244.35000610351562,161375.0
2026-07-27 14:40:00+05:30,244.3000030517578,244.60000610351562,243.60000610351562,243.9499969482422,135118.0
2026-07-27 14:45:00+05:30,243.9499969482422,244.1999969482422,243.75,243.8000030517578,69739.0
2026-07-27 14:50:00+05:30,243.89999389648438,244.25,243.8000030517578,244.0,90350.0
2026-07-27 14:55:00+05:30,244.0,244.0,243.60000610351562,243.6999969482422,136989.0
2026-07-27 15:00:00+05:30,243.8000030517578,244.0,243.75,244.0,92941.0
2026-07-27 15:05:00+05:30,243.89999389648438,244.0,243.75,243.85000610351562,143239.0
2026-07-27 15:10:00+05:30,243.85000610351562,244.25,243.85000610351562,244.0,216833.0
2026-07-27 15:15:00+05:30,243.89999389648438,244.10000610351562,243.85000610351562,244.0500030517578,248741.0
2026-07-27 15:20:00+05:30,244.0500030517578,244.39999389648438,243.89999389648438,243.89999389648438,289416.0
2026-07-27 15:25:00+05:30,243.9499969482422,244.39999389648438,243.85000610351562,244.0,273867.0
2026-07-28 09:15:00+05:30,243.0,244.25,241.75,242.6999969482422,0.0
2026-07-28 09:20:00+05:30,242.75,243.1999969482422,241.39999389648438,241.39999389648438,525749.0
2026-07-28 09:25:00+05:30,241.5,241.5,240.5,240.60000610351562,320056.0
2026-07-28 09:30:00+05:30,240.75,240.75,240.1999969482422,240.6999969482422,313119.0
2026-07-28 09:35:00+05:30,240.64999389648438,240.8000030517578,240.4499969482422,240.5,109812.0
2026-07-28 09:40:00+05:30,240.4499969482422,240.85000610351562,240.1999969482422,240.60000610351562,127602.0
2026-07-28 09:45:00+05:30,240.60000610351562,240.60000610351562,240.25,240.3000030517578,68097.0
2026-07-28 09:50:00+05:30,240.3000030517578,240.3000030517578,240.14999389648438,240.1999969482422,108934.0
2026-07-28 09:55:00+05:30,240.14999389648438,240.35000610351562,240.0500030517578,240.10000610351562,82448.0
2026-07-28 10:00:00+05:30,240.10000610351562,240.64999389648438,240.0500030517578,240.1999969482422,163033.0
2026-07-28 10:05:00+05:30,240.1999969482422,241.0500030517578,240.14999389648438,240.9499969482422,129944.0
2026-07-28 10:10:00+05:30,240.89999389648438,241.10000610351562,240.60000610351562,240.60000610351562,167523.0
2026-07-28 10:15:00+05:30,240.5500030517578,240.85000610351562,240.5,240.5500030517578,44228.0
2026-07-28 10:20:00+05:30,240.5,240.75,240.35000610351562,240.60000610351562,90352.0
2026-07-28 10:25:00+05:30,240.5500030517578,240.60000610351562,240.39999389648438,240.5,54327.0
2026-07-28 10:30:00+05:30,240.5,240.85000610351562,240.5,240.85000610351562,46014.0
2026-07-28 10:35:00+05:30,240.6999969482422,240.9499969482422,240.5500030517578,240.89999389648438,62641.0
2026-07-28 10:40:00+05:30,240.9499969482422,241.25,240.8000030517578,241.25,81730.0
2026-07-28 10:45:00+05:30,241.25,241.5500030517578,241.10000610351562,241.4499969482422,68183.0
2026-07-28 10:50:00+05:30,241.39999389648438,241.5500030517578,241.10000610351562,241.14999389648438,63557.0
2026-07-28 10:55:00+05:30,241.1999969482422,241.3000030517578,241.0,241.0,53213.0
2026-07-28 11:00:00+05:30,241.0500030517578,241.25,240.89999389648438,241.25,43832.0
2026-07-28 11:05:00+05:30,241.1999969482422,241.39999389648438,240.89999389648438,241.35000610351562,83060.0
2026-07-28 11:10:00+05:30,241.1999969482422,241.3000030517578,240.85000610351562,241.0,36843.0
2026-07-28 11:15:00+05:30,241.0500030517578,241.25,241.0,241.14999389648438,16281.0
2026-07-28 11:20:00+05:30,241.14999389648438,241.14999389648438,241.0,241.10000610351562,11635.0
2026-07-28 11:25:00+05:30,241.14999389648438,241.14999389648438,240.9499969482422,241.0,17570.0
2026-07-28 11:30:00+05:30,241.0,241.0,240.6999969482422,240.85000610351562,52274.0
2026-07-28 11:35:00+05:30,240.85000610351562,240.9499969482422,240.8000030517578,240.9499969482422,45910.0
2026-07-28 11:40:00+05:30,240.89999389648438,241.25,240.8000030517578,241.0500030517578,37238.0
2026-07-28 11:45:00+05:30,241.14999389648438,241.1999969482422,240.6999969482422,240.6999969482422,25527.0
2026-07-28 11:50:00+05:30,240.8000030517578,240.8000030517578,240.35000610351562,240.5,40584.0
2026-07-28 11:55:00+05:30,240.4499969482422,240.5,240.25,240.4499969482422,50552.0
2026-07-28 12:00:00+05:30,240.5500030517578,240.64999389648438,240.39999389648438,240.64999389648438,26674.0
2026-07-28 12:05:00+05:30,240.60000610351562,240.75,240.5,240.64999389648438,20669.0
2026-07-28 12:10:00+05:30,240.60000610351562,240.64999389648438,240.5,240.60000610351562,16863.0
2026-07-28 12:15:00+05:30,240.5500030517578,240.60000610351562,240.3000030517578,240.35000610351562,23473.0
2026-07-28 12:20:00+05:30,240.3000030517578,240.5,240.25,240.5,53909.0
2026-07-28 12:25:00+05:30,240.5,240.8000030517578,240.5,240.8000030517578,23325.0
2026-07-28 12:30:00+05:30,240.6999969482422,240.8000030517578,240.4499969482422,240.5,17785.0
2026-07-28 12:35:00+05:30,240.5,240.60000610351562,240.35000610351562,240.4499969482422,45636.0
2026-07-28 12:40:00+05:30,240.4499969482422,240.5,240.3000030517578,240.5,21044.0
2026-07-28 12:45:00+05:30,240.4499969482422,240.5,240.25,240.3000030517578,21218.0
2026-07-28 12:50:00+05:30,240.25,240.39999389648438,240.0500030517578,240.14999389648438,105689.0
2026-07-28 12:55:00+05:30,240.10000610351562,240.3000030517578,240.0500030517578,240.0500030517578,52744.0
2026-07-28 13:00:00+05:30,240.14999389648438,240.25,240.0500030517578,240.14999389648438,47238.0
2026-07-28 13:05:00+05:30,240.10000610351562,240.25,240.0500030517578,240.25,51714.0
2026-07-28 13:10:00+05:30,240.3000030517578,240.4499969482422,240.0,240.0500030517578,268665.0
2026-07-28 13:15:00+05:30,239.9499969482422,240.0,239.6999969482422,240.0,79637.0
2026-07-28 13:20:00+05:30,240.0,240.1999969482422,239.89999389648438,240.10000610351562,80538.0
2026-07-28 13:25:00+05:30,240.14999389648438,240.35000610351562,240.0500030517578,240.3000030517578,48603.0
2026-07-28 13:30:00+05:30,240.3000030517578,240.3000030517578,240.14999389648438,240.1999969482422,14037.0
2026-07-28 13:35:00+05:30,240.14999389648438,240.14999389648438,239.8000030517578,239.9499969482422,122347.0
2026-07-28 13:40:00+05:30,239.85000610351562,239.89999389648438,239.6999969482422,239.75,44525.0
2026-07-28 13:45:00+05:30,239.85000610351562,239.9499969482422,239.5,239.5500030517578,68466.0
2026-07-28 13:50:00+05:30,239.5,239.8000030517578,239.5,239.5,69706.0
2026-07-28 13:55:00+05:30,239.5,239.75,239.39999389648438,239.4499969482422,64184.0
2026-07-28 14:00:00+05:30,239.5,239.64999389648438,239.39999389648438,239.60000610351562,42179.0
2026-07-28 14:05:00+05:30,239.60000610351562,239.64999389648438,239.35000610351562,239.5500030517578,30604.0
2026-07-28 14:10:00+05:30,239.5500030517578,239.6999969482422,239.39999389648438,239.60000610351562,72371.0
2026-07-28 14:15:00+05:30,239.60000610351562,239.89999389648438,239.4499969482422,239.5,87055.0
2026-07-28 14:20:00+05:30,239.5,239.60000610351562,239.1999969482422,239.1999969482422,63690.0
2026-07-28 14:25:00+05:30,239.25,239.5,239.10000610351562,239.4499969482422,107615.0
2026-07-28 14:30:00+05:30,239.39999389648438,239.39999389648438,239.0500030517578,239.1999969482422,214073.0
2026-07-28 14:35:00+05:30,239.14999389648438,239.60000610351562,239.10000610351562,239.5500030517578,36945.0
2026-07-28 14:40:00+05:30,239.4499969482422,239.6999969482422,239.4499969482422,239.64999389648438,83981.0
2026-07-28 14:45:00+05:30,239.64999389648438,239.75,239.60000610351562,239.64999389648438,82540.0
2026-07-28 14:50:00+05:30,239.64999389648438,239.75,239.60000610351562,239.75,67293.0
2026-07-28 14:55:00+05:30,239.6999969482422,239.85000610351562,239.60000610351562,239.85000610351562,79496.0
2026-07-28 15:00:00+05:30,239.85000610351562,239.85000610351562,239.39999389648438,239.5,268820.0
2026-07-28 15:05:00+05:30,239.39999389648438,239.5500030517578,239.3000030517578,239.5500030517578,324672.0
2026-07-28 15:10:00+05:30,239.5500030517578,239.60000610351562,239.10000610351562,239.1999969482422,305193.0
2026-07-28 15:15:00+05:30,239.1999969482422,239.4499969482422,238.5500030517578,239.3000030517578,697325.0
2026-07-28 15:20:00+05:30,239.25,239.25,238.85000610351562,238.9499969482422,314682.0
2026-07-28 15:25:00+05:30,238.9499969482422,239.4499969482422,238.8000030517578,239.1999969482422,293456.0
2026-07-29 09:15:00+05:30,240.1999969482422,241.60000610351562,239.5500030517578,241.0,0.0
2026-07-29 09:20:00+05:30,240.9499969482422,241.25,240.60000610351562,240.64999389648438,111604.0
2026-07-29 09:25:00+05:30,240.6999969482422,241.0,240.64999389648438,240.89999389648438,61467.0
2026-07-29 09:30:00+05:30,240.9499969482422,241.0,240.5,240.75,562270.0
2026-07-29 09:35:00+05:30,240.60000610351562,240.9499969482422,240.5500030517578,240.8000030517578,99861.0
2026-07-29 09:40:00+05:30,240.9499969482422,242.14999389648438,240.75,242.14999389648438,243345.0
2026-07-29 09:45:00+05:30,242.1999969482422,242.5,242.10000610351562,242.1999969482422,138683.0
2026-07-29 09:50:00+05:30,242.1999969482422,242.5500030517578,242.0,242.35000610351562,146823.0
2026-07-29 09:55:00+05:30,242.5,242.8000030517578,242.39999389648438,242.64999389648438,82370.0
2026-07-29 10:00:00+05:30,242.6999969482422,243.14999389648438,242.5,243.10000610351562,151610.0
2026-07-29 10:05:00+05:30,243.0500030517578,243.3000030517578,243.0,243.25,91769.0
2026-07-29 10:10:00+05:30,243.35000610351562,243.35000610351562,242.85000610351562,242.85000610351562,144408.0
2026-07-29 10:15:00+05:30,242.9499969482422,243.0,242.60000610351562,242.6999969482422,52792.0
2026-07-29 10:20:00+05:30,242.60000610351562,242.75,242.60000610351562,242.6999969482422,37239.0
2026-07-29 10:25:00+05:30,242.6999969482422,243.14999389648438,242.6999969482422,242.75,107588.0
2026-07-29 10:30:00+05:30,242.64999389648438,243.10000610351562,242.5500030517578,243.10000610351562,47124.0
2026-07-29 10:35:00+05:30,243.14999389648438,243.14999389648438,242.8000030517578,242.8000030517578,77168.0
2026-07-29 10:40:00+05:30,242.85000610351562,243.10000610351562,242.8000030517578,242.9499969482422,26652.0
2026-07-29 10:45:00+05:30,242.89999389648438,243.0,242.5,242.60000610351562,61951.0
2026-07-29 10:50:00+05:30,242.5500030517578,242.8000030517578,242.10000610351562,242.4499969482422,47677.0
2026-07-29 10:55:00+05:30,242.4499969482422,242.64999389648438,242.35000610351562,242.5,19662.0
2026-07-29 11:00:00+05:30,242.64999389648438,242.89999389648438,242.4499969482422,242.75,28417.0
2026-07-29 11:05:00+05:30,242.85000610351562,242.9499969482422,242.5,242.89999389648438,76863.0
2026-07-29 11:10:00+05:30,242.9499969482422,243.0,242.6999969482422,242.8000030517578,22499.0
2026-07-29 11:15:00+05:30,242.89999389648438,242.89999389648438,242.6999969482422,242.75,30134.0
2026-07-29 11:20:00+05:30,242.85000610351562,242.89999389648438,242.60000610351562,242.8000030517578,22033.0
2026-07-29 11:25:00+05:30,242.89999389648438,243.1999969482422,242.8000030517578,243.0,95993.0
2026-07-29 11:30:00+05:30,243.0,243.35000610351562,243.0,243.25,64699.0
2026-07-29 11:35:00+05:30,243.3000030517578,243.8000030517578,243.25,243.60000610351562,217111.0
2026-07-29 11:40:00+05:30,243.6999969482422,243.8000030517578,243.5500030517578,243.6999969482422,49643.0
2026-07-29 11:45:00+05:30,243.8000030517578,244.0,243.6999969482422,243.85000610351562,54935.0
2026-07-29 11:50:00+05:30,243.85000610351562,243.85000610351562,243.60000610351562,243.75,31851.0
2026-07-29 11:55:00+05:30,243.75,244.0,243.6999969482422,243.85000610351562,73054.0
2026-07-29 12:00:00+05:30,243.8000030517578,244.1999969482422,243.75,244.14999389648438,72885.0
2026-07-29 12:05:00+05:30,244.0,244.1999969482422,244.0,244.1999969482422,37013.0
2026-07-29 12:10:00+05:30,244.14999389648438,244.39999389648438,244.0,244.0500030517578,59949.0
2026-07-29 12:15:00+05:30,244.1999969482422,244.1999969482422,243.6999969482422,243.8000030517578,36659.0
2026-07-29 12:20:00+05:30,243.8000030517578,243.85000610351562,243.64999389648438,243.85000610351562,24901.0
2026-07-29 12:25:00+05:30,243.85000610351562,243.85000610351562,243.5500030517578,243.5500030517578,27479.0
2026-07-29 12:30:00+05:30,243.60000610351562,243.60000610351562,243.39999389648438,243.39999389648438,33277.0
2026-07-29 12:35:00+05:30,243.5,243.8000030517578,243.39999389648438,243.64999389648438,119325.0
2026-07-29 12:40:00+05:30,243.6999969482422,243.75,243.5500030517578,243.60000610351562,20393.0
2026-07-29 12:45:00+05:30,243.60000610351562,243.85000610351562,243.5500030517578,243.64999389648438,29409.0
2026-07-29 12:50:00+05:30,243.64999389648438,244.14999389648438,243.4499969482422,244.14999389648438,74313.0
2026-07-29 12:55:00+05:30,244.1999969482422,244.1999969482422,243.9499969482422,243.9499969482422,22475.0
2026-07-29 13:00:00+05:30,244.0,244.1999969482422,243.9499969482422,244.14999389648438,36016.0
2026-07-29 13:05:00+05:30,244.1999969482422,244.3000030517578,244.14999389648438,244.25,20517.0
2026-07-29 13:10:00+05:30,244.3000030517578,244.89999389648438,244.25,244.85000610351562,104146.0
2026-07-29 13:15:00+05:30,244.8000030517578,244.85000610351562,244.5500030517578,244.64999389648438,48723.0
2026-07-29 13:20:00+05:30,244.75,244.75,244.5,244.5500030517578,29274.0
2026-07-29 13:25:00+05:30,244.5500030517578,244.60000610351562,244.4499969482422,244.5500030517578,23450.0
2026-07-29 13:30:00+05:30,244.5500030517578,244.60000610351562,244.39999389648438,244.39999389648438,20872.0
2026-07-29 13:35:00+05:30,244.4499969482422,244.60000610351562,244.35000610351562,244.35000610351562,24060.0
2026-07-29 13:40:00+05:30,244.4499969482422,244.4499969482422,243.8000030517578,243.89999389648438,164253.0
2026-07-29 13:45:00+05:30,243.75,243.89999389648438,243.60000610351562,243.85000610351562,93946.0
2026-07-29 13:50:00+05:30,243.89999389648438,243.9499969482422,243.75,243.8000030517578,55647.0
2026-07-29 13:55:00+05:30,243.85000610351562,244.14999389648438,243.6999969482422,243.8000030517578,158657.0
2026-07-29 14:00:00+05:30,243.89999389648438,244.1999969482422,243.8000030517578,244.10000610351562,51060.0
2026-07-29 14:05:00+05:30,244.0500030517578,244.1999969482422,244.0,244.0500030517578,56203.0
2026-07-29 14:10:00+05:30,244.14999389648438,244.3000030517578,243.89999389648438,243.89999389648438,294801.0
2026-07-29 14:15:00+05:30,244.0,244.8000030517578,243.89999389648438,244.4499969482422,677100.0
2026-07-29 14:20:00+05:30,244.4499969482422,244.64999389648438,244.10000610351562,244.3000030517578,108051.0
2026-07-29 14:25:00+05:30,244.25,244.6999969482422,244.25,244.3000030517578,272127.0
2026-07-29 14:30:00+05:30,244.3000030517578,244.35000610351562,243.89999389648438,243.9499969482422,157445.0
2026-07-29 14:35:00+05:30,244.0,244.0,243.9499969482422,243.9499969482422,100343.0
2026-07-29 14:40:00+05:30,244.0,244.14999389648438,243.89999389648438,244.10000610351562,85012.0
2026-07-29 14:45:00+05:30,244.14999389648438,244.5,244.0500030517578,244.14999389648438,343666.0
2026-07-29 14:50:00+05:30,244.1999969482422,244.25,244.0500030517578,244.0500030517578,262904.0
2026-07-29 14:55:00+05:30,244.14999389648438,244.3000030517578,244.0500030517578,244.10000610351562,296878.0
2026-07-29 15:00:00+05:30,244.1999969482422,244.1999969482422,243.39999389648438,243.39999389648438,718470.0
2026-07-29 15:05:00+05:30,243.39999389648438,243.5,243.0,243.14999389648438,375181.0
2026-07-29 15:10:00+05:30,243.1999969482422,243.1999969482422,243.0,243.0,192321.0
2026-07-29 15:15:00+05:30,243.10000610351562,243.1999969482422,242.9499969482422,243.0,349748.0
2026-07-29 15:20:00+05:30,243.10000610351562,243.25,243.0,243.0,380527.0
2026-07-29 15:25:00+05:30,243.0,243.25,243.0,243.0,458040.0
2026-07-30 09:15:00+05:30,242.75,242.75,242.0,242.4499969482422,0.0
2026-07-30 09:20:00+05:30,242.25,242.5500030517578,242.14999389648438,242.1999969482422,93617.0
2026-07-30 09:25:00+05:30,242.1999969482422,242.1999969482422,241.89999389648438,242.0,128984.0
2026-07-30 09:30:00+05:30,241.9499969482422,242.14999389648438,241.6999969482422,241.85000610351562,149024.0
2026-07-30 09:35:00+05:30,241.75,241.75,241.3000030517578,241.5,96478.0
2026-07-30 09:40:00+05:30,241.39999389648438,241.39999389648438,241.0,241.0,80695.0
2026-07-30 09:45:00+05:30,240.9499969482422,241.4499969482422,240.85000610351562,241.3000030517578,82009.0
2026-07-30 09:50:00+05:30,241.1999969482422,241.60000610351562,241.1999969482422,241.3000030517578,60116.0
2026-07-30 09:55:00+05:30,241.4499969482422,241.5,241.10000610351562,241.35000610351562,98623.0
2026-07-30 10:00:00+05:30,241.39999389648438,241.39999389648438,241.14999389648438,241.39999389648438,109307.0
2026-07-30 10:05:00+05:30,241.35000610351562,241.5,241.0500030517578,241.1999969482422,107329.0
2026-07-30 10:10:00+05:30,241.0500030517578,241.25,240.89999389648438,240.89999389648438,99254.0
2026-07-30 10:15:00+05:30,240.85000610351562,241.0500030517578,240.8000030517578,240.9499969482422,47830.0
2026-07-30 10:20:00+05:30,240.9499969482422,240.9499969482422,240.89999389648438,240.9499969482422,15409.0
2026-07-30 10:25:00+05:30,240.89999389648438,241.0500030517578,240.85000610351562,240.85000610351562,53015.0
2026-07-30 10:30:00+05:30,240.8000030517578,240.8000030517578,240.39999389648438,240.75,181359.0
2026-07-30 10:35:00+05:30,240.75,241.0,240.6999969482422,240.85000610351562,59997.0
2026-07-30 10:40:00+05:30,240.75,241.0,240.5500030517578,241.0,49304.0
2026-07-30 10:45:00+05:30,241.0,241.25,240.89999389648438,241.25,27599.0
2026-07-30 10:50:00+05:30,241.10000610351562,241.35000610351562,241.0500030517578,241.10000610351562,23539.0
2026-07-30 10:55:00+05:30,241.10000610351562,241.25,240.8000030517578,240.8000030517578,53611.0
2026-07-30 11:00:00+05:30,240.89999389648438,240.89999389648438,240.6999969482422,240.6999969482422,24392.0
2026-07-30 11:05:00+05:30,240.85000610351562,240.85000610351562,240.5,240.64999389648438,35310.0
2026-07-30 11:10:00+05:30,240.64999389648438,240.75,240.5,240.5,79105.0
2026-07-30 11:15:00+05:30,240.5,240.6999969482422,240.39999389648438,240.5,66422.0
2026-07-30 11:20:00+05:30,240.4499969482422,240.64999389648438,240.4499969482422,240.5500030517578,17102.0
2026-07-30 11:25:00+05:30,240.5500030517578,241.0,240.4499969482422,240.85000610351562,43604.0
2026-07-30 11:30:00+05:30,240.89999389648438,241.64999389648438,240.85000610351562,241.64999389648438,258628.0
2026-07-30 11:35:00+05:30,241.5,241.64999389648438,241.25,241.35000610351562,130049.0
2026-07-30 11:40:00+05:30,241.35000610351562,241.60000610351562,241.35000610351562,241.5500030517578,63568.0
2026-07-30 11:45:00+05:30,241.5500030517578,241.5500030517578,241.35000610351562,241.39999389648438,113074.0
2026-07-30 11:50:00+05:30,241.5,241.60000610351562,241.39999389648438,241.5,58964.0
2026-07-30 11:55:00+05:30,241.39999389648438,241.5500030517578,241.25,241.3000030517578,169839.0
2026-07-30 12:00:00+05:30,241.3000030517578,241.35000610351562,241.14999389648438,241.25,24202.0
2026-07-30 12:05:00+05:30,241.3000030517578,241.60000610351562,241.1999969482422,241.5,65691.0
2026-07-30 12:10:00+05:30,241.4499969482422,241.75,241.39999389648438,241.5500030517578,56176.0
2026-07-30 12:15:00+05:30,241.5,241.64999389648438,241.5,241.60000610351562,11178.0
2026-07-30 12:20:00+05:30,241.60000610351562,241.75,241.5500030517578,241.5500030517578,44386.0
2026-07-30 12:25:00+05:30,241.5500030517578,241.64999389648438,241.35000610351562,241.5,26746.0
2026-07-30 12:30:00+05:30,241.5,242.85000610351562,241.35000610351562,242.0500030517578,259429.0
2026-07-30 12:35:00+05:30,242.14999389648438,242.14999389648438,241.6999969482422,241.9499969482422,182608.0
2026-07-30 12:40:00+05:30,241.9499969482422,242.3000030517578,241.85000610351562,242.10000610351562,42683.0
2026-07-30 12:45:00+05:30,242.25,242.4499969482422,242.0500030517578,242.35000610351562,27711.0
2026-07-30 12:50:00+05:30,242.3000030517578,242.6999969482422,242.10000610351562,242.35000610351562,187129.0
2026-07-30 12:55:00+05:30,242.35000610351562,242.35000610351562,242.1999969482422,242.35000610351562,12726.0
2026-07-30 13:00:00+05:30,242.35000610351562,242.35000610351562,242.0,242.10000610351562,42859.0
2026-07-30 13:05:00+05:30,242.0500030517578,242.10000610351562,241.6999969482422,241.8000030517578,140673.0
2026-07-30 13:10:00+05:30,241.8000030517578,241.85000610351562,241.5,241.75,32863.0
2026-07-30 13:15:00+05:30,241.75,241.8000030517578,241.64999389648438,241.75,10668.0
2026-07-30 13:20:00+05:30,241.75,241.9499969482422,241.6999969482422,241.85000610351562,20473.0
2026-07-30 13:25:00+05:30,241.6999969482422,241.85000610351562,241.5,241.60000610351562,27456.0
2026-07-30 13:30:00+05:30,241.60000610351562,241.85000610351562,241.5,241.6999969482422,82790.0
2026-07-30 13:35:00+05:30,241.6999969482422,242.10000610351562,241.6999969482422,242.0,38097.0
2026-07-30 13:40:00+05:30,242.0,242.4499969482422,242.0,242.14999389648438,60696.0
2026-07-30 13:45:00+05:30,242.25,242.25,241.8000030517578,242.0,42495.0
2026-07-30 13:50:00+05:30,242.0,242.3000030517578,241.9499969482422,242.3000030517578,49390.0
2026-07-30 13:55:00+05:30,242.25,242.39999389648438,242.0500030517578,242.1999969482422,79625.0
2026-07-30 14:00:00+05:30,242.1999969482422,242.5,242.10000610351562,242.39999389648438,272590.0
2026-07-30 14:05:00+05:30,242.3000030517578,242.4499969482422,242.0,242.4499969482422,568241.0
2026-07-30 14:10:00+05:30,242.39999389648438,242.4499969482422,242.10000610351562,242.35000610351562,347350.0
2026-07-30 14:15:00+05:30,242.35000610351562,242.60000610351562,242.3000030517578,242.60000610351562,77994.0
2026-07-30 14:20:00+05:30,242.5500030517578,242.60000610351562,242.14999389648438,242.25,88853.0
2026-07-30 14:25:00+05:30,242.14999389648438,242.25,241.85000610351562,241.9499969482422,75421.0
2026-07-30 14:30:00+05:30,241.89999389648438,242.25,241.85000610351562,242.14999389648438,30747.0
2026-07-30 14:35:00+05:30,242.0500030517578,242.35000610351562,242.0500030517578,242.25,18605.0
2026-07-30 14:40:00+05:30,242.25,242.35000610351562,242.0500030517578,242.25,29490.0
2026-07-30 14:45:00+05:30,242.3000030517578,242.4499969482422,242.14999389648438,242.25,39173.0
2026-07-30 14:50:00+05:30,242.25,242.25,242.0,242.25,192314.0
2026-07-30 14:55:00+05:30,242.0,242.10000610351562,241.89999389648438,241.89999389648438,178373.0
2026-07-30 15:00:00+05:30,241.9499969482422,242.25,241.89999389648438,242.25,206135.0
2026-07-30 15:05:00+05:30,242.14999389648438,242.39999389648438,242.14999389648438,242.39999389648438,175794.0
2026-07-30 15:10:00+05:30,242.35000610351562,242.4499969482422,241.89999389648438,241.89999389648438,780158.0
2026-07-30 15:15:00+05:30,242.10000610351562,242.10000610351562,240.9499969482422,240.9499969482422,580445.0
2026-07-30 15:20:00+05:30,241.0,241.8000030517578,241.0,241.6999969482422,1041471.0
2026-07-30 15:25:00+05:30,241.6999969482422,241.9499969482422,241.60000610351562,241.9499969482422,301845.0
2026-07-31 09:15:00+05:30,243.3000030517578,244.0,242.75,242.75,0.0
2026-07-31 09:20:00+05:30,242.9499969482422,243.1999969482422,242.75,242.9499969482422,120659.0
2026-07-31 09:25:00+05:30,242.9499969482422,243.10000610351562,242.85000610351562,242.85000610351562,81146.0
2026-07-31 09:30:00+05:30,242.85000610351562,242.89999389648438,242.39999389648438,242.4499969482422,133257.0
2026-07-31 09:35:00+05:30,242.5,242.6999969482422,242.10000610351562,242.35000610351562,99593.0
2026-07-31 09:40:00+05:30,242.35000610351562,242.85000610351562,242.35000610351562,242.60000610351562,130310.0
2026-07-31 09:45:00+05:30,242.6999969482422,242.8000030517578,242.39999389648438,242.6999969482422,47410.0
2026-07-31 09:50:00+05:30,242.6999969482422,242.6999969482422,242.5500030517578,242.5500030517578,35189.0
2026-07-31 09:55:00+05:30,242.60000610351562,242.60000610351562,242.1999969482422,242.5500030517578,69974.0
2026-07-31 10:00:00+05:30,242.5500030517578,243.0,242.5500030517578,242.9499969482422,72510.0
2026-07-31 10:05:00+05:30,242.9499969482422,242.9499969482422,242.25,242.25,134516.0
2026-07-31 10:10:00+05:30,242.3000030517578,242.5,242.25,242.5,42698.0
2026-07-31 10:15:00+05:30,242.5500030517578,242.64999389648438,242.35000610351562,242.4499969482422,61665.0
2026-07-31 10:20:00+05:30,242.4499969482422,243.1999969482422,242.4499969482422,243.10000610351562,85026.0
2026-07-31 10:25:00+05:30,243.10000610351562,243.25,242.89999389648438,243.0,71181.0
2026-07-31 10:30:00+05:30,243.0,243.0,242.5500030517578,242.6999969482422,110658.0
2026-07-31 10:35:00+05:30,242.6999969482422,243.0,242.5,243.0,69606.0
2026-07-31 10:40:00+05:30,243.0,243.0,242.75,242.9499969482422,50663.0
2026-07-31 10:45:00+05:30,242.9499969482422,243.14999389648438,242.9499969482422,243.0500030517578,56811.0
2026-07-31 10:50:00+05:30,243.0,243.1999969482422,242.8000030517578,243.1999969482422,124641.0
2026-07-31 10:55:00+05:30,243.1999969482422,243.3000030517578,243.10000610351562,243.14999389648438,37465.0
2026-07-31 11:00:00+05:30,243.1999969482422,243.1999969482422,243.10000610351562,243.1999969482422,19596.0
2026-07-31 11:05:00+05:30,243.1999969482422,243.1999969482422,242.75,242.75,47419.0
2026-07-31 11:10:00+05:30,242.75,242.9499969482422,242.75,242.9499969482422,42920.0
2026-07-31 11:15:00+05:30,242.89999389648438,243.1999969482422,242.89999389648438,243.14999389648438,29792.0
2026-07-31 11:20:00+05:30,243.10000610351562,243.14999389648438,243.0,243.10000610351562,22969.0
2026-07-31 11:25:00+05:30,243.0500030517578,243.14999389648438,242.75,243.0,68928.0
2026-07-31 11:30:00+05:30,243.0500030517578,243.14999389648438,243.0,243.10000610351562,17312.0
2026-07-31 11:35:00+05:30,243.10000610351562,243.10000610351562,243.0,243.0500030517578,21503.0
2026-07-31 11:40:00+05:30,243.0500030517578,243.10000610351562,242.35000610351562,242.35000610351562,108781.0
2026-07-31 11:45:00+05:30,242.39999389648438,242.75,242.35000610351562,242.6999969482422,75024.0
2026-07-31 11:50:00+05:30,242.6999969482422,242.75,242.60000610351562,242.6999969482422,24269.0
2026-07-31 11:55:00+05:30,242.64999389648438,242.6999969482422,242.60000610351562,242.6999969482422,28485.0
2026-07-31 12:00:00+05:30,242.75,242.85000610351562,242.6999969482422,242.75,49758.0
2026-07-31 12:05:00+05:30,242.75,242.75,242.64999389648438,242.75,35238.0
2026-07-31 12:10:00+05:30,242.75,243.10000610351562,242.6999969482422,243.0500030517578,52102.0
2026-07-31 12:15:00+05:30,243.10000610351562,243.10000610351562,243.0,243.0500030517578,31021.0
2026-07-31 12:20:00+05:30,243.0500030517578,243.0500030517578,242.9499969482422,243.0,23375.0
2026-07-31 12:25:00+05:30,243.0,243.35000610351562,242.9499969482422,243.25,94010.0
2026-07-31 12:30:00+05:30,243.3000030517578,243.3000030517578,243.10000610351562,243.25,26024.0
2026-07-31 12:35:00+05:30,243.25,243.39999389648438,243.1999969482422,243.3000030517578,53319.0
2026-07-31 12:40:00+05:30,243.35000610351562,243.35000610351562,243.1999969482422,243.25,38557.0
2026-07-31 12:45:00+05:30,243.25,243.25,243.0500030517578,243.10000610351562,28704.0
2026-07-31 12:50:00+05:30,243.0500030517578,243.10000610351562,242.9499969482422,243.0,25946.0
2026-07-31 12:55:00+05:30,243.0,243.1999969482422,242.8000030517578,243.1999969482422,68850.0
2026-07-31 13:00:00+05:30,243.1999969482422,243.60000610351562,243.14999389648438,243.60000610351562,99356.0
2026-07-31 13:05:00+05:30,243.5500030517578,244.0,243.5500030517578,243.6999969482422,225533.0
2026-07-31 13:10:00+05:30,243.8000030517578,243.8000030517578,243.35000610351562,243.60000610351562,136734.0
2026-07-31 13:15:00+05:30,243.60000610351562,243.8000030517578,243.5,243.8000030517578,139996.0
2026-07-31 13:20:00+05:30,243.8000030517578,244.1999969482422,243.75,244.1999969482422,236899.0
2026-07-31 13:25:00+05:30,244.1999969482422,244.5,244.14999389648438,244.25,93372.0
2026-07-31 13:30:00+05:30,244.3000030517578,244.3000030517578,243.9499969482422,243.9499969482422,88898.0
2026-07-31 13:35:00+05:30,243.89999389648438,244.0,243.8000030517578,244.0,49959.0
2026-07-31 13:40:00+05:30,243.9499969482422,243.9499969482422,243.60000610351562,243.9499969482422,53285.0
2026-07-31 13:45:00+05:30,243.9499969482422,244.0,243.89999389648438,244.0,26012.0
2026-07-31 13:50:00+05:30,244.0,244.0500030517578,243.9499969482422,244.0500030517578,38281.0
2026-07-31 13:55:00+05:30,244.0500030517578,244.14999389648438,243.9499969482422,244.0500030517578,93679.0
2026-07-31 14:00:00+05:30,244.10000610351562,244.10000610351562,243.60000610351562,243.64999389648438,232220.0
2026-07-31 14:05:00+05:30,243.64999389648438,243.64999389648438,243.5,243.60000610351562,53790.0
2026-07-31 14:10:00+05:30,243.64999389648438,243.64999389648438,243.5500030517578,243.60000610351562,31437.0
2026-07-31 14:15:00+05:30,243.60000610351562,243.64999389648438,243.35000610351562,243.39999389648438,118013.0
2026-07-31 14:20:00+05:30,243.35000610351562,243.5,243.3000030517578,243.5,86640.0
2026-07-31 14:25:00+05:30,243.5,243.8000030517578,243.4499969482422,243.6999969482422,170924.0
2026-07-31 14:30:00+05:30,243.75,243.85000610351562,243.75,243.85000610351562,58142.0
2026-07-31 14:35:00+05:30,243.8000030517578,243.85000610351562,243.8000030517578,243.8000030517578,28570.0
2026-07-31 14:40:00+05:30,243.85000610351562,243.85000610351562,243.8000030517578,243.8000030517578,86006.0
2026-07-31 14:45:00+05:30,243.85000610351562,243.85000610351562,243.8000030517578,243.85000610351562,39387.0
2026-07-31 14:50:00+05:30,243.8000030517578,243.8000030517578,243.0,243.0,135319.0
2026-07-31 14:55:00+05:30,243.0500030517578,243.0500030517578,242.75,242.85000610351562,135713.0
2026-07-31 15:00:00+05:30,242.89999389648438,242.89999389648438,242.60000610351562,242.64999389648438,283633.0
2026-07-31 15:05:00+05:30,242.8000030517578,242.85000610351562,242.5500030517578,242.85000610351562,563302.0
2026-07-31 15:10:00+05:30,242.85000610351562,242.85000610351562,242.5500030517578,242.5500030517578,387553.0
2026-07-31 15:15:00+05:30,242.4499969482422,242.5500030517578,242.3000030517578,242.3000030517578,446524.0
2026-07-31 15:20:00+05:30,242.3000030517578,242.4499969482422,242.14999389648438,242.39999389648438,350705.0
2026-07-31 15:25:00+05:30,242.39999389648438,243.10000610351562,242.1999969482422,243.0,403535.0
2026-08-03 09:15:00+05:30,244.3000030517578,245.5500030517578,244.16000366210938,244.83999633789062,0.0
2026-08-03 09:20:00+05:30,244.83999633789062,244.9499969482422,244.5,244.82000732421875,97516.0
2026-08-03 09:25:00+05:30,244.8000030517578,244.9499969482422,244.35000610351562,244.47999572753906,142214.0
2026-08-03 09:30:00+05:30,244.47999572753906,244.5800018310547,244.44000244140625,244.5800018310547,141319.0
2026-08-03 09:35:00+05:30,244.63999938964844,245.64999389648438,244.39999389648438,245.58999633789062,341278.0
2026-08-03 09:40:00+05:30,245.75,246.30999755859375,245.36000061035156,246.13999938964844,289427.0
2026-08-03 09:45:00+05:30,246.14999389648438,246.91000366210938,245.97999572753906,246.36000061035156,401729.0
2026-08-03 09:50:00+05:30,246.36000061035156,246.6999969482422,246.19000244140625,246.60000610351562,148031.0
2026-08-03 09:55:00+05:30,246.57000732421875,247.1999969482422,246.57000732421875,247.0,198906.0
2026-08-03 10:00:00+05:30,247.02999877929688,247.08999633789062,246.64999389648438,246.9199981689453,153145.0
2026-08-03 10:05:00+05:30,246.82000732421875,247.0,246.5500030517578,246.60000610351562,164141.0
2026-08-03 10:10:00+05:30,246.66000366210938,246.8000030517578,246.5,246.67999267578125,75155.0
2026-08-03 10:15:00+05:30,246.60000610351562,246.63999938964844,246.1999969482422,246.5,78699.0
2026-08-03 10:20:00+05:30,246.5,246.55999755859375,246.3000030517578,246.36000061035156,57688.0
2026-08-03 10:25:00+05:30,246.39999389648438,246.5399932861328,246.3000030517578,246.32000732421875,57232.0
2026-08-03 10:30:00+05:30,246.35000610351562,247.33999633789062,246.35000610351562,247.07000732421875,213680.0
2026-08-03 10:35:00+05:30,247.05999755859375,247.07000732421875,246.8000030517578,246.8800048828125,29382.0
2026-08-03 10:40:00+05:30,246.83999633789062,247.47999572753906,246.75,247.2899932861328,230837.0
2026-08-03 10:45:00+05:30,247.2899932861328,247.3300018310547,247.10000610351562,247.2899932861328,38296.0
2026-08-03 10:50:00+05:30,247.2899932861328,247.3300018310547,247.1999969482422,247.2899932861328,83771.0
2026-08-03 10:55:00+05:30,247.2899932861328,247.32000732421875,247.1999969482422,247.32000732421875,43084.0
2026-08-03 11:00:00+05:30,247.3300018310547,247.35000610351562,247.22000122070312,247.33999633789062,45083.0
2026-08-03 11:05:00+05:30,247.35000610351562,247.9499969482422,247.30999755859375,247.5500030517578,327024.0
2026-08-03 11:10:00+05:30,247.5399932861328,247.89999389648438,247.42999267578125,247.5399932861328,181737.0
2026-08-03 11:15:00+05:30,247.64999389648438,247.83999633789062,247.5800018310547,247.8000030517578,194174.0
2026-08-03 11:20:00+05:30,247.7899932861328,248.02000427246094,247.6699981689453,247.77999877929688,270137.0
2026-08-03 11:25:00+05:30,247.75,248.22999572753906,247.27999877929688,248.1999969482422,168225.0
2026-08-03 11:30:00+05:30,248.16000366210938,248.16000366210938,247.77999877929688,247.82000732421875,51122.0
2026-08-03 11:35:00+05:30,247.85000610351562,248.10000610351562,247.66000366210938,248.0500030517578,73702.0
2026-08-03 11:40:00+05:30,248.0399932861328,248.3800048828125,247.9499969482422,247.9499969482422,168273.0
2026-08-03 11:45:00+05:30,248.0,248.1699981689453,247.9199981689453,248.16000366210938,93012.0
2026-08-03 11:50:00+05:30,248.1999969482422,248.1999969482422,247.89999389648438,247.9499969482422,58427.0
2026-08-03 11:55:00+05:30,247.9199981689453,247.9499969482422,247.6999969482422,247.74000549316406,49340.0
2026-08-03 12:00:00+05:30,247.74000549316406,247.74000549316406,247.5,247.63999938964844,104248.0
2026-08-03 12:05:00+05:30,247.6199951171875,247.63999938964844,247.47000122070312,247.6199951171875,54215.0
2026-08-03 12:10:00+05:30,247.5,247.6300048828125,247.44000244140625,247.52000427246094,60916.0
2026-08-03 12:15:00+05:30,247.50999450683594,247.58999633789062,247.33999633789062,247.5,30380.0
2026-08-03 12:20:00+05:30,247.5,247.5,247.05999755859375,247.0800018310547,40947.0
2026-08-03 12:25:00+05:30,247.08999633789062,247.2899932861328,247.08999633789062,247.22000122070312,32040.0
2026-08-03 12:30:00+05:30,247.22000122070312,247.32000732421875,247.02999877929688,247.0500030517578,54073.0
2026-08-03 12:35:00+05:30,247.10000610351562,247.19000244140625,246.85000610351562,246.85000610351562,78907.0
2026-08-03 12:40:00+05:30,246.85000610351562,247.1999969482422,246.85000610351562,247.07000732421875,63894.0
2026-08-03 12:45:00+05:30,247.00999450683594,247.22000122070312,246.52000427246094,246.60000610351562,107005.0
2026-08-03 12:50:00+05:30,246.66000366210938,246.8000030517578,246.52999877929688,246.75,129570.0
2026-08-03 12:55:00+05:30,246.75,246.7899932861328,246.60000610351562,246.6300048828125,19953.0
2026-08-03 13:00:00+05:30,246.6300048828125,246.6300048828125,246.4499969482422,246.5,63740.0
2026-08-03 13:05:00+05:30,246.47999572753906,246.72000122070312,246.4199981689453,246.61000061035156,53361.0
2026-08-03 13:10:00+05:30,246.5500030517578,246.64999389648438,246.5,246.5500030517578,32492.0
2026-08-03 13:15:00+05:30,246.52999877929688,246.57000732421875,246.35000610351562,246.5,60350.0
2026-08-03 13:20:00+05:30,246.5,247.0,246.3800048828125,246.44000244140625,330862.0
2026-08-03 13:25:00+05:30,246.44000244140625,246.77999877929688,246.3300018310547,246.72000122070312,67418.0
2026-08-03 13:30:00+05:30,246.72000122070312,246.72000122070312,246.5,246.6199951171875,37612.0
2026-08-03 13:35:00+05:30,246.61000061035156,246.64999389648438,246.47000122070312,246.55999755859375,28628.0
2026-08-03 13:40:00+05:30,246.55999755859375,246.6199951171875,246.47000122070312,246.58999633789062,26015.0
2026-08-03 13:45:00+05:30,246.5800018310547,246.6300048828125,246.52999877929688,246.52999877929688,19466.0
2026-08-03 13:50:00+05:30,246.52000427246094,246.52000427246094,246.36000061035156,246.3699951171875,18870.0
2026-08-03 13:55:00+05:30,246.3800048828125,246.47999572753906,246.3800048828125,246.47000122070312,11134.0
2026-08-03 14:00:00+05:30,246.47999572753906,246.47999572753906,246.39999389648438,246.47000122070312,27093.0
2026-08-03 14:05:00+05:30,246.47000122070312,246.52999877929688,246.3000030517578,246.47000122070312,28218.0
2026-08-03 14:10:00+05:30,246.47000122070312,246.5800018310547,246.42999267578125,246.4499969482422,69808.0
2026-08-03 14:15:00+05:30,246.4499969482422,246.49000549316406,246.3300018310547,246.4499969482422,24896.0
2026-08-03 14:20:00+05:30,246.4600067138672,247.02000427246094,246.39999389648438,247.00999450683594,297906.0
2026-08-03 14:25:00+05:30,247.00999450683594,247.13999938964844,246.97000122070312,247.08999633789062,156632.0
2026-08-03 14:30:00+05:30,247.08999633789062,247.1199951171875,246.9499969482422,247.0,20477.0
2026-08-03 14:35:00+05:30,246.97999572753906,247.0399932861328,246.9499969482422,247.02999877929688,26499.0
2026-08-03 14:40:00+05:30,247.02999877929688,247.0399932861328,246.9199981689453,246.97999572753906,39180.0
2026-08-03 14:45:00+05:30,247.0,247.08999633789062,246.91000366210938,247.08999633789062,56467.0
2026-08-03 14:50:00+05:30,247.10000610351562,247.10000610351562,246.52000427246094,246.52999877929688,84960.0
2026-08-03 14:55:00+05:30,246.52999877929688,246.7899932861328,246.42999267578125,246.75,53278.0
2026-08-03 15:00:00+05:30,246.75,247.02000427246094,246.75,246.9600067138672,304622.0
2026-08-03 15:05:00+05:30,246.8000030517578,247.02000427246094,246.5,246.50999450683594,463703.0
2026-08-03 15:10:00+05:30,246.5,246.8000030517578,246.3000030517578,246.38999938964844,296442.0
2026-08-03 15:15:00+05:30,246.50999450683594,247.25,246.50999450683594,247.25,86178.0
2026-08-04 09:15:00+05:30,246.6999969482422,246.6999969482422,245.49000549316406,246.3800048828125,0.0
2026-08-04 09:20:00+05:30,246.3000030517578,246.69000244140625,246.3000030517578,246.69000244140625,54150.0
2026-08-04 09:25:00+05:30,246.6999969482422,246.7899932861328,246.35000610351562,246.55999755859375,64323.0
2026-08-04 09:30:00+05:30,246.61000061035156,247.13999938964844,246.61000061035156,247.0800018310547,155551.0
2026-08-04 09:35:00+05:30,247.1300048828125,247.4499969482422,247.1300048828125,247.35000610351562,67976.0
2026-08-04 09:40:00+05:30,247.30999755859375,248.0,247.30999755859375,247.75999450683594,146523.0
2026-08-04 09:45:00+05:30,247.75999450683594,248.16000366210938,247.69000244140625,247.88999938964844,134605.0
2026-08-04 09:50:00+05:30,247.89999389648438,248.35000610351562,247.72999572753906,248.35000610351562,109441.0
2026-08-04 09:55:00+05:30,248.27999877929688,248.4499969482422,248.1300048828125,248.36000061035156,73258.0
2026-08-04 10:00:00+05:30,248.49000549316406,249.1300048828125,248.4600067138672,248.8300018310547,179723.0
2026-08-04 10:05:00+05:30,248.8300018310547,249.13999938964844,248.74000549316406,248.74000549316406,70603.0
2026-08-04 10:10:00+05:30,248.74000549316406,248.74000549316406,248.2100067138672,248.2100067138672,78829.0
2026-08-04 10:15:00+05:30,248.1999969482422,248.52000427246094,248.1300048828125,248.35000610351562,154364.0
2026-08-04 10:20:00+05:30,248.4199981689453,248.5,248.10000610351562,248.1999969482422,98597.0
2026-08-04 10:25:00+05:30,248.2100067138672,248.2100067138672,247.8000030517578,247.85000610351562,88767.0
2026-08-04 10:30:00+05:30,247.89999389648438,247.97000122070312,247.52000427246094,247.60000610351562,42536.0
2026-08-04 10:35:00+05:30,247.38999938964844,247.6999969482422,247.3000030517578,247.57000732421875,106955.0
2026-08-04 10:40:00+05:30,247.5500030517578,247.69000244140625,247.52000427246094,247.61000061035156,16207.0
2026-08-04 10:45:00+05:30,247.61000061035156,247.6999969482422,247.39999389648438,247.39999389648438,23246.0
2026-08-04 10:50:00+05:30,247.39999389648438,247.60000610351562,247.3699951171875,247.3699951171875,34996.0
2026-08-04 10:55:00+05:30,247.3699951171875,247.66000366210938,247.3699951171875,247.57000732421875,6793.0
2026-08-04 11:00:00+05:30,247.57000732421875,247.77999877929688,247.5,247.72000122070312,17622.0
2026-08-04 11:05:00+05:30,247.74000549316406,247.77999877929688,247.4499969482422,247.52999877929688,13734.0
2026-08-04 11:10:00+05:30,247.52999877929688,247.58999633789062,247.4600067138672,247.47000122070312,10893.0
2026-08-04 11:15:00+05:30,247.50999450683594,247.52999877929688,247.10000610351562,247.1199951171875,38920.0
2026-08-04 11:20:00+05:30,247.10000610351562,247.16000366210938,246.91000366210938,246.99000549316406,64185.0
2026-08-04 11:25:00+05:30,246.99000549316406,247.0,246.77999877929688,246.92999267578125,43901.0
2026-08-04 11:30:00+05:30,246.9499969482422,247.0399932861328,246.8000030517578,246.9199981689453,28564.0
2026-08-04 11:35:00+05:30,246.9600067138672,246.99000549316406,246.8000030517578,246.83999633789062,16259.0
2026-08-04 11:40:00+05:30,246.83999633789062,246.94000244140625,246.6199951171875,246.7899932861328,113795.0
2026-08-04 11:45:00+05:30,246.82000732421875,246.82000732421875,246.3000030517578,246.3000030517578,46971.0
2026-08-04 11:50:00+05:30,246.3000030517578,246.67999267578125,246.3000030517578,246.5800018310547,25320.0
2026-08-04 11:55:00+05:30,246.5800018310547,246.5800018310547,246.41000366210938,246.4199981689453,11873.0
2026-08-04 12:00:00+05:30,246.4199981689453,246.77999877929688,246.35000610351562,246.64999389648438,28418.0
2026-08-04 12:05:00+05:30,246.67999267578125,246.82000732421875,246.5500030517578,246.63999938964844,15398.0
2026-08-04 12:10:00+05:30,246.63999938964844,246.69000244140625,246.5399932861328,246.66000366210938,11083.0
2026-08-04 12:15:00+05:30,246.75,246.94000244140625,246.67999267578125,246.86000061035156,15977.0
2026-08-04 12:20:00+05:30,246.9199981689453,246.9199981689453,246.60000610351562,246.60000610351562,11943.0
2026-08-04 12:25:00+05:30,246.60000610351562,246.63999938964844,246.5,246.57000732421875,11404.0
2026-08-04 12:30:00+05:30,246.57000732421875,246.63999938964844,246.4600067138672,246.4600067138672,10221.0
2026-08-04 12:35:00+05:30,246.5,246.5,245.92999267578125,246.1999969482422,58363.0
2026-08-04 12:40:00+05:30,246.30999755859375,246.30999755859375,246.0,246.0,23747.0
2026-08-04 12:45:00+05:30,246.02000427246094,246.2899932861328,246.00999450683594,246.1199951171875,12437.0
2026-08-04 12:50:00+05:30,246.19000244140625,246.36000061035156,246.19000244140625,246.32000732421875,13593.0
2026-08-04 12:55:00+05:30,246.30999755859375,246.32000732421875,246.14999389648438,246.2100067138672,17529.0
2026-08-04 13:00:00+05:30,246.1999969482422,246.3000030517578,246.0,246.25,21675.0
2026-08-04 13:05:00+05:30,246.25,246.3000030517578,246.16000366210938,246.1999969482422,9786.0
2026-08-04 13:10:00+05:30,246.22999572753906,246.33999633789062,246.11000061035156,246.19000244140625,11261.0
2026-08-04 13:15:00+05:30,246.17999267578125,246.1999969482422,245.85000610351562,246.02000427246094,49065.0
2026-08-04 13:20:00+05:30,246.0500030517578,246.08999633789062,245.85000610351562,245.97000122070312,22829.0
2026-08-04 13:25:00+05:30,245.97000122070312,245.99000549316406,245.82000732421875,245.82000732421875,15249.0
2026-08-04 13:30:00+05:30,245.82000732421875,245.85000610351562,245.60000610351562,245.6300048828125,44117.0
2026-08-04 13:35:00+05:30,245.6300048828125,245.7100067138672,245.6300048828125,245.7100067138672,10996.0
2026-08-04 13:40:00+05:30,245.7100067138672,245.75999450683594,245.64999389648438,245.64999389648438,11335.0
2026-08-04 13:45:00+05:30,245.64999389648438,245.77000427246094,245.5399932861328,245.75,26194.0
2026-08-04 13:50:00+05:30,245.75,245.8300018310547,245.5500030517578,245.64999389648438,17018.0
2026-08-04 13:55:00+05:30,245.64999389648438,245.6999969482422,245.3000030517578,245.49000549316406,49343.0
2026-08-04 14:00:00+05:30,245.49000549316406,245.5399932861328,245.30999755859375,245.47000122070312,31236.0
2026-08-04 14:05:00+05:30,245.47999572753906,245.74000549316406,245.3699951171875,245.6699981689453,34364.0
2026-08-04 14:10:00+05:30,245.6699981689453,245.9499969482422,245.64999389648438,245.89999389648438,26225.0
2026-08-04 14:15:00+05:30,245.89999389648438,245.9600067138672,245.80999755859375,245.9600067138672,19647.0
2026-08-04 14:20:00+05:30,245.97999572753906,246.08999633789062,245.8699951171875,245.8800048828125,45422.0
2026-08-04 14:25:00+05:30,245.8699951171875,245.89999389648438,245.60000610351562,245.63999938964844,22395.0
2026-08-04 14:30:00+05:30,245.63999938964844,245.74000549316406,245.60000610351562,245.6699981689453,108084.0
2026-08-04 14:35:00+05:30,245.6999969482422,246.2899932861328,245.64999389648438,245.9499969482422,212047.0
2026-08-04 14:40:00+05:30,245.91000366210938,245.91000366210938,245.69000244140625,245.7899932861328,110785.0
2026-08-04 14:45:00+05:30,245.77000427246094,245.89999389648438,245.6999969482422,245.89999389648438,35009.0
2026-08-04 14:50:00+05:30,245.91000366210938,246.0800018310547,245.91000366210938,245.99000549316406,30275.0
2026-08-04 14:55:00+05:30,246.0,246.0,245.8699951171875,245.92999267578125,28564.0
2026-08-04 15:00:00+05:30,245.9499969482422,246.0,245.6999969482422,245.85000610351562,117936.0
2026-08-04 15:05:00+05:30,245.80999755859375,246.19000244140625,245.6699981689453,246.0,143428.0
2026-08-04 15:10:00+05:30,246.0,246.3000030517578,245.0,245.0,273494.0
2026-08-05 09:15:00+05:30,247.33999633789062,248.2899932861328,247.25999450683594,247.8800048828125,0.0
2026-08-05 09:20:00+05:30,248.00999450683594,249.1199951171875,247.92999267578125,249.08999633789062,219677.0
2026-08-05 09:25:00+05:30,249.0,249.6999969482422,248.66000366210938,249.44000244140625,355387.0
2026-08-05 09:30:00+05:30,249.5800018310547,249.7899932861328,248.85000610351562,249.6999969482422,450000.0
2026-08-05 09:35:00+05:30,249.60000610351562,249.63999938964844,248.75,249.11000061035156,224652.0
2026-08-05 09:40:00+05:30,249.1699981689453,249.5,248.99000549316406,249.25,165956.0
2026-08-05 09:45:00+05:30,249.3000030517578,249.3699951171875,249.0,249.0,103655.0
2026-08-05 09:50:00+05:30,249.08999633789062,249.16000366210938,248.6300048828125,248.80999755859375,188339.0
2026-08-05 09:55:00+05:30,248.8000030517578,249.0,248.6999969482422,248.99000549316406,92588.0
2026-08-05 10:00:00+05:30,249.00999450683594,249.52000427246094,248.94000244140625,249.50999450683594,230786.0
2026-08-05 10:05:00+05:30,249.4499969482422,249.4499969482422,248.5,248.67999267578125,164835.0
2026-08-05 10:10:00+05:30,248.6300048828125,248.6300048828125,248.3800048828125,248.57000732421875,73380.0
2026-08-05 10:15:00+05:30,248.58999633789062,248.58999633789062,248.22000122070312,248.39999389648438,54675.0
2026-08-05 10:20:00+05:30,248.39999389648438,249.1199951171875,248.38999938964844,248.5500030517578,103614.0
2026-08-05 10:25:00+05:30,248.63999938964844,248.66000366210938,247.80999755859375,247.94000244140625,114343.0
2026-08-05 10:30:00+05:30,247.89999389648438,247.89999389648438,247.14999389648438,247.6199951171875,114421.0
2026-08-05 10:35:00+05:30,247.6199951171875,247.89999389648438,247.52000427246094,247.67999267578125,35196.0
2026-08-05 10:40:00+05:30,247.77000427246094,248.1699981689453,247.7100067138672,247.89999389648438,54114.0
2026-08-05 10:45:00+05:30,247.94000244140625,248.1300048828125,247.8300018310547,247.97999572753906,30882.0
2026-08-05 10:50:00+05:30,248.0,248.16000366210938,247.9199981689453,248.0399932861328,43085.0
2026-08-05 10:55:00+05:30,247.92999267578125,248.0399932861328,247.85000610351562,248.02000427246094,31070.0
2026-08-05 11:00:00+05:30,248.0399932861328,248.13999938964844,247.8000030517578,247.8000030517578,28353.0
2026-08-05 11:05:00+05:30,247.80999755859375,248.3699951171875,247.6300048828125,248.25,64677.0
2026-08-05 11:10:00+05:30,248.19000244140625,248.52000427246094,248.0399932861328,248.52000427246094,81703.0
2026-08-05 11:15:00+05:30,248.5,248.6699981689453,248.24000549316406,248.3000030517578,60675.0
2026-08-05 11:20:00+05:30,248.2899932861328,248.39999389648438,248.07000732421875,248.25,60183.0
2026-08-05 11:25:00+05:30,248.2100067138672,248.2100067138672,247.9199981689453,248.08999633789062,106469.0
2026-08-05 11:30:00+05:30,248.08999633789062,248.2100067138672,247.89999389648438,247.89999389648438,71463.0
2026-08-05 11:35:00+05:30,247.8800048828125,248.02000427246094,247.75,247.8000030517578,16263.0
2026-08-05 11:40:00+05:30,247.8000030517578,248.0,247.75,247.8699951171875,38144.0
2026-08-05 11:45:00+05:30,247.92999267578125,247.92999267578125,247.36000061035156,247.50999450683594,36950.0
2026-08-05 11:50:00+05:30,247.52000427246094,247.52999877929688,247.17999267578125,247.47000122070312,54124.0
2026-08-05 11:55:00+05:30,247.47000122070312,247.9499969482422,247.3800048828125,247.75,51834.0
2026-08-05 12:00:00+05:30,247.75,247.85000610351562,247.67999267578125,247.7899932861328,46065.0
2026-08-05 12:05:00+05:30,247.77999877929688,248.4499969482422,247.64999389648438,248.13999938964844,197657.0
2026-08-05 12:10:00+05:30,248.14999389648438,248.42999267578125,248.0,248.22999572753906,47185.0
2026-08-05 12:15:00+05:30,248.22000122070312,248.25,248.00999450683594,248.05999755859375,53255.0
2026-08-05 12:20:00+05:30,248.0800018310547,248.89999389648438,248.0800018310547,248.88999938964844,216762.0
2026-08-05 12:25:00+05:30,248.88999938964844,248.88999938964844,248.44000244140625,248.52999877929688,45373.0
2026-08-05 12:30:00+05:30,248.52999877929688,248.5800018310547,248.1699981689453,248.1999969482422,40490.0
2026-08-05 12:35:00+05:30,248.1999969482422,248.39999389648438,248.07000732421875,248.32000732421875,19756.0
2026-08-05 12:40:00+05:30,248.32000732421875,248.5,247.80999755859375,247.99000549316406,53683.0
2026-08-05 12:45:00+05:30,248.05999755859375,248.16000366210938,247.5,247.64999389648438,344073.0
2026-08-05 12:50:00+05:30,247.60000610351562,247.6999969482422,247.50999450683594,247.60000610351562,18122.0
2026-08-05 12:55:00+05:30,247.60000610351562,247.77999877929688,247.60000610351562,247.66000366210938,44930.0
2026-08-05 13:00:00+05:30,247.6699981689453,247.8000030517578,247.5399932861328,247.63999938964844,37542.0
2026-08-05 13:05:00+05:30,247.63999938964844,247.63999938964844,247.36000061035156,247.60000610351562,32107.0
2026-08-05 13:10:00+05:30,247.60000610351562,247.7100067138672,247.4199981689453,247.55999755859375,19613.0
2026-08-05 13:15:00+05:30,247.5800018310547,247.75,247.50999450683594,247.64999389648438,17071.0
2026-08-05 13:20:00+05:30,247.64999389648438,247.67999267578125,247.10000610351562,247.1699981689453,60623.0
2026-08-05 13:25:00+05:30,247.14999389648438,247.16000366210938,246.75,247.10000610351562,84589.0
2026-08-05 13:30:00+05:30,247.05999755859375,247.1699981689453,246.85000610351562,246.9600067138672,41319.0
2026-08-05 13:35:00+05:30,246.9600067138672,247.16000366210938,246.72000122070312,246.99000549316406,30814.0
2026-08-05 13:40:00+05:30,246.99000549316406,247.13999938964844,246.5500030517578,246.64999389648438,42385.0
2026-08-05 13:45:00+05:30,246.60000610351562,247.0,246.60000610351562,246.9199981689453,17924.0
2026-08-05 13:50:00+05:30,246.9199981689453,247.0500030517578,246.7899932861328,246.85000610351562,28472.0
2026-08-05 13:55:00+05:30,246.8000030517578,246.85000610351562,246.4499969482422,246.5,99517.0
2026-08-05 14:00:00+05:30,246.4600067138672,246.6300048828125,246.4600067138672,246.60000610351562,130566.0
2026-08-05 14:05:00+05:30,246.5,246.6300048828125,246.14999389648438,246.1999969482422,424682.0
2026-08-05 14:10:00+05:30,246.1999969482422,246.8000030517578,246.16000366210938,246.38999938964844,808070.0
2026-08-05 14:15:00+05:30,246.3000030517578,246.74000549316406,246.3000030517578,246.66000366210938,109006.0
2026-08-05 14:20:00+05:30,246.5800018310547,247.0,246.25,246.3699951171875,515592.0
2026-08-05 14:25:00+05:30,246.22999572753906,246.3699951171875,245.97000122070312,246.2899932861328,203853.0
2026-08-05 14:30:00+05:30,246.2100067138672,246.30999755859375,246.10000610351562,246.25,55493.0
2026-08-05 14:35:00+05:30,246.16000366210938,246.38999938964844,246.0800018310547,246.25,71400.0
2026-08-05 14:40:00+05:30,246.17999267578125,246.2899932861328,246.0800018310547,246.24000549316406,169072.0
2026-08-05 14:45:00+05:30,246.24000549316406,246.39999389648438,246.16000366210938,246.39999389648438,40582.0
2026-08-05 14:50:00+05:30,246.38999938964844,246.42999267578125,246.13999938964844,246.25,112765.0
2026-08-05 14:55:00+05:30,246.22999572753906,246.5,246.14999389648438,246.41000366210938,156528.0
2026-08-05 15:00:00+05:30,246.39999389648438,246.41000366210938,246.11000061035156,246.30999755859375,167148.0
2026-08-05 15:05:00+05:30,246.24000549316406,246.30999755859375,245.97000122070312,246.17999267578125,232615.0
2026-08-05 15:10:00+05:30,246.02000427246094,246.30999755859375,245.89999389648438,246.1999969482422,389257.0
2026-08-05 15:15:00+05:30,246.0,246.0,245.60000610351562,245.60000610351562,180618.0
2026-08-06 09:15:00+05:30,246.88999938964844,246.88999938964844,245.89999389648438,246.3000030517578,0.0
2026-08-06 09:20:00+05:30,246.35000610351562,246.82000732421875,246.0399932861328,246.82000732421875,161271.0
2026-08-06 09:25:00+05:30,246.72999572753906,247.14999389648438,246.6199951171875,246.72999572753906,123801.0
2026-08-06 09:30:00+05:30,246.72999572753906,246.7899932861328,246.60000610351562,246.63999938964844,140927.0
2026-08-06 09:35:00+05:30,246.6699981689453,247.77999877929688,246.64999389648438,247.2899932861328,291429.0
2026-08-06 09:40:00+05:30,247.3800048828125,247.63999938964844,247.22999572753906,247.5,108726.0
2026-08-06 09:45:00+05:30,247.5,247.8000030517578,247.3800048828125,247.61000061035156,157116.0
2026-08-06 09:50:00+05:30,247.61000061035156,247.9499969482422,247.5,247.75,97577.0
2026-08-06 09:55:00+05:30,247.6999969482422,247.6999969482422,247.35000610351562,247.35000610351562,87082.0
2026-08-06 10:00:00+05:30,247.35000610351562,247.57000732421875,247.1999969482422,247.24000549316406,110176.0
2026-08-06 10:05:00+05:30,247.27999877929688,247.5500030517578,247.2100067138672,247.3300018310547,69726.0
2026-08-06 10:10:00+05:30,247.3000030517578,247.75999450683594,247.25,247.64999389648438,90463.0
2026-08-06 10:15:00+05:30,247.64999389648438,247.69000244140625,247.39999389648438,247.39999389648438,38974.0
2026-08-06 10:20:00+05:30,247.38999938964844,247.85000610351562,247.25,247.75,70941.0
2026-08-06 10:25:00+05:30,247.77000427246094,247.77000427246094,247.39999389648438,247.5,42327.0
2026-08-06 10:30:00+05:30,247.5,247.72999572753906,247.4600067138672,247.4600067138672,39349.0
2026-08-06 10:35:00+05:30,247.4600067138672,247.52999877929688,247.2100067138672,247.49000549316406,30932.0
2026-08-06 10:40:00+05:30,247.52999877929688,247.8300018310547,247.50999450683594,247.77000427246094,30566.0
2026-08-06 10:45:00+05:30,247.77000427246094,247.77000427246094,247.52999877929688,247.60000610351562,25653.0
2026-08-06 10:50:00+05:30,247.66000366210938,247.66000366210938,247.44000244140625,247.49000549316406,35379.0
2026-08-06 10:55:00+05:30,247.5399932861328,247.58999633789062,247.4600067138672,247.58999633789062,32642.0
2026-08-06 11:00:00+05:30,247.60000610351562,247.77999877929688,247.5800018310547,247.6300048828125,40111.0
2026-08-06 11:05:00+05:30,247.6300048828125,247.64999389648438,247.0,247.02999877929688,56515.0
2026-08-06 11:10:00+05:30,247.0,247.02999877929688,246.8000030517578,246.9499969482422,53070.0
2026-08-06 11:15:00+05:30,246.89999389648438,246.9499969482422,246.61000061035156,246.74000549316406,29265.0
2026-08-06 11:20:00+05:30,246.6999969482422,246.75,246.5500030517578,246.72000122070312,24018.0
2026-08-06 11:25:00+05:30,246.6699981689453,246.72999572753906,246.41000366210938,246.41000366210938,127167.0
2026-08-06 11:30:00+05:30,246.47000122070312,246.63999938964844,246.4499969482422,246.6199951171875,17250.0
2026-08-06 11:35:00+05:30,246.6199951171875,247.3000030517578,246.50999450683594,247.3000030517578,45315.0
2026-08-06 11:40:00+05:30,247.22999572753906,247.5500030517578,247.14999389648438,247.2899932861328,46180.0
2026-08-06 11:45:00+05:30,247.3000030517578,247.3000030517578,247.10000610351562,247.1999969482422,44300.0
2026-08-06 11:50:00+05:30,247.1999969482422,247.49000549316406,247.13999938964844,247.4499969482422,47243.0
2026-08-06 11:55:00+05:30,247.4499969482422,247.5,247.33999633789062,247.35000610351562,32034.0
2026-08-06 12:00:00+05:30,247.3800048828125,247.5500030517578,247.17999267578125,247.5,49574.0
2026-08-06 12:05:00+05:30,247.5,247.52000427246094,246.97000122070312,246.97000122070312,30702.0
2026-08-06 12:10:00+05:30,247.0399932861328,247.52000427246094,246.89999389648438,247.52000427246094,46574.0
2026-08-06 12:15:00+05:30,247.49000549316406,247.57000732421875,247.22999572753906,247.3300018310547,34453.0
2026-08-06 12:20:00+05:30,247.3300018310547,248.0,247.3300018310547,247.7100067138672,193941.0
2026-08-06 12:25:00+05:30,247.8000030517578,248.1699981689453,247.7100067138672,248.1199951171875,106302.0
2026-08-06 12:30:00+05:30,248.10000610351562,248.24000549316406,247.92999267578125,248.14999389648438,75979.0
2026-08-06 12:35:00+05:30,248.14999389648438,248.58999633789062,248.02000427246094,248.5,176545.0
2026-08-06 12:40:00+05:30,248.4199981689453,248.52000427246094,248.1300048828125,248.1999969482422,41591.0
2026-08-06 12:45:00+05:30,248.17999267578125,248.19000244140625,247.86000061035156,247.9600067138672,44909.0
2026-08-06 12:50:00+05:30,247.88999938964844,248.02999877929688,247.8699951171875,247.9499969482422,41293.0
2026-08-06 12:55:00+05:30,248.02000427246094,248.25,247.92999267578125,248.13999938964844,29804.0
2026-08-06 13:00:00+05:30,248.13999938964844,248.2100067138672,248.0,248.07000732421875,15813.0
2026-08-06 13:05:00+05:30,248.0399932861328,248.14999389648438,247.92999267578125,248.0800018310547,38902.0
2026-08-06 13:10:00+05:30,248.16000366210938,248.6699981689453,248.16000366210938,248.27999877929688,117656.0
2026-08-06 13:15:00+05:30,248.17999267578125,248.27000427246094,248.0,248.05999755859375,140855.0
2026-08-06 13:20:00+05:30,248.1199951171875,248.27000427246094,247.99000549316406,248.0,38317.0
2026-08-06 13:25:00+05:30,247.99000549316406,248.55999755859375,247.86000061035156,248.3300018310547,92237.0
2026-08-06 13:30:00+05:30,248.3300018310547,248.5,248.16000366210938,248.27000427246094,65565.0
2026-08-06 13:35:00+05:30,248.2899932861328,248.60000610351562,248.1699981689453,248.5800018310547,154803.0
2026-08-06 13:40:00+05:30,248.5800018310547,248.86000061035156,248.1999969482422,248.64999389648438,519494.0
2026-08-06 13:45:00+05:30,248.6699981689453,248.6699981689453,248.44000244140625,248.57000732421875,80607.0
2026-08-06 13:50:00+05:30,248.55999755859375,248.6699981689453,248.36000061035156,248.5500030517578,85794.0
2026-08-06 13:55:00+05:30,248.5500030517578,248.58999633789062,248.08999633789062,248.25999450683594,158025.0
2026-08-06 14:00:00+05:30,248.1699981689453,248.86000061035156,248.1300048828125,248.8000030517578,270566.0
2026-08-06 14:05:00+05:30,248.77000427246094,249.5399932861328,248.67999267578125,248.9199981689453,861211.0
2026-08-06 14:10:00+05:30,248.9499969482422,249.9600067138672,248.8300018310547,249.85000610351562,634645.0
2026-08-06 14:15:00+05:30,249.86000061035156,250.35000610351562,249.75,250.2899932861328,416679.0
2026-08-06 14:20:00+05:30,250.2899932861328,250.58999633789062,249.89999389648438,250.19000244140625,326344.0
2026-08-06 14:25:00+05:30,250.19000244140625,250.22000122070312,249.7100067138672,249.77000427246094,157695.0
2026-08-06 14:30:00+05:30,249.75,250.0,249.39999389648438,250.0,165423.0
2026-08-06 14:35:00+05:30,249.97000122070312,250.14999389648438,249.92999267578125,250.0399932861328,112638.0
2026-08-06 14:40:00+05:30,250.0500030517578,250.24000549316406,249.91000366210938,250.07000732421875,188735.0
2026-08-06 14:45:00+05:30,250.0800018310547,250.10000610351562,249.77000427246094,249.91000366210938,153212.0
2026-08-06 14:50:00+05:30,249.91000366210938,250.0500030517578,249.57000732421875,249.64999389648438,99518.0
2026-08-06 14:55:00+05:30,249.60000610351562,249.77999877929688,249.42999267578125,249.6199951171875,186782.0
2026-08-06 15:00:00+05:30,249.61000061035156,249.97000122070312,249.60000610351562,249.89999389648438,198093.0
2026-08-06 15:05:00+05:30,249.9199981689453,250.14999389648438,249.67999267578125,250.0,270274.0
2026-08-06 15:10:00+05:30,250.02999877929688,250.08999633789062,249.72000122070312,249.8800048828125,322849.0
2026-08-06 15:15:00+05:30,251.0,251.0,249.89999389648438,251.0,202616.0
2026-08-07 09:15:00+05:30,249.97999572753906,249.97999572753906,248.77000427246094,249.1199951171875,0.0
2026-08-07 09:20:00+05:30,249.14999389648438,249.3000030517578,248.55999755859375,248.55999755859375,126120.0
2026-08-07 09:25:00+05:30,248.6199951171875,249.14999389648438,248.60000610351562,248.85000610351562,58033.0
2026-08-07 09:30:00+05:30,248.92999267578125,249.10000610351562,248.8800048828125,248.9199981689453,67441.0
2026-08-07 09:35:00+05:30,248.9600067138672,249.24000549316406,248.89999389648438,248.89999389648438,33431.0
2026-08-07 09:40:00+05:30,248.9600067138672,249.0,248.6199951171875,248.86000061035156,59394.0
2026-08-07 09:45:00+05:30,248.8800048828125,248.9600067138672,248.6999969482422,248.82000732421875,30049.0
2026-08-07 09:50:00+05:30,248.77999877929688,249.4499969482422,248.77999877929688,249.4199981689453,55936.0
2026-08-07 09:55:00+05:30,249.38999938964844,249.41000366210938,248.9600067138672,248.97999572753906,50154.0
2026-08-07 10:00:00+05:30,248.97000122070312,250.0399932861328,248.88999938964844,249.5,380126.0
2026-08-07 10:05:00+05:30,249.4499969482422,249.4499969482422,249.10000610351562,249.24000549316406,51232.0
2026-08-07 10:10:00+05:30,249.1199951171875,249.27000427246094,248.8699951171875,248.9499969482422,35891.0
2026-08-07 10:15:00+05:30,248.9499969482422,248.9499969482422,248.3699951171875,248.4600067138672,84023.0
2026-08-07 10:20:00+05:30,248.47999572753906,248.7100067138672,248.3000030517578,248.3000030517578,45767.0
2026-08-07 10:25:00+05:30,248.3000030517578,248.42999267578125,248.17999267578125,248.30999755859375,39967.0
2026-08-07 10:30:00+05:30,248.32000732421875,248.36000061035156,248.02999877929688,248.16000366210938,67789.0
2026-08-07 10:35:00+05:30,248.25,248.72000122070312,248.17999267578125,248.72000122070312,99936.0
2026-08-07 10:40:00+05:30,248.64999389648438,248.75999450683594,248.5,248.6999969482422,58285.0
2026-08-07 10:45:00+05:30,248.6999969482422,248.8800048828125,248.5,248.64999389648438,43402.0
2026-08-07 10:50:00+05:30,248.5800018310547,248.75,248.4600067138672,248.57000732421875,49539.0
2026-08-07 10:55:00+05:30,248.61000061035156,249.17999267578125,248.5500030517578,248.88999938964844,112640.0
2026-08-07 11:00:00+05:30,248.8699951171875,249.02999877929688,248.5,249.00999450683594,419370.0
2026-08-07 11:05:00+05:30,249.0,249.66000366210938,249.0,249.63999938964844,125343.0
2026-08-07 11:10:00+05:30,249.75,249.97000122070312,249.6999969482422,249.8000030517578,129782.0
2026-08-07 11:15:00+05:30,249.8000030517578,249.88999938964844,249.66000366210938,249.8800048828125,78432.0
2026-08-07 11:20:00+05:30,249.8800048828125,250.0,249.63999938964844,249.85000610351562,217459.0
2026-08-07 11:25:00+05:30,249.89999389648438,250.14999389648438,249.72000122070312,249.99000549316406,197450.0
2026-08-07 11:30:00+05:30,249.9199981689453,249.9199981689453,249.60000610351562,249.6699981689453,50376.0
2026-08-07 11:35:00+05:30,249.66000366210938,249.83999633789062,249.52000427246094,249.8000030517578,38231.0
2026-08-07 11:40:00+05:30,249.7899932861328,249.7899932861328,249.55999755859375,249.69000244140625,28887.0
2026-08-07 11:45:00+05:30,249.69000244140625,249.91000366210938,249.66000366210938,249.7100067138672,30199.0
2026-08-07 11:50:00+05:30,249.6999969482422,249.7100067138672,249.5,249.64999389648438,42657.0
2026-08-07 11:55:00+05:30,249.64999389648438,249.75,249.5800018310547,249.75,34206.0
2026-08-07 12:00:00+05:30,249.75,249.94000244140625,249.69000244140625,249.8300018310547,34595.0
2026-08-07 12:05:00+05:30,249.83999633789062,249.83999633789062,249.5,249.6300048828125,38167.0
2026-08-07 12:10:00+05:30,249.6300048828125,249.77999877929688,249.3800048828125,249.5399932861328,61997.0
2026-08-07 12:15:00+05:30,249.5,249.52999877929688,249.16000366210938,249.38999938964844,56280.0
2026-08-07 12:20:00+05:30,249.38999938964844,249.4199981689453,249.19000244140625,249.32000732421875,25866.0
2026-08-07 12:25:00+05:30,249.35000610351562,249.5500030517578,249.3000030517578,249.49000549316406,24842.0
2026-08-07 12:30:00+05:30,249.49000549316406,249.50999450683594,249.33999633789062,249.5,21825.0
2026-08-07 12:35:00+05:30,249.4600067138672,249.57000732421875,249.4600067138672,249.5500030517578,42227.0
2026-08-07 12:40:00+05:30,249.5500030517578,249.5800018310547,249.30999755859375,249.32000732421875,42971.0
2026-08-07 12:45:00+05:30,249.4499969482422,249.5399932861328,249.3000030517578,249.4600067138672,20182.0
2026-08-07 12:50:00+05:30,249.36000061035156,249.47000122070312,249.2100067138672,249.27999877929688,15698.0
2026-08-07 12:55:00+05:30,249.27999877929688,249.3300018310547,249.11000061035156,249.27000427246094,46073.0
2026-08-07 13:00:00+05:30,249.17999267578125,249.25999450683594,249.10000610351562,249.25999450683594,39213.0
2026-08-07 13:05:00+05:30,249.1999969482422,249.3000030517578,249.14999389648438,249.2899932861328,20680.0
2026-08-07 13:10:00+05:30,249.27999877929688,249.27999877929688,249.11000061035156,249.22000122070312,29765.0
2026-08-07 13:15:00+05:30,249.17999267578125,249.2899932861328,249.1199951171875,249.1999969482422,22680.0
2026-08-07 13:20:00+05:30,249.14999389648438,249.3000030517578,249.11000061035156,249.2100067138672,24140.0
2026-08-07 13:25:00+05:30,249.2899932861328,249.49000549316406,249.2100067138672,249.4600067138672,36518.0
2026-08-07 13:30:00+05:30,249.36000061035156,249.5,249.3000030517578,249.42999267578125,24110.0
2026-08-07 13:35:00+05:30,249.35000610351562,249.4600067138672,249.25,249.25,29660.0
2026-08-07 13:40:00+05:30,249.36000061035156,249.4199981689453,249.1999969482422,249.2100067138672,23283.0
2026-08-07 13:45:00+05:30,249.25999450683594,250.69000244140625,249.22000122070312,250.08999633789062,356157.0
2026-08-07 13:50:00+05:30,250.1699981689453,251.24000549316406,250.05999755859375,250.36000061035156,275193.0
2026-08-07 13:55:00+05:30,250.5399932861328,250.60000610351562,249.5,250.27000427246094,200061.0
2026-08-07 14:00:00+05:30,250.27000427246094,250.7100067138672,249.63999938964844,249.8000030517578,98744.0
2026-08-07 14:05:00+05:30,249.8000030517578,249.91000366210938,249.25,249.6199951171875,102439.0
2026-08-07 14:10:00+05:30,249.6699981689453,249.92999267578125,249.5,249.8800048828125,98311.0
2026-08-07 14:15:00+05:30,249.89999389648438,250.5,249.75,250.16000366210938,105014.0
2026-08-07 14:20:00+05:30,250.11000061035156,250.5500030517578,250.11000061035156,250.47000122070312,66192.0
2026-08-07 14:25:00+05:30,250.3800048828125,251.1999969482422,250.25999450683594,251.0,688271.0
2026-08-07 14:30:00+05:30,251.0,251.07000732421875,249.8699951171875,250.22999572753906,103461.0
2026-08-07 14:35:00+05:30,250.22999572753906,250.8300018310547,250.17999267578125,250.4600067138672,84122.0
2026-08-07 14:40:00+05:30,250.5,250.7100067138672,250.24000549316406,250.66000366210938,135284.0
2026-08-07 14:45:00+05:30,250.6999969482422,250.7899932861328,250.4600067138672,250.66000366210938,94814.0
2026-08-07 14:50:00+05:30,250.63999938964844,250.77999877929688,249.9499969482422,250.10000610351562,134499.0
2026-08-07 14:55:00+05:30,250.1300048828125,250.5500030517578,250.11000061035156,250.49000549316406,127419.0
2026-08-07 15:00:00+05:30,250.49000549316406,250.8000030517578,250.44000244140625,250.75,204027.0
2026-08-07 15:05:00+05:30,250.77000427246094,250.8800048828125,250.7100067138672,250.77999877929688,193832.0
2026-08-07 15:10:00+05:30,250.72999572753906,250.77999877929688,250.0,250.0,463296.0
2026-08-07 15:15:00+05:30,250.02999877929688,250.6999969482422,250.02999877929688,250.6999969482422,85906.0
2026-08-10 09:15:00+05:30,250.5,250.6699981689453,248.6999969482422,248.75999450683594,0.0
2026-08-10 09:20:00+05:30,248.86000061035156,249.85000610351562,248.6199951171875,249.58999633789062,221161.0
2026-08-10 09:25:00+05:30,249.47000122070312,250.0800018310547,249.4199981689453,249.83999633789062,113771.0
2026-08-10 09:30:00+05:30,249.77000427246094,250.16000366210938,249.60000610351562,249.63999938964844,207429.0
2026-08-10 09:35:00+05:30,249.63999938964844,250.47000122070312,249.3000030517578,250.3800048828125,319917.0
2026-08-10 09:40:00+05:30,250.32000732421875,250.58999633789062,249.99000549316406,249.99000549316406,119678.0
2026-08-10 09:45:00+05:30,249.99000549316406,250.3000030517578,249.89999389648438,249.89999389648438,94963.0
2026-08-10 09:50:00+05:30,249.9600067138672,250.10000610351562,249.44000244140625,249.5800018310547,173501.0
2026-08-10 09:55:00+05:30,249.5500030517578,250.05999755859375,249.3000030517578,249.42999267578125,202463.0
2026-08-10 10:00:00+05:30,249.42999267578125,249.49000549316406,249.22999572753906,249.47000122070312,38159.0
2026-08-10 10:05:00+05:30,249.4499969482422,249.75,249.36000061035156,249.50999450683594,63125.0
2026-08-10 10:10:00+05:30,249.67999267578125,249.91000366210938,249.4600067138672,249.8800048828125,88567.0
2026-08-10 10:15:00+05:30,249.89999389648438,250.67999267578125,249.89999389648438,250.64999389648438,86525.0
2026-08-10 10:20:00+05:30,250.64999389648438,250.6999969482422,250.3699951171875,250.52000427246094,32648.0
2026-08-10 10:25:00+05:30,250.52000427246094,250.69000244140625,250.13999938964844,250.5399932861328,70496.0
2026-08-10 10:30:00+05:30,250.52000427246094,250.6699981689453,250.2100067138672,250.35000610351562,58759.0
2026-08-10 10:35:00+05:30,250.39999389648438,250.4499969482422,250.07000732421875,250.07000732421875,22374.0
2026-08-10 10:40:00+05:30,250.14999389648438,250.27000427246094,250.0500030517578,250.10000610351562,18268.0
2026-08-10 10:45:00+05:30,250.07000732421875,250.33999633789062,250.07000732421875,250.1999969482422,28535.0
2026-08-10 10:50:00+05:30,250.1999969482422,250.35000610351562,250.02999877929688,250.0500030517578,26751.0
2026-08-10 10:55:00+05:30,250.0,250.11000061035156,250.0,250.0,18479.0
2026-08-10 11:00:00+05:30,250.10000610351562,250.22000122070312,250.02000427246094,250.17999267578125,18886.0
2026-08-10 11:05:00+05:30,250.1300048828125,250.49000549316406,250.02999877929688,250.0500030517578,52868.0
2026-08-10 11:10:00+05:30,250.24000549316406,250.60000610351562,250.1300048828125,250.57000732421875,61046.0
2026-08-10 11:15:00+05:30,250.5500030517578,250.5500030517578,250.00999450683594,250.1999969482422,33042.0
2026-08-10 11:20:00+05:30,250.13999938964844,250.25999450683594,250.0,250.13999938964844,17749.0
2026-08-10 11:25:00+05:30,250.1300048828125,250.13999938964844,250.00999450683594,250.0500030517578,16254.0
2026-08-10 11:30:00+05:30,250.0500030517578,250.0800018310547,249.9499969482422,250.0800018310547,40677.0
2026-08-10 11:35:00+05:30,250.08999633789062,250.35000610351562,250.05999755859375,250.24000549316406,26635.0
2026-08-10 11:40:00+05:30,250.24000549316406,250.25,250.10000610351562,250.14999389648438,9555.0
2026-08-10 11:45:00+05:30,250.14999389648438,250.2100067138672,250.10000610351562,250.1999969482422,18808.0
2026-08-10 11:50:00+05:30,250.10000610351562,250.2899932861328,250.10000610351562,250.11000061035156,30013.0
2026-08-10 11:55:00+05:30,250.11000061035156,250.19000244140625,250.0,250.00999450683594,113692.0
2026-08-10 12:00:00+05:30,250.0,250.0500030517578,249.8800048828125,250.0,58809.0
2026-08-10 12:05:00+05:30,250.0,250.14999389648438,249.9499969482422,250.14999389648438,22568.0
2026-08-10 12:10:00+05:30,250.14999389648438,250.1999969482422,249.9499969482422,250.02000427246094,80471.0
2026-08-10 12:15:00+05:30,250.02999877929688,250.11000061035156,249.82000732421875,249.85000610351562,34697.0
2026-08-10 12:20:00+05:30,249.8000030517578,249.97999572753906,249.64999389648438,249.8300018310547,48930.0
2026-08-10 12:25:00+05:30,249.8300018310547,250.13999938964844,249.6999969482422,250.13999938964844,57554.0
2026-08-10 12:30:00+05:30,250.13999938964844,250.13999938964844,250.0,250.02999877929688,24477.0
2026-08-10 12:35:00+05:30,250.02999877929688,250.05999755859375,249.89999389648438,250.05999755859375,61396.0
2026-08-10 12:40:00+05:30,250.05999755859375,250.0800018310547,248.8800048828125,248.9600067138672,718102.0
2026-08-10 12:45:00+05:30,248.8800048828125,249.1199951171875,248.49000549316406,248.77999877929688,125777.0
2026-08-10 12:50:00+05:30,248.77999877929688,248.80999755859375,248.6999969482422,248.77999877929688,24394.0
2026-08-10 12:55:00+05:30,248.77999877929688,248.8000030517578,248.50999450683594,248.60000610351562,48465.0
2026-08-10 13:00:00+05:30,248.60000610351562,248.69000244140625,248.39999389648438,248.69000244140625,38835.0
2026-08-10 13:05:00+05:30,248.60000610351562,248.67999267578125,248.2100067138672,248.2100067138672,59259.0
2026-08-10 13:10:00+05:30,248.3000030517578,248.3000030517578,247.8000030517578,247.89999389648438,148677.0
2026-08-10 13:15:00+05:30,247.99000549316406,248.1999969482422,247.8800048828125,248.11000061035156,39690.0
2026-08-10 13:20:00+05:30,248.0800018310547,248.08999633789062,247.6999969482422,247.6999969482422,60895.0
2026-08-10 13:25:00+05:30,247.69000244140625,247.8300018310547,247.67999267578125,247.74000549316406,36481.0
2026-08-10 13:30:00+05:30,247.77000427246094,247.88999938964844,247.69000244140625,247.85000610351562,43209.0
2026-08-10 13:35:00+05:30,247.85000610351562,247.88999938964844,247.75,247.83999633789062,25663.0
2026-08-10 13:40:00+05:30,247.83999633789062,247.89999389648438,247.6999969482422,247.82000732421875,50803.0
2026-08-10 13:45:00+05:30,247.77000427246094,247.85000610351562,247.58999633789062,247.85000610351562,31983.0
2026-08-10 13:50:00+05:30,247.80999755859375,247.89999389648438,247.67999267578125,247.75,28457.0
2026-08-10 13:55:00+05:30,247.74000549316406,247.75999450683594,247.6300048828125,247.72000122070312,33823.0
2026-08-10 14:00:00+05:30,247.72000122070312,247.80999755859375,247.50999450683594,247.60000610351562,57277.0
2026-08-10 14:05:00+05:30,247.60000610351562,248.05999755859375,247.5500030517578,248.0,90297.0
2026-08-10 14:10:00+05:30,247.99000549316406,248.2100067138672,247.99000549316406,248.10000610351562,67270.0
2026-08-10 14:15:00+05:30,248.10000610351562,248.17999267578125,248.0,248.07000732421875,57575.0
2026-08-10 14:20:00+05:30,248.07000732421875,248.11000061035156,247.9600067138672,248.0500030517578,35235.0
2026-08-10 14:25:00+05:30,248.0500030517578,248.0800018310547,247.8800048828125,248.0,20849.0
2026-08-10 14:30:00+05:30,248.0,248.0,247.64999389648438,247.69000244140625,47846.0
2026-08-10 14:35:00+05:30,247.75999450683594,247.75999450683594,247.60000610351562,247.64999389648438,58414.0
2026-08-10 14:40:00+05:30,247.7100067138672,247.83999633789062,247.16000366210938,247.25999450683594,82016.0
2026-08-10 14:45:00+05:30,247.3000030517578,247.3000030517578,246.66000366210938,246.75,136096.0
2026-08-10 14:50:00+05:30,246.75999450683594,247.35000610351562,246.74000549316406,247.13999938964844,217542.0
2026-08-10 14:55:00+05:30,247.22999572753906,247.74000549316406,246.8000030517578,246.85000610351562,240680.0
2026-08-10 15:00:00+05:30,246.88999938964844,247.08999633789062,246.36000061035156,246.74000549316406,572595.0
2026-08-10 15:05:00+05:30,246.72000122070312,246.72000122070312,246.1699981689453,246.36000061035156,264472.0
2026-08-10 15:10:00+05:30,246.42999267578125,246.8800048828125,246.32000732421875,246.85000610351562,227096.0
2026-08-10 15:15:00+05:30,246.85000610351562,247.80999755859375,246.85000610351562,247.80999755859375,98569.0
2026-08-11 09:15:00+05:30,246.92999267578125,246.92999267578125,244.2100067138672,245.44000244140625,0.0
2026-08-11 09:20:00+05:30,245.44000244140625,245.63999938964844,245.0,245.60000610351562,460499.0
2026-08-11 09:25:00+05:30,245.60000610351562,245.91000366210938,245.05999755859375,245.19000244140625,153110.0
2026-08-11 09:30:00+05:30,245.1300048828125,245.27999877929688,244.63999938964844,244.6999969482422,141484.0
2026-08-11 09:35:00+05:30,244.7899932861328,244.94000244140625,244.52000427246094,244.52000427246094,516688.0
2026-08-11 09:40:00+05:30,244.55999755859375,244.55999755859375,243.99000549316406,244.49000549316406,704035.0
2026-08-11 09:45:00+05:30,244.49000549316406,244.52000427246094,243.6199951171875,243.82000732421875,435738.0
2026-08-11 09:50:00+05:30,243.85000610351562,244.0,243.6999969482422,243.6999969482422,117875.0
2026-08-11 09:55:00+05:30,243.7100067138672,244.67999267578125,243.7100067138672,244.5800018310547,662329.0
2026-08-11 10:00:00+05:30,244.47000122070312,244.75,244.39999389648438,244.75,161006.0
2026-08-11 10:05:00+05:30,244.6999969482422,245.2899932861328,244.6999969482422,245.1999969482422,140904.0
2026-08-11 10:10:00+05:30,245.1999969482422,245.5,245.08999633789062,245.49000549316406,86163.0
2026-08-11 10:15:00+05:30,245.4600067138672,245.4600067138672,244.9199981689453,244.9600067138672,177099.0
2026-08-11 10:20:00+05:30,245.0,245.00999450683594,244.8000030517578,244.9600067138672,50925.0
2026-08-11 10:25:00+05:30,244.92999267578125,246.1999969482422,244.8800048828125,246.0800018310547,541044.0
2026-08-11 10:30:00+05:30,246.14999389648438,246.14999389648438,245.80999755859375,246.0,137141.0
2026-08-11 10:35:00+05:30,246.07000732421875,246.25999450683594,245.9499969482422,246.13999938964844,115944.0
2026-08-11 10:40:00+05:30,246.16000366210938,246.24000549316406,246.0399932861328,246.0800018310547,76455.0
2026-08-11 10:45:00+05:30,246.0800018310547,246.13999938964844,245.92999267578125,246.10000610351562,81035.0
2026-08-11 10:50:00+05:30,246.10000610351562,246.77999877929688,246.07000732421875,246.75,117493.0
2026-08-11 10:55:00+05:30,246.6999969482422,247.13999938964844,246.67999267578125,246.67999267578125,180775.0
2026-08-11 11:00:00+05:30,246.64999389648438,246.88999938964844,246.60000610351562,246.6699981689453,74513.0
2026-08-11 11:05:00+05:30,246.60000610351562,246.6999969482422,246.3300018310547,246.5800018310547,90471.0
2026-08-11 11:10:00+05:30,246.5800018310547,246.64999389648438,246.1300048828125,246.44000244140625,106104.0
2026-08-11 11:15:00+05:30,246.3000030517578,246.60000610351562,246.13999938964844,246.19000244140625,151173.0
2026-08-11 11:20:00+05:30,246.19000244140625,246.2899932861328,246.0399932861328,246.11000061035156,80827.0
2026-08-11 11:25:00+05:30,246.05999755859375,246.3000030517578,245.9199981689453,246.00999450683594,107978.0
2026-08-11 11:30:00+05:30,246.00999450683594,246.39999389648438,245.9499969482422,246.22999572753906,58030.0
2026-08-11 11:35:00+05:30,246.22999572753906,246.39999389648438,246.1999969482422,246.3000030517578,43732.0
2026-08-11 11:40:00+05:30,246.3000030517578,246.8000030517578,246.3000030517578,246.32000732421875,81283.0
2026-08-11 11:45:00+05:30,246.3000030517578,246.58999633789062,246.25,246.5,46370.0
2026-08-11 11:50:00+05:30,246.4600067138672,246.5,246.32000732421875,246.41000366210938,44381.0
2026-08-11 11:55:00+05:30,246.41000366210938,246.8699951171875,246.27000427246094,246.82000732421875,95887.0
2026-08-11 12:00:00+05:30,246.80999755859375,246.82000732421875,246.6300048828125,246.7899932861328,41165.0
2026-08-11 12:05:00+05:30,246.7899932861328,247.0,246.66000366210938,246.97000122070312,84184.0
2026-08-11 12:10:00+05:30,246.99000549316406,247.2899932861328,246.9499969482422,247.08999633789062,96145.0
2026-08-11 12:15:00+05:30,247.0,247.0800018310547,246.7899932861328,246.89999389648438,23654.0
2026-08-11 12:20:00+05:30,246.9199981689453,246.94000244140625,246.6300048828125,246.64999389648438,74350.0
2026-08-11 12:25:00+05:30,246.64999389648438,247.0,246.63999938964844,246.97999572753906,205340.0
2026-08-11 12:30:00+05:30,247.0,247.0800018310547,246.39999389648438,246.5,234644.0
2026-08-11 12:35:00+05:30,246.5,246.50999450683594,246.22000122070312,246.33999633789062,485283.0
2026-08-11 12:40:00+05:30,246.35000610351562,246.3800048828125,245.97999572753906,246.2899932861328,772942.0
2026-08-11 12:45:00+05:30,246.3800048828125,246.4499969482422,246.0,246.3699951171875,192983.0
2026-08-11 12:50:00+05:30,246.33999633789062,246.4600067138672,246.17999267578125,246.25,211694.0
2026-08-11 12:55:00+05:30,246.3000030517578,246.3699951171875,246.05999755859375,246.2100067138672,218998.0
2026-08-11 13:00:00+05:30,246.25,246.44000244140625,246.14999389648438,246.30999755859375,63180.0
2026-08-11 13:05:00+05:30,246.36000061035156,246.5399932861328,246.2100067138672,246.3699951171875,146817.0
2026-08-11 13:10:00+05:30,246.3699951171875,246.44000244140625,246.0,246.19000244140625,115215.0
2026-08-11 13:15:00+05:30,246.19000244140625,246.36000061035156,246.08999633789062,246.1999969482422,68590.0
2026-08-11 13:20:00+05:30,246.25999450683594,246.32000732421875,246.0399932861328,246.32000732421875,33045.0
2026-08-11 13:25:00+05:30,246.2899932861328,246.42999267578125,246.10000610351562,246.36000061035156,155336.0
2026-08-11 13:30:00+05:30,246.2899932861328,246.4199981689453,246.07000732421875,246.27000427246094,385347.0
2026-08-11 13:35:00+05:30,246.1699981689453,246.41000366210938,245.9499969482422,246.0,103052.0
2026-08-11 13:40:00+05:30,245.97999572753906,246.2899932861328,245.97000122070312,246.0399932861328,186126.0
2026-08-11 13:45:00+05:30,246.0800018310547,246.3000030517578,246.05999755859375,246.05999755859375,121556.0
2026-08-11 13:50:00+05:30,246.11000061035156,246.33999633789062,246.0800018310547,246.11000061035156,126134.0
2026-08-11 13:55:00+05:30,246.1999969482422,246.24000549316406,245.99000549316406,246.1199951171875,126072.0
2026-08-11 14:00:00+05:30,246.13999938964844,246.25999450683594,246.0399932861328,246.1699981689453,108705.0
2026-08-11 14:05:00+05:30,246.14999389648438,246.27000427246094,246.02000427246094,246.1300048828125,114525.0
2026-08-11 14:10:00+05:30,246.16000366210938,246.38999938964844,246.1300048828125,246.3800048828125,132418.0
2026-08-11 14:15:00+05:30,246.3800048828125,246.4499969482422,246.10000610351562,246.25,126089.0
2026-08-11 14:20:00+05:30,246.2100067138672,246.2100067138672,245.77999877929688,245.97000122070312,246862.0
2026-08-11 14:25:00+05:30,245.97000122070312,246.0,245.82000732421875,245.9499969482422,73012.0
2026-08-11 14:30:00+05:30,245.92999267578125,246.0,245.5399932861328,245.60000610351562,117023.0
2026-08-11 14:35:00+05:30,245.66000366210938,245.80999755859375,245.5399932861328,245.6199951171875,183883.0
2026-08-11 14:40:00+05:30,245.55999755859375,245.8699951171875,245.55999755859375,245.8000030517578,325473.0
2026-08-11 14:45:00+05:30,245.7899932861328,246.0,245.75,245.89999389648438,99876.0
2026-08-11 14:50:00+05:30,245.8800048828125,245.89999389648438,245.74000549316406,245.83999633789062,123852.0
2026-08-11 14:55:00+05:30,245.8300018310547,245.89999389648438,245.75999450683594,245.8800048828125,150967.0
2026-08-11 15:00:00+05:30,245.72000122070312,246.02000427246094,245.5800018310547,245.89999389648438,278119.0
2026-08-11 15:05:00+05:30,245.8300018310547,246.19000244140625,245.63999938964844,246.14999389648438,302746.0
2026-08-11 15:10:00+05:30,246.14999389648438,246.1999969482422,245.6999969482422,246.1999969482422,596338.0
2026-08-12 09:15:00+05:30,245.72999572753906,247.11000061035156,245.72999572753906,247.11000061035156,0.0
2026-08-12 09:20:00+05:30,247.4600067138672,248.39999389648438,247.44000244140625,248.2100067138672,196764.0
2026-08-12 09:25:00+05:30,248.25,249.72000122070312,248.2100067138672,249.17999267578125,291019.0
2026-08-12 09:30:00+05:30,249.17999267578125,249.35000610351562,248.3000030517578,249.24000549316406,273492.0
2026-08-12 09:35:00+05:30,249.27999877929688,250.10000610351562,249.14999389648438,249.6999969482422,366075.0
2026-08-12 09:40:00+05:30,249.75,250.22999572753906,249.72000122070312,250.13999938964844,176098.0
2026-08-12 09:45:00+05:30,250.13999938964844,250.39999389648438,249.72000122070312,250.27000427246094,303331.0
2026-08-12 09:50:00+05:30,250.27000427246094,250.49000549316406,249.89999389648438,250.42999267578125,278208.0
2026-08-12 09:55:00+05:30,250.4199981689453,250.4199981689453,249.8000030517578,250.11000061035156,167833.0
2026-08-12 10:00:00+05:30,250.1699981689453,250.39999389648438,249.97999572753906,250.25999450683594,110089.0
2026-08-12 10:05:00+05:30,250.1699981689453,250.22000122070312,249.8699951171875,249.94000244140625,77748.0
2026-08-12 10:10:00+05:30,250.02999877929688,250.60000610351562,250.00999450683594,250.39999389648438,265076.0
2026-08-12 10:15:00+05:30,250.24000549316406,250.4499969482422,249.9199981689453,250.4499969482422,159368.0
2026-08-12 10:20:00+05:30,250.41000366210938,251.33999633789062,250.41000366210938,250.8699951171875,554540.0
2026-08-12 10:25:00+05:30,250.9199981689453,251.14999389648438,250.60000610351562,251.07000732421875,304032.0
2026-08-12 10:30:00+05:30,251.08999633789062,251.1999969482422,250.85000610351562,251.11000061035156,166168.0
2026-08-12 10:35:00+05:30,251.1300048828125,251.1300048828125,250.32000732421875,250.60000610351562,176614.0
2026-08-12 10:40:00+05:30,250.6300048828125,250.6999969482422,250.30999755859375,250.5,85046.0
2026-08-12 10:45:00+05:30,250.5,250.60000610351562,250.25999450683594,250.47000122070312,73925.0
2026-08-12 10:50:00+05:30,250.58999633789062,250.6699981689453,250.3699951171875,250.64999389648438,97869.0
2026-08-12 10:55:00+05:30,250.64999389648438,250.69000244140625,250.27999877929688,250.5,92338.0
2026-08-12 11:00:00+05:30,250.57000732421875,250.60000610351562,249.92999267578125,249.9600067138672,190974.0
2026-08-12 11:05:00+05:30,249.9499969482422,250.4499969482422,249.9499969482422,250.4499969482422,63745.0
2026-08-12 11:10:00+05:30,250.5,250.5,250.0399932861328,250.05999755859375,52669.0
2026-08-12 11:15:00+05:30,250.08999633789062,250.2899932861328,249.80999755859375,249.82000732421875,77218.0
2026-08-12 11:20:00+05:30,249.6999969482422,249.94000244140625,249.5500030517578,249.6199951171875,68668.0
2026-08-12 11:25:00+05:30,249.63999938964844,249.6999969482422,249.14999389648438,249.14999389648438,289801.0
2026-08-12 11:30:00+05:30,249.11000061035156,249.22999572753906,248.6300048828125,249.0,127350.0
2026-08-12 11:35:00+05:30,249.02999877929688,249.22000122070312,248.8000030517578,248.86000061035156,43628.0
2026-08-12 11:40:00+05:30,248.80999755859375,249.10000610351562,248.63999938964844,249.0399932861328,46450.0
2026-08-12 11:45:00+05:30,249.07000732421875,249.30999755859375,249.0500030517578,249.3000030517578,55970.0
2026-08-12 11:50:00+05:30,249.13999938964844,249.35000610351562,248.9499969482422,249.22999572753906,74344.0
2026-08-12 11:55:00+05:30,249.22999572753906,249.41000366210938,249.0800018310547,249.36000061035156,37742.0
2026-08-12 12:00:00+05:30,249.2899932861328,249.3000030517578,249.05999755859375,249.22000122070312,35295.0
2026-08-12 12:05:00+05:30,249.1999969482422,249.49000549316406,249.19000244140625,249.24000549316406,36428.0
2026-08-12 12:10:00+05:30,249.24000549316406,249.24000549316406,248.64999389648438,248.85000610351562,59923.0
2026-08-12 12:15:00+05:30,248.9499969482422,249.0,248.83999633789062,248.9199981689453,31820.0
2026-08-12 12:20:00+05:30,248.94000244140625,248.97999572753906,248.75,248.9499969482422,29546.0
2026-08-12 12:25:00+05:30,248.99000549316406,249.1300048828125,248.8800048828125,249.1199951171875,34208.0
2026-08-12 12:30:00+05:30,249.11000061035156,249.2100067138672,248.85000610351562,249.2100067138672,56574.0
2026-08-12 12:35:00+05:30,249.19000244140625,249.3000030517578,249.08999633789062,249.27999877929688,21548.0
2026-08-12 12:40:00+05:30,249.2899932861328,249.60000610351562,249.2100067138672,249.2100067138672,73045.0
2026-08-12 12:45:00+05:30,249.2100067138672,249.33999633789062,249.07000732421875,249.25,30819.0
2026-08-12 12:50:00+05:30,249.25,249.4199981689453,249.14999389648438,249.25,21971.0
2026-08-12 12:55:00+05:30,249.25,249.49000549316406,249.17999267578125,249.4499969482422,40623.0
2026-08-12 13:00:00+05:30,249.4499969482422,249.75999450683594,249.2899932861328,249.75999450683594,56567.0
2026-08-12 13:05:00+05:30,249.75999450683594,249.89999389648438,249.6999969482422,249.8000030517578,31945.0
2026-08-12 13:10:00+05:30,249.83999633789062,249.83999633789062,249.3300018310547,249.39999389648438,25915.0
2026-08-12 13:15:00+05:30,249.3800048828125,249.83999633789062,249.3800048828125,249.72000122070312,33478.0
2026-08-12 13:20:00+05:30,249.58999633789062,249.75999450683594,249.57000732421875,249.58999633789062,34093.0
2026-08-12 13:25:00+05:30,249.6300048828125,249.77000427246094,249.3000030517578,249.58999633789062,130995.0
2026-08-12 13:30:00+05:30,249.58999633789062,249.75999450683594,249.52000427246094,249.60000610351562,18453.0
2026-08-12 13:35:00+05:30,249.60000610351562,249.9499969482422,249.60000610351562,249.83999633789062,23054.0
2026-08-12 13:40:00+05:30,249.80999755859375,249.8800048828125,249.5800018310547,249.60000610351562,23053.0
2026-08-12 13:45:00+05:30,249.6999969482422,249.72999572753906,249.58999633789062,249.6999969482422,18395.0
2026-08-12 13:50:00+05:30,249.72999572753906,249.83999633789062,249.66000366210938,249.75,36632.0
2026-08-12 13:55:00+05:30,249.74000549316406,249.86000061035156,249.44000244140625,249.72999572753906,77555.0
2026-08-12 14:00:00+05:30,249.75,249.7899932861328,249.61000061035156,249.6999969482422,35156.0
2026-08-12 14:05:00+05:30,249.6999969482422,249.75,249.57000732421875,249.6999969482422,22167.0
2026-08-12 14:10:00+05:30,249.6999969482422,249.6999969482422,249.52000427246094,249.69000244140625,25468.0
2026-08-12 14:15:00+05:30,249.6199951171875,249.8800048828125,249.47000122070312,249.5500030517578,43179.0
2026-08-12 14:20:00+05:30,249.5500030517578,249.64999389648438,249.25999450683594,249.25999450683594,35077.0
2026-08-12 14:25:00+05:30,249.3000030517578,249.39999389648438,249.11000061035156,249.3000030517578,36701.0
2026-08-12 14:30:00+05:30,249.32000732421875,250.0800018310547,249.2899932861328,250.0,197046.0
2026-08-12 14:35:00+05:30,250.0,250.10000610351562,249.83999633789062,249.97999572753906,61215.0
2026-08-12 14:40:00+05:30,249.9499969482422,249.9499969482422,249.8000030517578,249.85000610351562,32842.0
2026-08-12 14:45:00+05:30,249.8000030517578,249.97999572753906,249.69000244140625,249.85000610351562,137102.0
2026-08-12 14:50:00+05:30,249.80999755859375,249.9499969482422,249.6999969482422,249.9499969482422,46670.0
2026-08-12 14:55:00+05:30,250.08999633789062,250.08999633789062,249.85000610351562,249.91000366210938,97224.0
2026-08-12 15:00:00+05:30,249.9499969482422,250.5,249.85000610351562,250.44000244140625,117885.0
2026-08-12 15:05:00+05:30,250.4499969482422,250.4499969482422,249.89999389648438,249.97999572753906,182509.0
2026-08-12 15:10:00+05:30,250.02000427246094,250.22999572753906,249.72000122070312,249.89999389648438,430031.0
2026-08-12 15:15:00+05:30,249.89999389648438,251.0,249.89999389648438,251.0,185156.0
2026-08-13 09:15:00+05:30,250.7100067138672,250.7100067138672,247.67999267578125,249.0,0.0
2026-08-13 09:20:00+05:30,248.97000122070312,248.97000122070312,248.10000610351562,248.36000061035156,111301.0
2026-08-13 09:25:00+05:30,248.27000427246094,248.89999389648438,248.1999969482422,248.89999389648438,54551.0
2026-08-13 09:30:00+05:30,248.88999938964844,249.02999877929688,248.60000610351562,248.9600067138672,58942.0
2026-08-13 09:35:00+05:30,248.92999267578125,249.05999755859375,248.75,248.82000732421875,33850.0
2026-08-13 09:40:00+05:30,248.82000732421875,248.9600067138672,248.77999877929688,248.83999633789062,31742.0
2026-08-13 09:45:00+05:30,248.82000732421875,250.39999389648438,248.82000732421875,250.0,189212.0
2026-08-13 09:50:00+05:30,249.9499969482422,250.1699981689453,249.52000427246094,249.8000030517578,64432.0
2026-08-13 09:55:00+05:30,249.88999938964844,249.88999938964844,249.60000610351562,249.75999450683594,40223.0
2026-08-13 10:00:00+05:30,249.75999450683594,249.8000030517578,249.66000366210938,249.69000244140625,27001.0
2026-08-13 10:05:00+05:30,249.72000122070312,249.72000122070312,249.44000244140625,249.5399932861328,29795.0
2026-08-13 10:10:00+05:30,249.5399932861328,249.5500030517578,249.02999877929688,249.02999877929688,34934.0
2026-08-13 10:15:00+05:30,249.05999755859375,249.07000732421875,248.72999572753906,248.8699951171875,53004.0
2026-08-13 10:20:00+05:30,248.8800048828125,248.9600067138672,248.44000244140625,248.4600067138672,50770.0
2026-08-13 10:25:00+05:30,248.49000549316406,248.61000061035156,248.39999389648438,248.41000366210938,40511.0
2026-08-13 10:30:00+05:30,248.4600067138672,248.72000122070312,248.36000061035156,248.61000061035156,44434.0
2026-08-13 10:35:00+05:30,248.6199951171875,248.6300048828125,248.5,248.50999450683594,33528.0
2026-08-13 10:40:00+05:30,248.52999877929688,248.67999267578125,248.3800048828125,248.63999938964844,30269.0
2026-08-13 10:45:00+05:30,248.69000244140625,248.86000061035156,248.5399932861328,248.75,22271.0
2026-08-13 10:50:00+05:30,248.82000732421875,248.9499969482422,248.64999389648438,248.7899932861328,32896.0
2026-08-13 10:55:00+05:30,248.6999969482422,248.8300018310547,248.6199951171875,248.69000244140625,25038.0
2026-08-13 11:00:00+05:30,248.7100067138672,248.7100067138672,248.4499969482422,248.47000122070312,37395.0
2026-08-13 11:05:00+05:30,248.52000427246094,248.88999938964844,248.4499969482422,248.7100067138672,209421.0
2026-08-13 11:10:00+05:30,248.6999969482422,248.74000549316406,248.4199981689453,248.49000549316406,28139.0
2026-08-13 11:15:00+05:30,248.42999267578125,248.4499969482422,248.11000061035156,248.27000427246094,41878.0
2026-08-13 11:20:00+05:30,248.27000427246094,248.6199951171875,248.17999267578125,248.52000427246094,53266.0
2026-08-13 11:25:00+05:30,248.47000122070312,248.5800018310547,248.47000122070312,248.52000427246094,23572.0
2026-08-13 11:30:00+05:30,248.52000427246094,248.7100067138672,248.52000427246094,248.58999633789062,35517.0
2026-08-13 11:35:00+05:30,248.55999755859375,248.67999267578125,248.5500030517578,248.6699981689453,25085.0
2026-08-13 11:40:00+05:30,248.72000122070312,248.86000061035156,248.47999572753906,248.52999877929688,53172.0
2026-08-13 11:45:00+05:30,248.52999877929688,248.5399932861328,248.32000732421875,248.4199981689453,10630.0
2026-08-13 11:50:00+05:30,248.41000366210938,248.57000732421875,248.14999389648438,248.14999389648438,360973.0
2026-08-13 11:55:00+05:30,248.16000366210938,248.3000030517578,248.11000061035156,248.3000030517578,37499.0
2026-08-13 12:00:00+05:30,248.30999755859375,248.5399932861328,248.2899932861328,248.3800048828125,80672.0
2026-08-13 12:05:00+05:30,248.33999633789062,248.41000366210938,248.17999267578125,248.22999572753906,47192.0
2026-08-13 12:10:00+05:30,248.22999572753906,248.35000610351562,248.19000244140625,248.35000610351562,50336.0
2026-08-13 12:15:00+05:30,248.30999755859375,248.39999389648438,248.0,248.0,49413.0
2026-08-13 12:20:00+05:30,248.02999877929688,248.38999938964844,248.0,248.27999877929688,34680.0
2026-08-13 12:25:00+05:30,248.27999877929688,248.3699951171875,248.24000549316406,248.36000061035156,24584.0
2026-08-13 12:30:00+05:30,248.4499969482422,248.4499969482422,248.2899932861328,248.36000061035156,22183.0
2026-08-13 12:35:00+05:30,248.36000061035156,248.36000061035156,248.13999938964844,248.17999267578125,22007.0
2026-08-13 12:40:00+05:30,248.22000122070312,248.2899932861328,248.08999633789062,248.1999969482422,19514.0
2026-08-13 12:45:00+05:30,248.22999572753906,248.41000366210938,248.17999267578125,248.3800048828125,21280.0
2026-08-13 12:50:00+05:30,248.3699951171875,248.3699951171875,248.22000122070312,248.3000030517578,22697.0
2026-08-13 12:55:00+05:30,248.3000030517578,248.3800048828125,248.1999969482422,248.3000030517578,17935.0
2026-08-13 13:00:00+05:30,248.3000030517578,248.4499969482422,248.2100067138672,248.27000427246094,25425.0
2026-08-13 13:05:00+05:30,248.27000427246094,248.39999389648438,248.19000244140625,248.39999389648438,13009.0
2026-08-13 13:10:00+05:30,248.39999389648438,248.4600067138672,248.1199951171875,248.1999969482422,25228.0
2026-08-13 13:15:00+05:30,248.1999969482422,248.1999969482422,248.02000427246094,248.07000732421875,19899.0
2026-08-13 13:20:00+05:30,248.0500030517578,248.14999389648438,248.0500030517578,248.14999389648438,15553.0
2026-08-13 13:25:00+05:30,248.14999389648438,248.25999450683594,248.1199951171875,248.19000244140625,13634.0
2026-08-13 13:30:00+05:30,248.19000244140625,248.27000427246094,248.00999450683594,248.2100067138672,20057.0
2026-08-13 13:35:00+05:30,248.2100067138672,248.30999755859375,248.10000610351562,248.3000030517578,16759.0
2026-08-13 13:40:00+05:30,248.3000030517578,248.42999267578125,248.22000122070312,248.39999389648438,12514.0
2026-08-13 13:45:00+05:30,248.38999938964844,248.38999938964844,248.19000244140625,248.2899932861328,15591.0
2026-08-13 13:50:00+05:30,248.24000549316406,248.5,248.17999267578125,248.3699951171875,23558.0
2026-08-13 13:55:00+05:30,248.47000122070312,248.47000122070312,248.24000549316406,248.3699951171875,21063.0
2026-08-13 14:00:00+05:30,248.39999389648438,248.4199981689453,248.22000122070312,248.24000549316406,19035.0
2026-08-13 14:05:00+05:30,248.24000549316406,248.35000610351562,248.1999969482422,248.1999969482422,17233.0
2026-08-13 14:10:00+05:30,248.22000122070312,248.5800018310547,248.17999267578125,248.5,44725.0
2026-08-13 14:15:00+05:30,248.49000549316406,248.5399932861328,248.32000732421875,248.5,67089.0
2026-08-13 14:20:00+05:30,248.5,248.57000732421875,248.47000122070312,248.47999572753906,22169.0
2026-08-13 14:25:00+05:30,248.47999572753906,248.63999938964844,248.44000244140625,248.6199951171875,32519.0
2026-08-13 14:30:00+05:30,248.64999389648438,248.89999389648438,248.47999572753906,248.52000427246094,38950.0
2026-08-13 14:35:00+05:30,248.52000427246094,248.61000061035156,248.52000427246094,248.52000427246094,33417.0
2026-08-13 14:40:00+05:30,248.5500030517578,248.5500030517578,248.3800048828125,248.4199981689453,21426.0
2026-08-13 14:45:00+05:30,248.5,248.50999450683594,248.3699951171875,248.4499969482422,28684.0
2026-08-13 14:50:00+05:30,248.50999450683594,248.52999877929688,248.32000732421875,248.4600067138672,41496.0
2026-08-13 14:55:00+05:30,248.4600067138672,248.47999572753906,248.22999572753906,248.30999755859375,32910.0
2026-08-13 15:00:00+05:30,248.32000732421875,248.39999389648438,248.22000122070312,248.24000549316406,60965.0
2026-08-13 15:05:00+05:30,248.2100067138672,248.2100067138672,248.08999633789062,248.10000610351562,107736.0
2026-08-13 15:10:00+05:30,248.10000610351562,248.49000549316406,248.0,248.0,199293.0
2026-08-14 09:15:00+05:30,248.44000244140625,248.44000244140625,247.5399932861328,248.1699981689453,0.0
2026-08-14 09:20:00+05:30,248.16000366210938,248.49000549316406,248.02999877929688,248.27999877929688,92053.0
2026-08-14 09:25:00+05:30,248.25999450683594,249.39999389648438,248.0500030517578,249.3300018310547,515001.0
2026-08-14 09:30:00+05:30,249.57000732421875,249.8000030517578,249.39999389648438,249.44000244140625,156561.0
2026-08-14 09:35:00+05:30,249.42999267578125,249.89999389648438,249.32000732421875,249.63999938964844,903657.0
2026-08-14 09:40:00+05:30,249.75999450683594,250.17999267578125,248.9499969482422,249.27000427246094,380641.0
2026-08-14 09:45:00+05:30,249.27000427246094,249.35000610351562,249.0500030517578,249.3300018310547,42675.0
2026-08-14 09:50:00+05:30,249.24000549316406,249.7100067138672,249.19000244140625,249.3699951171875,126129.0
2026-08-14 09:55:00+05:30,249.3800048828125,250.11000061035156,249.2100067138672,250.08999633789062,136725.0
2026-08-14 10:00:00+05:30,250.00999450683594,250.05999755859375,249.47000122070312,249.63999938964844,117377.0
2026-08-14 10:05:00+05:30,249.60000610351562,250.5,249.60000610351562,250.44000244140625,255700.0
2026-08-14 10:10:00+05:30,250.3800048828125,250.75999450683594,249.89999389648438,249.89999389648438,162055.0
2026-08-14 10:15:00+05:30,249.89999389648438,250.1300048828125,249.5500030517578,249.55999755859375,91059.0
2026-08-14 10:20:00+05:30,249.55999755859375,249.55999755859375,248.94000244140625,249.05999755859375,88292.0
2026-08-14 10:25:00+05:30,249.05999755859375,249.1699981689453,248.97000122070312,249.0500030517578,32610.0
2026-08-14 10:30:00+05:30,249.1699981689453,249.38999938964844,248.52999877929688,249.16000366210938,64535.0
2026-08-14 10:35:00+05:30,249.3699951171875,249.3699951171875,248.74000549316406,248.9499969482422,48584.0
2026-08-14 10:40:00+05:30,248.9499969482422,248.9499969482422,248.6199951171875,248.7899932861328,26811.0
2026-08-14 10:45:00+05:30,248.82000732421875,248.86000061035156,248.2100067138672,248.85000610351562,76921.0
2026-08-14 10:50:00+05:30,248.77999877929688,248.92999267578125,248.77999877929688,248.8000030517578,23917.0
2026-08-14 10:55:00+05:30,248.7899932861328,248.8000030517578,248.52000427246094,248.69000244140625,46459.0
2026-08-14 11:00:00+05:30,248.58999633789062,248.64999389648438,248.4600067138672,248.64999389648438,32751.0
2026-08-14 11:05:00+05:30,248.6300048828125,248.72000122070312,248.60000610351562,248.72000122070312,22727.0
2026-08-14 11:10:00+05:30,248.72000122070312,248.85000610351562,248.6199951171875,248.85000610351562,31887.0
2026-08-14 11:15:00+05:30,248.85000610351562,249.0,248.77000427246094,248.94000244140625,57370.0
2026-08-14 11:20:00+05:30,248.94000244140625,248.97000122070312,248.82000732421875,248.85000610351562,30818.0
2026-08-14 11:25:00+05:30,248.85000610351562,248.94000244140625,248.61000061035156,248.75999450683594,29313.0
2026-08-14 11:30:00+05:30,248.6999969482422,248.9499969482422,248.57000732421875,248.9499969482422,25841.0
2026-08-14 11:35:00+05:30,248.89999389648438,249.00999450683594,248.77000427246094,249.00999450683594,37248.0
2026-08-14 11:40:00+05:30,249.00999450683594,249.41000366210938,248.9199981689453,249.36000061035156,45825.0
2026-08-14 11:45:00+05:30,249.44000244140625,249.5500030517578,249.3300018310547,249.3300018310547,44445.0
2026-08-14 11:50:00+05:30,249.3300018310547,249.3699951171875,249.17999267578125,249.25,42809.0
2026-08-14 11:55:00+05:30,249.1999969482422,249.2899932861328,248.77999877929688,248.8699951171875,179236.0
2026-08-14 12:00:00+05:30,248.89999389648438,249.0,248.8000030517578,248.8000030517578,56854.0
2026-08-14 12:05:00+05:30,248.80999755859375,248.8800048828125,248.8000030517578,248.8300018310547,26244.0
2026-08-14 12:10:00+05:30,248.8000030517578,249.08999633789062,248.8000030517578,249.08999633789062,29905.0
2026-08-14 12:15:00+05:30,249.0500030517578,249.11000061035156,249.02000427246094,249.0800018310547,27090.0
2026-08-14 12:20:00+05:30,249.0500030517578,249.1999969482422,249.02000427246094,249.14999389648438,37423.0
2026-08-14 12:25:00+05:30,249.14999389648438,249.14999389648438,248.9499969482422,248.9600067138672,38887.0
2026-08-14 12:30:00+05:30,248.97999572753906,249.02999877929688,248.9199981689453,248.9199981689453,14934.0
2026-08-14 12:35:00+05:30,248.9199981689453,248.9199981689453,248.8000030517578,248.8300018310547,23603.0
2026-08-14 12:40:00+05:30,248.8300018310547,248.97000122070312,248.64999389648438,248.85000610351562,77485.0
2026-08-14 12:45:00+05:30,248.85000610351562,248.8800048828125,248.77000427246094,248.8000030517578,12076.0
2026-08-14 12:50:00+05:30,248.8000030517578,248.83999633789062,248.72999572753906,248.8300018310547,11497.0
2026-08-14 12:55:00+05:30,248.7899932861328,248.83999633789062,248.77000427246094,248.80999755859375,13176.0
2026-08-14 13:00:00+05:30,248.80999755859375,248.85000610351562,248.7100067138672,248.82000732421875,21580.0
2026-08-14 13:05:00+05:30,248.8300018310547,248.8800048828125,248.75,248.85000610351562,16513.0
2026-08-14 13:10:00+05:30,248.8000030517578,248.99000549316406,248.77000427246094,248.9600067138672,24220.0
2026-08-14 13:15:00+05:30,248.9600067138672,248.9600067138672,248.7899932861328,248.8000030517578,60996.0
2026-08-14 13:20:00+05:30,248.82000732421875,248.86000061035156,248.75,248.77000427246094,32327.0
2026-08-14 13:25:00+05:30,248.72999572753906,248.83999633789062,248.6300048828125,248.8000030517578,22535.0
2026-08-14 13:30:00+05:30,248.75,248.8000030517578,248.66000366210938,248.6699981689453,19709.0
2026-08-14 13:35:00+05:30,248.6699981689453,248.72999572753906,248.5,248.66000366210938,65974.0
2026-08-14 13:40:00+05:30,248.64999389648438,248.75,248.5399932861328,248.72000122070312,142290.0
2026-08-14 13:45:00+05:30,248.72000122070312,249.19000244140625,248.72000122070312,248.94000244140625,129984.0
2026-08-14 13:50:00+05:30,248.97999572753906,249.1199951171875,248.94000244140625,249.02999877929688,47177.0
2026-08-14 13:55:00+05:30,249.02999877929688,249.10000610351562,248.8800048828125,248.97000122070312,138105.0
2026-08-14 14:00:00+05:30,248.97000122070312,249.32000732421875,248.9600067138672,249.07000732421875,98344.0
2026-08-14 14:05:00+05:30,249.10000610351562,249.1699981689453,249.02000427246094,249.05999755859375,29205.0
2026-08-14 14:10:00+05:30,249.05999755859375,249.11000061035156,248.91000366210938,248.97999572753906,33809.0
2026-08-14 14:15:00+05:30,248.92999267578125,249.0,248.77999877929688,248.77999877929688,37336.0
2026-08-14 14:20:00+05:30,248.77999877929688,248.8800048828125,248.67999267578125,248.8000030517578,56589.0
2026-08-14 14:25:00+05:30,248.74000549316406,249.0,248.69000244140625,248.86000061035156,76647.0
2026-08-14 14:30:00+05:30,248.86000061035156,249.19000244140625,248.83999633789062,249.1199951171875,59344.0
2026-08-14 14:35:00+05:30,249.13999938964844,249.5,249.13999938964844,249.41000366210938,108132.0
2026-08-14 14:40:00+05:30,249.33999633789062,249.49000549316406,249.22999572753906,249.25,135242.0
2026-08-14 14:45:00+05:30,249.25,249.27000427246094,248.91000366210938,249.00999450683594,80977.0
2026-08-14 14:50:00+05:30,249.02999877929688,249.41000366210938,248.91000366210938,249.10000610351562,246783.0
2026-08-14 14:55:00+05:30,249.1300048828125,249.17999267578125,248.80999755859375,248.86000061035156,169655.0
2026-08-14 15:00:00+05:30,248.8699951171875,248.89999389648438,248.7100067138672,248.86000061035156,172572.0
2026-08-14 15:05:00+05:30,248.82000732421875,248.89999389648438,248.4499969482422,248.5399932861328,410383.0
2026-08-14 15:10:00+05:30,248.55999755859375,248.75,248.27000427246094,248.49000549316406,441231.0
2026-08-14 15:15:00+05:30,248.27000427246094,248.27000427246094,248.22000122070312,248.22000122070312,123839.0
2026-08-17 09:15:00+05:30,247.3000030517578,247.3000030517578,245.57000732421875,245.94000244140625,0.0
2026-08-17 09:20:00+05:30,245.5500030517578,245.5500030517578,244.89999389648438,245.42999267578125,179074.0
2026-08-17 09:25:00+05:30,245.3300018310547,245.72999572753906,245.05999755859375,245.14999389648438,96530.0
2026-08-17 09:30:00+05:30,245.10000610351562,245.1300048828125,244.89999389648438,245.10000610351562,95429.0
2026-08-17 09:35:00+05:30,245.10000610351562,245.49000549316406,245.0500030517578,245.22999572753906,30945.0
2026-08-17 09:40:00+05:30,245.22999572753906,245.39999389648438,244.5500030517578,244.64999389648438,126975.0
2026-08-17 09:45:00+05:30,244.77000427246094,244.99000549316406,244.60000610351562,244.99000549316406,72276.0
2026-08-17 09:50:00+05:30,244.75999450683594,244.97999572753906,244.75999450683594,244.8000030517578,108719.0
2026-08-17 09:55:00+05:30,244.8000030517578,244.94000244140625,244.75999450683594,244.94000244140625,35699.0
2026-08-17 10:00:00+05:30,244.89999389648438,245.02999877929688,244.82000732421875,244.8300018310547,37136.0
2026-08-17 10:05:00+05:30,244.88999938964844,245.14999389648438,244.85000610351562,245.1300048828125,34853.0
2026-08-17 10:10:00+05:30,245.1199951171875,245.35000610351562,245.02999877929688,245.3000030517578,35960.0
2026-08-17 10:15:00+05:30,245.3000030517578,245.3000030517578,244.67999267578125,244.72000122070312,62565.0
2026-08-17 10:20:00+05:30,244.67999267578125,244.72000122070312,244.10000610351562,244.2100067138672,116947.0
2026-08-17 10:25:00+05:30,244.14999389648438,244.4199981689453,244.1199951171875,244.3000030517578,36112.0
2026-08-17 10:30:00+05:30,244.2100067138672,244.4199981689453,244.1699981689453,244.39999389648438,42624.0
2026-08-17 10:35:00+05:30,244.2899932861328,244.5500030517578,244.22999572753906,244.41000366210938,34179.0
2026-08-17 10:40:00+05:30,244.47000122070312,244.47000122070312,244.25,244.35000610351562,40959.0
2026-08-17 10:45:00+05:30,244.35000610351562,244.60000610351562,244.25,244.5500030517578,20139.0
2026-08-17 10:50:00+05:30,244.52999877929688,244.77999877929688,244.50999450683594,244.6999969482422,21616.0
2026-08-17 10:55:00+05:30,244.67999267578125,244.74000549316406,244.60000610351562,244.67999267578125,15433.0
2026-08-17 11:00:00+05:30,244.64999389648438,244.6699981689453,244.35000610351562,244.39999389648438,63310.0
2026-08-17 11:05:00+05:30,244.42999267578125,244.42999267578125,244.10000610351562,244.22999572753906,42906.0
2026-08-17 11:10:00+05:30,244.1199951171875,244.2899932861328,244.10000610351562,244.14999389648438,23671.0
2026-08-17 11:15:00+05:30,244.17999267578125,244.3000030517578,244.1199951171875,244.25,18691.0
2026-08-17 11:20:00+05:30,244.25,244.38999938964844,244.10000610351562,244.1699981689453,29102.0
2026-08-17 11:25:00+05:30,244.24000549316406,244.41000366210938,244.19000244140625,244.25,22801.0
2026-08-17 11:30:00+05:30,244.36000061035156,244.38999938964844,244.1999969482422,244.24000549316406,29359.0
2026-08-17 11:35:00+05:30,244.33999633789062,244.35000610351562,243.8300018310547,243.9600067138672,151269.0
2026-08-17 11:40:00+05:30,243.8699951171875,244.0,243.75,243.77000427246094,50296.0
2026-08-17 11:45:00+05:30,243.83999633789062,243.88999938964844,243.67999267578125,243.82000732421875,49232.0
2026-08-17 11:50:00+05:30,243.82000732421875,243.8300018310547,243.25,243.35000610351562,162406.0
2026-08-17 11:55:00+05:30,243.3800048828125,243.52999877929688,243.2899932861328,243.4499969482422,82289.0
2026-08-17 12:00:00+05:30,243.4600067138672,243.64999389648438,243.39999389648438,243.5500030517578,54093.0
2026-08-17 12:05:00+05:30,243.60000610351562,243.67999267578125,243.52000427246094,243.5500030517578,31151.0
2026-08-17 12:10:00+05:30,243.5500030517578,243.72000122070312,243.5500030517578,243.64999389648438,29822.0
2026-08-17 12:15:00+05:30,243.67999267578125,243.9499969482422,243.66000366210938,243.85000610351562,114115.0
2026-08-17 12:20:00+05:30,243.85000610351562,243.9499969482422,243.58999633789062,243.6999969482422,80087.0
2026-08-17 12:25:00+05:30,243.6999969482422,243.9499969482422,243.60000610351562,243.86000061035156,73460.0
2026-08-17 12:30:00+05:30,243.8800048828125,244.4199981689453,243.85000610351562,244.1300048828125,91786.0
2026-08-17 12:35:00+05:30,244.1300048828125,244.5800018310547,244.10000610351562,244.39999389648438,116765.0
2026-08-17 12:40:00+05:30,244.41000366210938,244.63999938964844,244.39999389648438,244.63999938964844,80345.0
2026-08-17 12:45:00+05:30,244.55999755859375,245.8699951171875,244.55999755859375,245.35000610351562,443910.0
2026-08-17 12:50:00+05:30,245.42999267578125,245.97999572753906,245.42999267578125,245.75999450683594,165998.0
2026-08-17 12:55:00+05:30,245.85000610351562,246.6699981689453,245.7899932861328,246.3800048828125,239082.0
2026-08-17 13:00:00+05:30,246.4499969482422,247.36000061035156,246.3800048828125,247.0,309290.0
2026-08-17 13:05:00+05:30,247.0,247.32000732421875,246.7899932861328,246.82000732421875,126800.0
2026-08-17 13:10:00+05:30,246.85000610351562,247.4499969482422,246.8000030517578,247.11000061035156,191168.0
2026-08-17 13:15:00+05:30,247.13999938964844,247.32000732421875,246.97999572753906,247.2100067138672,168791.0
2026-08-17 13:20:00+05:30,247.2100067138672,247.3699951171875,246.75999450683594,246.8000030517578,109832.0
2026-08-17 13:25:00+05:30,246.8699951171875,246.8800048828125,246.61000061035156,246.61000061035156,48940.0
2026-08-17 13:30:00+05:30,246.61000061035156,246.89999389648438,246.39999389648438,246.58999633789062,115137.0
2026-08-17 13:35:00+05:30,246.60000610351562,246.75,246.44000244140625,246.66000366210938,50786.0
2026-08-17 13:40:00+05:30,246.63999938964844,246.97000122070312,246.50999450683594,246.88999938964844,57129.0
2026-08-17 13:45:00+05:30,246.88999938964844,247.0,246.61000061035156,246.61000061035156,49432.0
2026-08-17 13:50:00+05:30,246.6699981689453,246.8699951171875,246.42999267578125,246.5,59388.0
2026-08-17 13:55:00+05:30,246.49000549316406,246.72000122070312,246.4199981689453,246.61000061035156,55024.0
2026-08-17 14:00:00+05:30,246.72000122070312,246.89999389648438,246.5399932861328,246.58999633789062,26768.0
2026-08-17 14:05:00+05:30,246.75999450683594,246.94000244140625,246.60000610351562,246.6199951171875,58709.0
2026-08-17 14:10:00+05:30,246.66000366210938,246.77999877929688,246.49000549316406,246.5,38413.0
2026-08-17 14:15:00+05:30,246.5,246.9600067138672,246.41000366210938,246.7100067138672,58259.0
2026-08-17 14:20:00+05:30,246.75,246.8000030517578,246.44000244140625,246.4499969482422,51557.0
2026-08-17 14:25:00+05:30,246.47000122070312,246.7899932861328,246.4199981689453,246.57000732421875,26926.0
2026-08-17 14:30:00+05:30,246.61000061035156,246.72000122070312,246.42999267578125,246.50999450683594,44840.0
2026-08-17 14:35:00+05:30,246.58999633789062,246.64999389648438,246.33999633789062,246.35000610351562,58084.0
2026-08-17 14:40:00+05:30,246.4499969482422,246.67999267578125,246.35000610351562,246.66000366210938,47140.0
2026-08-17 14:45:00+05:30,246.64999389648438,246.6999969482422,246.35000610351562,246.35000610351562,62570.0
2026-08-17 14:50:00+05:30,246.4499969482422,248.08999633789062,246.35000610351562,248.0,373429.0
2026-08-17 14:55:00+05:30,248.05999755859375,248.05999755859375,247.61000061035156,247.85000610351562,246224.0
2026-08-17 15:00:00+05:30,247.7899932861328,247.89999389648438,247.5800018310547,247.75,204075.0
2026-08-17 15:05:00+05:30,247.8000030517578,248.0,247.63999938964844,247.6999969482422,180231.0
2026-08-17 15:10:00+05:30,247.85000610351562,248.0,247.66000366210938,247.89999389648438,221758.0
2026-08-17 15:15:00+05:30,247.89999389648438,247.89999389648438,246.5500030517578,246.5500030517578,273078.0
2026-08-18 09:15:00+05:30,245.47000122070312,247.25999450683594,245.47000122070312,246.22000122070312,0.0
2026-08-18 09:20:00+05:30,246.14999389648438,246.2899932861328,245.6199951171875,245.66000366210938,47602.0
2026-08-18 09:25:00+05:30,245.63999938964844,245.7899932861328,245.25,245.27999877929688,88096.0
2026-08-18 09:30:00+05:30,245.22000122070312,245.66000366210938,245.1699981689453,245.64999389648438,30257.0
2026-08-18 09:35:00+05:30,245.60000610351562,246.02999877929688,245.47999572753906,245.7899932861328,53156.0
2026-08-18 09:40:00+05:30,245.75999450683594,245.83999633789062,245.47000122070312,245.47000122070312,80350.0
2026-08-18 09:45:00+05:30,245.47000122070312,245.86000061035156,245.47000122070312,245.83999633789062,72437.0
2026-08-18 09:50:00+05:30,245.83999633789062,245.89999389648438,245.72000122070312,245.82000732421875,52040.0
2026-08-18 09:55:00+05:30,245.83999633789062,245.85000610351562,245.6999969482422,245.75,42550.0
2026-08-18 10:00:00+05:30,245.75,245.85000610351562,245.60000610351562,245.6999969482422,44310.0
2026-08-18 10:05:00+05:30,245.6999969482422,245.85000610351562,245.6999969482422,245.77000427246094,21987.0
2026-08-18 10:10:00+05:30,245.82000732421875,245.85000610351562,245.6999969482422,245.7100067138672,13313.0
2026-08-18 10:15:00+05:30,245.6999969482422,245.6999969482422,245.47000122070312,245.6199951171875,25412.0
2026-08-18 10:20:00+05:30,245.60000610351562,245.7899932861328,245.57000732421875,245.6199951171875,13050.0
2026-08-18 10:25:00+05:30,245.6199951171875,245.8000030517578,245.6199951171875,245.67999267578125,10535.0
2026-08-18 10:30:00+05:30,245.67999267578125,245.7899932861328,245.55999755859375,245.75,22764.0
2026-08-18 10:35:00+05:30,245.77999877929688,246.14999389648438,245.3699951171875,245.8000030517578,322944.0
2026-08-18 10:40:00+05:30,245.85000610351562,245.85000610351562,245.60000610351562,245.61000061035156,19546.0
2026-08-18 10:45:00+05:30,245.64999389648438,245.64999389648438,245.36000061035156,245.36000061035156,45402.0
2026-08-18 10:50:00+05:30,245.42999267578125,245.67999267578125,245.32000732421875,245.67999267578125,13962.0
2026-08-18 10:55:00+05:30,245.67999267578125,245.74000549316406,245.0399932861328,245.16000366210938,493199.0
2026-08-18 11:00:00+05:30,245.24000549316406,245.24000549316406,245.02000427246094,245.1300048828125,91561.0
2026-08-18 11:05:00+05:30,245.11000061035156,245.44000244140625,245.05999755859375,245.44000244140625,61019.0
2026-08-18 11:10:00+05:30,245.44000244140625,245.44000244140625,245.22999572753906,245.35000610351562,27709.0
2026-08-18 11:15:00+05:30,245.39999389648438,245.57000732421875,245.14999389648438,245.1999969482422,54896.0
2026-08-18 11:20:00+05:30,245.2100067138672,245.3000030517578,245.13999938964844,245.22999572753906,46488.0
2026-08-18 11:25:00+05:30,245.1999969482422,245.22999572753906,245.00999450683594,245.14999389648438,34218.0
2026-08-18 11:30:00+05:30,245.14999389648438,245.14999389648438,244.91000366210938,245.00999450683594,44000.0
2026-08-18 11:35:00+05:30,245.11000061035156,245.22999572753906,244.9199981689453,245.2100067138672,12931.0
2026-08-18 11:40:00+05:30,245.2100067138672,245.2100067138672,245.0800018310547,245.19000244140625,9231.0
2026-08-18 11:45:00+05:30,245.19000244140625,245.2899932861328,245.0800018310547,245.10000610351562,19576.0
2026-08-18 11:50:00+05:30,245.16000366210938,245.39999389648438,245.16000366210938,245.30999755859375,24307.0
2026-08-18 11:55:00+05:30,245.35000610351562,245.6199951171875,245.3000030517578,245.49000549316406,24952.0
2026-08-18 12:00:00+05:30,245.49000549316406,245.5500030517578,245.36000061035156,245.5500030517578,18122.0
2026-08-18 12:05:00+05:30,245.5500030517578,245.5500030517578,245.25,245.25,25461.0
2026-08-18 12:10:00+05:30,245.3000030517578,245.3699951171875,245.22999572753906,245.3300018310547,10547.0
2026-08-18 12:15:00+05:30,245.3000030517578,245.36000061035156,245.10000610351562,245.1300048828125,19750.0
2026-08-18 12:20:00+05:30,245.13999938964844,245.3300018310547,245.0500030517578,245.25,19266.0
2026-08-18 12:25:00+05:30,245.25,245.35000610351562,245.16000366210938,245.3300018310547,8214.0
2026-08-18 12:30:00+05:30,245.3300018310547,245.3699951171875,245.25,245.3699951171875,5897.0
2026-08-18 12:35:00+05:30,245.3699951171875,245.42999267578125,245.13999938964844,245.2100067138672,26079.0
2026-08-18 12:40:00+05:30,245.13999938964844,245.2100067138672,244.99000549316406,244.99000549316406,66169.0
2026-08-18 12:45:00+05:30,244.99000549316406,245.14999389648438,244.91000366210938,245.14999389648438,11908.0
2026-08-18 12:50:00+05:30,245.14999389648438,245.1999969482422,245.14999389648438,245.17999267578125,6319.0
2026-08-18 12:55:00+05:30,245.17999267578125,245.36000061035156,244.9499969482422,245.25999450683594,60772.0
2026-08-18 13:00:00+05:30,245.17999267578125,245.25999450683594,245.14999389648438,245.16000366210938,4592.0
2026-08-18 13:05:00+05:30,245.14999389648438,245.3000030517578,245.05999755859375,245.27000427246094,7413.0
2026-08-18 13:10:00+05:30,245.27000427246094,245.33999633789062,245.2100067138672,245.27999877929688,8825.0
2026-08-18 13:15:00+05:30,245.27999877929688,245.33999633789062,245.1999969482422,245.22999572753906,5534.0
2026-08-18 13:20:00+05:30,245.22000122070312,245.22999572753906,244.8800048828125,245.0,37705.0
2026-08-18 13:25:00+05:30,245.0,245.16000366210938,244.9199981689453,245.05999755859375,25110.0
2026-08-18 13:30:00+05:30,245.07000732421875,245.27000427246094,245.0399932861328,245.16000366210938,19244.0
2026-08-18 13:35:00+05:30,245.16000366210938,245.2100067138672,245.02000427246094,245.02000427246094,11925.0
2026-08-18 13:40:00+05:30,245.07000732421875,245.1999969482422,245.0,245.00999450683594,11935.0
2026-08-18 13:45:00+05:30,245.00999450683594,245.08999633789062,245.0,245.0800018310547,7727.0
2026-08-18 13:50:00+05:30,245.0800018310547,245.0800018310547,244.75,244.8800048828125,29734.0
2026-08-18 13:55:00+05:30,244.8800048828125,244.8800048828125,244.7100067138672,244.7899932861328,19421.0
2026-08-18 14:00:00+05:30,244.7899932861328,245.02999877929688,244.72000122070312,244.9600067138672,27694.0
2026-08-18 14:05:00+05:30,244.9499969482422,244.9600067138672,244.8300018310547,244.83999633789062,7076.0
2026-08-18 14:10:00+05:30,244.8300018310547,244.83999633789062,244.67999267578125,244.75,15266.0
2026-08-18 14:15:00+05:30,244.6999969482422,244.75,244.60000610351562,244.6300048828125,18202.0
2026-08-18 14:20:00+05:30,244.6300048828125,244.6999969482422,244.39999389648438,244.55999755859375,50675.0
2026-08-18 14:25:00+05:30,244.50999450683594,244.60000610351562,244.1699981689453,244.60000610351562,46124.0
2026-08-18 14:30:00+05:30,244.60000610351562,244.6999969482422,244.3300018310547,244.60000610351562,52169.0
2026-08-18 14:35:00+05:30,244.55999755859375,244.57000732421875,244.30999755859375,244.35000610351562,25342.0
2026-08-18 14:40:00+05:30,244.3300018310547,244.52999877929688,244.3000030517578,244.49000549316406,97566.0
2026-08-18 14:45:00+05:30,244.50999450683594,244.50999450683594,244.3300018310547,244.36000061035156,23586.0
2026-08-18 14:50:00+05:30,244.4199981689453,244.4499969482422,244.24000549316406,244.25,55968.0
2026-08-18 14:55:00+05:30,244.24000549316406,244.3300018310547,244.16000366210938,244.25999450683594,30876.0
2026-08-18 15:00:00+05:30,244.3000030517578,244.3699951171875,244.13999938964844,244.13999938964844,76062.0
2026-08-18 15:05:00+05:30,244.13999938964844,244.17999267578125,244.0,244.07000732421875,187007.0
2026-08-18 15:10:00+05:30,244.0,244.5800018310547,243.9600067138672,244.1300048828125,116965.0
2026-08-18 15:15:00+05:30,244.1300048828125,244.1300048828125,244.0,244.0,74462.0
2026-08-19 09:15:00+05:30,243.58999633789062,244.44000244140625,243.25999450683594,244.33999633789062,0.0
2026-08-19 09:20:00+05:30,244.1999969482422,244.41000366210938,244.02000427246094,244.02000427246094,56976.0
2026-08-19 09:25:00+05:30,244.10000610351562,244.1999969482422,243.75,243.86000061035156,44527.0
2026-08-19 09:30:00+05:30,243.85000610351562,243.85000610351562,243.60000610351562,243.77000427246094,94125.0
2026-08-19 09:35:00+05:30,243.66000366210938,243.77000427246094,243.52000427246094,243.6699981689453,55228.0
2026-08-19 09:40:00+05:30,243.7100067138672,244.1999969482422,243.64999389648438,243.89999389648438,72834.0
2026-08-19 09:45:00+05:30,243.9199981689453,244.5500030517578,243.86000061035156,244.5500030517578,94574.0
2026-08-19 09:50:00+05:30,244.52999877929688,245.3800048828125,244.4600067138672,245.14999389648438,248705.0
2026-08-19 09:55:00+05:30,245.22999572753906,245.27999877929688,244.88999938964844,244.9499969482422,78776.0
2026-08-19 10:00:00+05:30,244.9600067138672,244.9600067138672,244.77000427246094,244.8800048828125,68578.0
2026-08-19 10:05:00+05:30,244.89999389648438,245.42999267578125,244.83999633789062,245.3699951171875,105292.0
2026-08-19 10:10:00+05:30,245.3000030517578,245.50999450683594,244.91000366210938,245.02999877929688,114262.0
2026-08-19 10:15:00+05:30,245.05999755859375,245.19000244140625,244.49000549316406,244.50999450683594,58202.0
2026-08-19 10:20:00+05:30,244.5,244.52000427246094,244.2100067138672,244.3699951171875,93415.0
2026-08-19 10:25:00+05:30,244.3699951171875,244.47000122070312,244.1699981689453,244.3300018310547,35820.0
2026-08-19 10:30:00+05:30,244.36000061035156,244.39999389648438,243.9499969482422,243.9499969482422,105015.0
2026-08-19 10:35:00+05:30,244.0,244.02999877929688,243.60000610351562,243.77000427246094,58419.0
2026-08-19 10:40:00+05:30,243.77000427246094,244.02000427246094,243.64999389648438,244.0,60546.0
2026-08-19 10:45:00+05:30,243.97999572753906,244.0399932861328,243.8300018310547,243.8300018310547,36204.0
2026-08-19 10:50:00+05:30,243.8800048828125,243.8800048828125,243.67999267578125,243.69000244140625,20161.0
2026-08-19 10:55:00+05:30,243.6999969482422,243.85000610351562,243.69000244140625,243.85000610351562,131054.0
2026-08-19 11:00:00+05:30,243.8300018310547,243.9199981689453,243.77999877929688,243.9199981689453,26877.0
2026-08-19 11:05:00+05:30,244.0500030517578,244.14999389648438,243.80999755859375,243.97999572753906,37394.0
2026-08-19 11:10:00+05:30,243.97999572753906,244.07000732421875,243.9199981689453,243.9499969482422,20596.0
2026-08-19 11:15:00+05:30,244.0,244.24000549316406,243.9600067138672,244.22000122070312,16117.0
2026-08-19 11:20:00+05:30,244.22999572753906,244.3699951171875,244.0399932861328,244.05999755859375,44051.0
2026-08-19 11:25:00+05:30,244.0500030517578,244.0500030517578,243.89999389648438,243.9199981689453,24394.0
2026-08-19 11:30:00+05:30,243.9199981689453,244.1999969482422,243.89999389648438,244.08999633789062,29349.0
2026-08-19 11:35:00+05:30,244.05999755859375,244.35000610351562,244.05999755859375,244.2899932861328,37038.0
2026-08-19 11:40:00+05:30,244.2899932861328,244.35000610351562,244.0,244.30999755859375,60070.0
2026-08-19 11:45:00+05:30,244.24000549316406,244.60000610351562,244.24000549316406,244.5500030517578,63900.0
2026-08-19 11:50:00+05:30,244.49000549316406,245.07000732421875,244.49000549316406,245.0,272974.0
2026-08-19 11:55:00+05:30,245.0,245.0500030517578,244.55999755859375,244.6999969482422,467494.0
2026-08-19 12:00:00+05:30,244.6999969482422,244.74000549316406,244.47999572753906,244.50999450683594,80044.0
2026-08-19 12:05:00+05:30,244.50999450683594,244.63999938964844,244.27000427246094,244.33999633789062,84505.0
2026-08-19 12:10:00+05:30,244.27000427246094,244.49000549316406,244.17999267578125,244.4199981689453,66780.0
2026-08-19 12:15:00+05:30,244.4199981689453,244.69000244140625,244.38999938964844,244.63999938964844,41284.0
2026-08-19 12:20:00+05:30,244.63999938964844,244.86000061035156,244.5500030517578,244.86000061035156,43168.0
2026-08-19 12:25:00+05:30,244.86000061035156,244.8800048828125,244.69000244140625,244.77999877929688,14006.0
2026-08-19 12:30:00+05:30,244.8300018310547,244.85000610351562,244.44000244140625,244.58999633789062,46535.0
2026-08-19 12:35:00+05:30,244.5500030517578,244.60000610351562,244.33999633789062,244.4600067138672,25655.0
2026-08-19 12:40:00+05:30,244.4600067138672,244.5800018310547,244.39999389648438,244.39999389648438,25104.0
2026-08-19 12:45:00+05:30,244.3300018310547,244.35000610351562,244.11000061035156,244.27000427246094,25050.0
2026-08-19 12:50:00+05:30,244.30999755859375,244.41000366210938,244.22000122070312,244.24000549316406,29282.0
2026-08-19 12:55:00+05:30,244.24000549316406,244.5,244.24000549316406,244.4499969482422,36275.0
2026-08-19 13:00:00+05:30,244.4499969482422,244.55999755859375,244.2899932861328,244.5,43305.0
2026-08-19 13:05:00+05:30,244.5,244.5,244.2899932861328,244.3000030517578,30674.0
2026-08-19 13:10:00+05:30,244.3300018310547,244.33999633789062,244.0399932861328,244.10000610351562,36534.0
2026-08-19 13:15:00+05:30,244.10000610351562,244.17999267578125,244.0,244.0,60515.0
2026-08-19 13:20:00+05:30,244.0500030517578,244.33999633789062,244.0,244.25,18200.0
2026-08-19 13:25:00+05:30,244.2899932861328,244.38999938964844,244.22000122070312,244.32000732421875,10747.0
2026-08-19 13:30:00+05:30,244.33999633789062,244.36000061035156,244.1999969482422,244.27000427246094,68801.0
2026-08-19 13:35:00+05:30,244.32000732421875,244.5,244.3000030517578,244.5,72327.0
2026-08-19 13:40:00+05:30,244.5,244.85000610351562,244.49000549316406,244.66000366210938,315300.0
2026-08-19 13:45:00+05:30,244.7100067138672,244.8000030517578,244.41000366210938,244.4600067138672,54937.0
2026-08-19 13:50:00+05:30,244.52000427246094,244.66000366210938,244.4199981689453,244.5399932861328,18576.0
2026-08-19 13:55:00+05:30,244.5399932861328,244.74000549316406,244.4600067138672,244.52000427246094,28663.0
2026-08-19 14:00:00+05:30,244.5800018310547,244.83999633789062,244.47999572753906,244.67999267578125,115573.0
2026-08-19 14:05:00+05:30,244.69000244140625,244.92999267578125,244.58999633789062,244.8000030517578,54410.0
2026-08-19 14:10:00+05:30,244.75,244.89999389648438,244.75,244.8000030517578,106846.0
2026-08-19 14:15:00+05:30,244.8000030517578,244.8300018310547,244.58999633789062,244.64999389648438,47272.0
2026-08-19 14:20:00+05:30,244.6999969482422,244.6999969482422,244.4499969482422,244.50999450683594,44411.0
2026-08-19 14:25:00+05:30,244.52999877929688,244.63999938964844,244.36000061035156,244.6300048828125,28884.0
2026-08-19 14:30:00+05:30,244.64999389648438,244.6999969482422,244.64999389648438,244.6999969482422,70427.0
2026-08-19 14:35:00+05:30,244.6999969482422,245.41000366210938,244.55999755859375,244.86000061035156,263148.0
2026-08-19 14:40:00+05:30,244.80999755859375,245.0399932861328,244.6300048828125,245.02999877929688,103861.0
2026-08-19 14:45:00+05:30,245.0500030517578,245.10000610351562,245.0,245.0,417599.0
2026-08-19 14:50:00+05:30,245.0399932861328,245.0399932861328,244.89999389648438,244.92999267578125,67937.0
2026-08-19 14:55:00+05:30,244.97999572753906,245.00999450683594,244.92999267578125,244.9600067138672,78833.0
2026-08-19 15:00:00+05:30,244.94000244140625,244.9600067138672,244.83999633789062,244.86000061035156,172493.0
2026-08-19 15:05:00+05:30,244.85000610351562,244.85000610351562,244.66000366210938,244.82000732421875,167153.0
2026-08-19 15:10:00+05:30,244.8000030517578,245.0,244.60000610351562,245.0,284142.0
2026-08-20 09:15:00+05:30,246.22000122070312,246.74000549316406,245.39999389648438,245.39999389648438,0.0
2026-08-20 09:20:00+05:30,245.27999877929688,245.4499969482422,245.1300048828125,245.22000122070312,79461.0
2026-08-20 09:25:00+05:30,245.13999938964844,245.89999389648438,245.13999938964844,245.89999389648438,109620.0
2026-08-20 09:30:00+05:30,245.89999389648438,246.22999572753906,245.72000122070312,246.10000610351562,150264.0
2026-08-20 09:35:00+05:30,246.1300048828125,246.52000427246094,246.1300048828125,246.3699951171875,153953.0
2026-08-20 09:40:00+05:30,246.3699951171875,246.66000366210938,246.27000427246094,246.66000366210938,34933.0
2026-08-20 09:45:00+05:30,246.6999969482422,246.6999969482422,246.25,246.36000061035156,56380.0
2026-08-20 09:50:00+05:30,246.36000061035156,246.5,246.25,246.5,79824.0
2026-08-20 09:55:00+05:30,246.5,247.11000061035156,246.4199981689453,246.99000549316406,340996.0
2026-08-20 10:00:00+05:30,246.94000244140625,246.99000549316406,246.39999389648438,246.5500030517578,77176.0
2026-08-20 10:05:00+05:30,246.5500030517578,246.5500030517578,246.3699951171875,246.47999572753906,105032.0
2026-08-20 10:10:00+05:30,246.41000366210938,246.50999450683594,246.35000610351562,246.47999572753906,65300.0
2026-08-20 10:15:00+05:30,246.39999389648438,246.5,246.36000061035156,246.41000366210938,33480.0
2026-08-20 10:20:00+05:30,246.41000366210938,246.47999572753906,246.35000610351562,246.42999267578125,73032.0
2026-08-20 10:25:00+05:30,246.35000610351562,246.41000366210938,246.14999389648438,246.14999389648438,56154.0
2026-08-20 10:30:00+05:30,246.17999267578125,246.3699951171875,246.14999389648438,246.25,63510.0
2026-08-20 10:35:00+05:30,246.3300018310547,246.3699951171875,246.0399932861328,246.0399932861328,54268.0
2026-08-20 10:40:00+05:30,246.1699981689453,246.30999755859375,245.9600067138672,246.27999877929688,31133.0
2026-08-20 10:45:00+05:30,246.2899932861328,246.5,246.1999969482422,246.25999450683594,40722.0
2026-08-20 10:50:00+05:30,246.35000610351562,246.5800018310547,246.25999450683594,246.38999938964844,36194.0
2026-08-20 10:55:00+05:30,246.3800048828125,246.5800018310547,246.25,246.5800018310547,48111.0
2026-08-20 11:00:00+05:30,246.55999755859375,246.63999938964844,246.3800048828125,246.52000427246094,46709.0
2026-08-20 11:05:00+05:30,246.52000427246094,246.66000366210938,246.3800048828125,246.58999633789062,37960.0
2026-08-20 11:10:00+05:30,246.52999877929688,246.60000610351562,246.3000030517578,246.38999938964844,25394.0
2026-08-20 11:15:00+05:30,246.4199981689453,246.4199981689453,246.0500030517578,246.2899932861328,54889.0
2026-08-20 11:20:00+05:30,246.25999450683594,246.27999877929688,246.0,246.0,41198.0
2026-08-20 11:25:00+05:30,246.08999633789062,246.11000061035156,245.8699951171875,246.02000427246094,50649.0
2026-08-20 11:30:00+05:30,245.89999389648438,246.24000549316406,245.89999389648438,246.24000549316406,31489.0
2026-08-20 11:35:00+05:30,246.25,246.36000061035156,246.17999267578125,246.35000610351562,22254.0
2026-08-20 11:40:00+05:30,246.38999938964844,246.4199981689453,246.07000732421875,246.19000244140625,35443.0
2026-08-20 11:45:00+05:30,246.22999572753906,246.27999877929688,246.08999633789062,246.24000549316406,30569.0
2026-08-20 11:50:00+05:30,246.24000549316406,246.25,245.82000732421875,246.0800018310547,39101.0
2026-08-20 11:55:00+05:30,246.11000061035156,246.1199951171875,245.82000732421875,245.99000549316406,38716.0
2026-08-20 12:00:00+05:30,245.99000549316406,246.0,245.7100067138672,245.9199981689453,37178.0
2026-08-20 12:05:00+05:30,245.92999267578125,246.13999938964844,245.86000061035156,246.07000732421875,24176.0
2026-08-20 12:10:00+05:30,246.07000732421875,246.08999633789062,245.8800048828125,245.94000244140625,24349.0
2026-08-20 12:15:00+05:30,245.88999938964844,246.02999877929688,245.8000030517578,245.97999572753906,34197.0
2026-08-20 12:20:00+05:30,245.97000122070312,245.97999572753906,245.77000427246094,245.77000427246094,29656.0
2026-08-20 12:25:00+05:30,245.85000610351562,245.91000366210938,245.6999969482422,245.82000732421875,36260.0
2026-08-20 12:30:00+05:30,245.80999755859375,245.82000732421875,245.5500030517578,245.69000244140625,67894.0
2026-08-20 12:35:00+05:30,245.6999969482422,246.0500030517578,245.55999755859375,245.72000122070312,260837.0
2026-08-20 12:40:00+05:30,245.7100067138672,245.94000244140625,245.61000061035156,245.8000030517578,102023.0
2026-08-20 12:45:00+05:30,245.8000030517578,246.44000244140625,245.6999969482422,246.44000244140625,113663.0
2026-08-20 12:50:00+05:30,246.44000244140625,246.89999389648438,246.41000366210938,246.6300048828125,111205.0
2026-08-20 12:55:00+05:30,246.69000244140625,246.77000427246094,246.3800048828125,246.66000366210938,49910.0
2026-08-20 13:00:00+05:30,246.6699981689453,246.67999267578125,246.32000732421875,246.44000244140625,38249.0
2026-08-20 13:05:00+05:30,246.4499969482422,246.5,246.25999450683594,246.33999633789062,35914.0
2026-08-20 13:10:00+05:30,246.33999633789062,246.42999267578125,246.17999267578125,246.3800048828125,31092.0
2026-08-20 13:15:00+05:30,246.35000610351562,246.4600067138672,246.2899932861328,246.3000030517578,21666.0
2026-08-20 13:20:00+05:30,246.19000244140625,246.39999389648438,246.19000244140625,246.3000030517578,26915.0
2026-08-20 13:25:00+05:30,246.3000030517578,246.3300018310547,245.97000122070312,246.16000366210938,53278.0
2026-08-20 13:30:00+05:30,246.1699981689453,246.24000549316406,245.9499969482422,246.14999389648438,25051.0
2026-08-20 13:35:00+05:30,246.14999389648438,246.25999450683594,246.0,246.08999633789062,22575.0
2026-08-20 13:40:00+05:30,246.10000610351562,246.10000610351562,245.82000732421875,245.9499969482422,46293.0
2026-08-20 13:45:00+05:30,246.0,246.14999389648438,245.9499969482422,246.0500030517578,37198.0
2026-08-20 13:50:00+05:30,246.0,246.1199951171875,245.85000610351562,245.89999389648438,25134.0
2026-08-20 13:55:00+05:30,245.89999389648438,245.97000122070312,245.7100067138672,245.85000610351562,35514.0
2026-08-20 14:00:00+05:30,245.85000610351562,245.88999938964844,245.6199951171875,245.6199951171875,35897.0
2026-08-20 14:05:00+05:30,245.67999267578125,245.72999572753906,245.39999389648438,245.49000549316406,56957.0
2026-08-20 14:10:00+05:30,245.52999877929688,245.58999633789062,244.89999389648438,245.0,365908.0
2026-08-20 14:15:00+05:30,245.0800018310547,245.10000610351562,244.77999877929688,245.0,49148.0
2026-08-20 14:20:00+05:30,245.0,245.0,244.77999877929688,244.92999267578125,57548.0
2026-08-20 14:25:00+05:30,244.86000061035156,245.0,244.75999450683594,244.9499969482422,177819.0
2026-08-20 14:30:00+05:30,244.97999572753906,245.05999755859375,244.8300018310547,244.9499969482422,45809.0
2026-08-20 14:35:00+05:30,244.97999572753906,245.0,244.75,244.94000244140625,158262.0
2026-08-20 14:40:00+05:30,244.99000549316406,245.0,244.80999755859375,244.8300018310547,129181.0
2026-08-20 14:45:00+05:30,244.8699951171875,244.8699951171875,244.52000427246094,244.72000122070312,61172.0
2026-08-20 14:50:00+05:30,244.7100067138672,244.85000610351562,244.5,244.6999969482422,54613.0
2026-08-20 14:55:00+05:30,244.6699981689453,244.77000427246094,244.39999389648438,244.66000366210938,107223.0
2026-08-20 15:00:00+05:30,244.6999969482422,244.6999969482422,244.27999877929688,244.5,105921.0
2026-08-20 15:05:00+05:30,244.5399932861328,245.10000610351562,244.5399932861328,245.02999877929688,350020.0
2026-08-20 15:10:00+05:30,245.05999755859375,245.0800018310547,244.49000549316406,244.5,208271.0
2026-08-21 09:15:00+05:30,243.97000122070312,244.22999572753906,243.60000610351562,244.22999572753906,0.0
2026-08-21 09:20:00+05:30,244.17999267578125,244.3800048828125,243.8300018310547,244.27000427246094,158101.0
2026-08-21 09:25:00+05:30,244.27000427246094,244.47999572753906,244.11000061035156,244.36000061035156,60073.0
2026-08-21 09:30:00+05:30,244.3800048828125,244.66000366210938,244.32000732421875,244.33999633789062,53794.0
2026-08-21 09:35:00+05:30,244.3800048828125,244.75,244.33999633789062,244.75,91950.0
2026-08-21 09:40:00+05:30,244.72000122070312,245.5500030517578,244.55999755859375,245.41000366210938,123986.0
2026-08-21 09:45:00+05:30,245.3000030517578,245.3699951171875,245.0500030517578,245.05999755859375,82512.0
2026-08-21 09:50:00+05:30,245.08999633789062,245.1999969482422,244.6699981689453,244.7100067138672,120240.0
2026-08-21 09:55:00+05:30,244.5500030517578,244.64999389648438,244.1999969482422,244.1999969482422,289824.0
2026-08-21 10:00:00+05:30,244.22999572753906,244.25999450683594,244.0800018310547,244.1199951171875,94823.0
2026-08-21 10:05:00+05:30,244.1199951171875,244.14999389648438,243.72000122070312,243.72000122070312,124871.0
2026-08-21 10:10:00+05:30,243.6999969482422,243.75999450683594,243.5500030517578,243.67999267578125,182424.0
2026-08-21 10:15:00+05:30,243.7899932861328,244.0,243.72000122070312,243.80999755859375,92668.0
2026-08-21 10:20:00+05:30,243.89999389648438,243.92999267578125,243.75,243.92999267578125,108977.0
2026-08-21 10:25:00+05:30,243.91000366210938,244.05999755859375,243.75,244.0500030517578,101427.0
2026-08-21 10:30:00+05:30,244.1300048828125,244.16000366210938,243.9199981689453,244.0500030517578,107869.0
2026-08-21 10:35:00+05:30,244.0399932861328,244.1199951171875,243.9600067138672,244.0,78674.0
2026-08-21 10:40:00+05:30,244.0,244.39999389648438,244.0,244.38999938964844,93489.0
2026-08-21 10:45:00+05:30,244.3800048828125,244.42999267578125,244.1999969482422,244.32000732421875,76915.0
2026-08-21 10:50:00+05:30,244.22000122070312,244.42999267578125,244.2100067138672,244.3699951171875,95080.0
2026-08-21 10:55:00+05:30,244.3699951171875,244.49000549316406,244.1999969482422,244.22000122070312,109354.0
2026-08-21 11:00:00+05:30,244.25999450683594,244.25999450683594,244.0,244.00999450683594,95491.0
2026-08-21 11:05:00+05:30,244.0,244.10000610351562,243.8000030517578,243.85000610351562,85237.0
2026-08-21 11:10:00+05:30,244.02000427246094,244.5399932861328,243.9600067138672,244.5,152555.0
2026-08-21 11:15:00+05:30,244.52000427246094,244.57000732421875,244.39999389648438,244.47000122070312,73109.0
2026-08-21 11:20:00+05:30,244.5399932861328,244.80999755859375,244.50999450683594,244.58999633789062,89691.0
2026-08-21 11:25:00+05:30,244.60000610351562,244.75,244.50999450683594,244.57000732421875,74161.0
2026-08-21 11:30:00+05:30,244.61000061035156,244.6300048828125,244.47000122070312,244.61000061035156,74178.0
2026-08-21 11:35:00+05:30,244.60000610351562,244.61000061035156,244.25999450683594,244.2899932861328,67497.0
2026-08-21 11:40:00+05:30,244.27000427246094,244.52000427246094,244.17999267578125,244.52000427246094,101016.0
2026-08-21 11:45:00+05:30,244.55999755859375,244.61000061035156,244.3800048828125,244.4600067138672,114098.0
2026-08-21 11:50:00+05:30,244.49000549316406,244.5,244.10000610351562,244.14999389648438,73269.0
2026-08-21 11:55:00+05:30,244.1699981689453,244.1699981689453,243.89999389648438,243.9199981689453,158828.0
2026-08-21 12:00:00+05:30,244.0,244.07000732421875,243.86000061035156,243.89999389648438,49840.0
2026-08-21 12:05:00+05:30,243.94000244140625,244.11000061035156,243.92999267578125,243.9499969482422,79840.0
2026-08-21 12:10:00+05:30,243.99000549316406,244.02999877929688,243.88999938964844,243.9499969482422,190460.0
2026-08-21 12:15:00+05:30,243.99000549316406,244.0,243.8000030517578,243.80999755859375,46887.0
2026-08-21 12:20:00+05:30,243.80999755859375,244.0,243.8000030517578,244.0,98285.0
2026-08-21 12:25:00+05:30,244.0,244.4499969482422,243.9499969482422,244.3000030517578,212378.0
2026-08-21 12:30:00+05:30,244.3300018310547,244.38999938964844,244.14999389648438,244.2100067138672,30084.0
2026-08-21 12:35:00+05:30,244.1999969482422,244.47999572753906,244.1999969482422,244.4199981689453,116898.0
2026-08-21 12:40:00+05:30,244.4199981689453,244.4199981689453,244.24000549316406,244.35000610351562,55140.0
2026-08-21 12:45:00+05:30,244.3800048828125,244.6999969482422,244.3800048828125,244.47000122070312,75345.0
2026-08-21 12:50:00+05:30,244.52000427246094,244.72000122070312,244.39999389648438,244.64999389648438,70689.0
2026-08-21 12:55:00+05:30,244.66000366210938,244.75,244.52999877929688,244.60000610351562,83260.0
2026-08-21 13:00:00+05:30,244.6199951171875,244.6199951171875,244.41000366210938,244.5,41642.0
2026-08-21 13:05:00+05:30,244.50999450683594,245.0,244.5,244.9199981689453,124375.0
2026-08-21 13:10:00+05:30,244.97000122070312,245.0,244.7899932861328,244.8000030517578,51710.0
2026-08-21 13:15:00+05:30,244.83999633789062,245.0,244.8000030517578,244.83999633789062,85712.0
2026-08-21 13:20:00+05:30,244.80999755859375,244.8800048828125,244.61000061035156,244.8000030517578,86546.0
2026-08-21 13:25:00+05:30,244.8000030517578,244.82000732421875,244.60000610351562,244.6699981689453,90827.0
2026-08-21 13:30:00+05:30,244.6699981689453,244.75999450683594,244.25,244.25999450683594,54365.0
2026-08-21 13:35:00+05:30,244.25999450683594,244.3699951171875,244.14999389648438,244.3000030517578,63268.0
2026-08-21 13:40:00+05:30,244.33999633789062,244.6300048828125,244.3000030517578,244.60000610351562,62414.0
2026-08-21 13:45:00+05:30,244.6300048828125,244.67999267578125,244.42999267578125,244.50999450683594,34773.0
2026-08-21 13:50:00+05:30,244.5,244.6999969482422,244.42999267578125,244.5500030517578,76555.0
2026-08-21 13:55:00+05:30,244.5500030517578,244.72000122070312,244.47000122070312,244.52999877929688,68165.0
2026-08-21 14:00:00+05:30,244.5399932861328,244.55999755859375,244.2100067138672,244.33999633789062,135081.0
2026-08-21 14:05:00+05:30,244.33999633789062,244.4199981689453,244.02999877929688,244.4199981689453,374976.0
2026-08-21 14:10:00+05:30,244.41000366210938,244.61000061035156,244.3300018310547,244.5,66690.0
2026-08-21 14:15:00+05:30,244.49000549316406,244.49000549316406,244.32000732421875,244.39999389648438,91296.0
2026-08-21 14:20:00+05:30,244.4600067138672,244.5399932861328,244.35000610351562,244.44000244140625,71137.0
2026-08-21 14:25:00+05:30,244.42999267578125,244.50999450683594,244.33999633789062,244.50999450683594,96615.0
2026-08-21 14:30:00+05:30,244.5399932861328,244.7899932861328,244.5399932861328,244.72999572753906,81428.0
2026-08-21 14:35:00+05:30,244.74000549316406,244.8000030517578,244.39999389648438,244.39999389648438,87586.0
2026-08-21 14:40:00+05:30,244.39999389648438,244.49000549316406,244.39999389648438,244.4199981689453,46351.0
2026-08-21 14:45:00+05:30,244.4600067138672,244.64999389648438,244.4499969482422,244.50999450683594,75213.0
2026-08-21 14:50:00+05:30,244.5800018310547,244.5800018310547,244.42999267578125,244.52000427246094,53691.0
2026-08-21 14:55:00+05:30,244.50999450683594,244.5800018310547,244.41000366210938,244.4499969482422,94368.0
2026-08-21 15:00:00+05:30,244.4499969482422,244.4499969482422,244.25,244.35000610351562,166116.0
2026-08-21 15:05:00+05:30,244.36000061035156,244.38999938964844,244.17999267578125,244.25,232468.0
2026-08-21 15:10:00+05:30,244.22999572753906,244.9499969482422,244.11000061035156,244.9499969482422,352558.0
2026-08-21 15:15:00+05:30,244.99000549316406,247.0,244.99000549316406,247.0,155927.0
2026-08-24 09:15:00+05:30,244.39999389648438,246.1199951171875,244.39999389648438,244.8800048828125,0.0
2026-08-24 09:20:00+05:30,244.8000030517578,244.8000030517578,244.27000427246094,244.49000549316406,153895.0
2026-08-24 09:25:00+05:30,244.47999572753906,244.72000122070312,244.2100067138672,244.38999938964844,139028.0
2026-08-24 09:30:00+05:30,244.5500030517578,244.5500030517578,244.1999969482422,244.39999389648438,74058.0
2026-08-24 09:35:00+05:30,244.27000427246094,244.27000427246094,243.75,243.8000030517578,199245.0
2026-08-24 09:40:00+05:30,243.75,243.82000732421875,243.52000427246094,243.61000061035156,125878.0
2026-08-24 09:45:00+05:30,243.55999755859375,243.66000366210938,243.25,243.35000610351562,139693.0
2026-08-24 09:50:00+05:30,243.36000061035156,243.4499969482422,243.27000427246094,243.4499969482422,81134.0
2026-08-24 09:55:00+05:30,243.39999389648438,243.77999877929688,243.39999389648438,243.7100067138672,109484.0
2026-08-24 10:00:00+05:30,243.7100067138672,243.8000030517578,243.6300048828125,243.7899932861328,54507.0
2026-08-24 10:05:00+05:30,243.8000030517578,243.80999755859375,243.60000610351562,243.66000366210938,57172.0
2026-08-24 10:10:00+05:30,243.66000366210938,243.66000366210938,243.4199981689453,243.4199981689453,73272.0
2026-08-24 10:15:00+05:30,243.5,243.60000610351562,242.94000244140625,242.94000244140625,447320.0
2026-08-24 10:20:00+05:30,242.99000549316406,243.0,242.66000366210938,242.66000366210938,232409.0
2026-08-24 10:25:00+05:30,242.63999938964844,242.63999938964844,242.24000549316406,242.2899932861328,167832.0
2026-08-24 10:30:00+05:30,242.3000030517578,242.47000122070312,242.27999877929688,242.42999267578125,89909.0
2026-08-24 10:35:00+05:30,242.4499969482422,242.5399932861328,242.14999389648438,242.1699981689453,149574.0
2026-08-24 10:40:00+05:30,242.10000610351562,242.33999633789062,242.10000610351562,242.33999633789062,153954.0
2026-08-24 10:45:00+05:30,242.3300018310547,242.3300018310547,242.0,242.02000427246094,166338.0
2026-08-24 10:50:00+05:30,242.11000061035156,242.11000061035156,241.6699981689453,241.75999450683594,286726.0
2026-08-24 10:55:00+05:30,241.8000030517578,241.8000030517578,241.3000030517578,241.3800048828125,211131.0
2026-08-24 11:00:00+05:30,241.3800048828125,241.55999755859375,241.1300048828125,241.1999969482422,168034.0
2026-08-24 11:05:00+05:30,241.1999969482422,242.38999938964844,241.11000061035156,242.14999389648438,741765.0
2026-08-24 11:10:00+05:30,242.0800018310547,242.19000244140625,242.0,242.10000610351562,80198.0
2026-08-24 11:15:00+05:30,242.1199951171875,242.1199951171875,241.6699981689453,241.74000549316406,232364.0
2026-08-24 11:20:00+05:30,241.6999969482422,242.02999877929688,240.74000549316406,240.89999389648438,970175.0
2026-08-24 11:25:00+05:30,240.89999389648438,241.1199951171875,240.83999633789062,241.0,344222.0
2026-08-24 11:30:00+05:30,241.0,241.0,240.88999938964844,241.0,179567.0
2026-08-24 11:35:00+05:30,241.0,241.0,240.9499969482422,241.0,80335.0
2026-08-24 11:40:00+05:30,241.0,241.2100067138672,240.9600067138672,241.2100067138672,205385.0
2026-08-24 11:45:00+05:30,241.1999969482422,241.3699951171875,241.1999969482422,241.27999877929688,129944.0
2026-08-24 11:50:00+05:30,241.27000427246094,241.39999389648438,241.22000122070312,241.3000030517578,120528.0
2026-08-24 11:55:00+05:30,241.38999938964844,241.38999938964844,241.1999969482422,241.1999969482422,60373.0
2026-08-24 12:00:00+05:30,241.22000122070312,241.9199981689453,241.1300048828125,241.52999877929688,1070771.0
2026-08-24 12:05:00+05:30,241.52999877929688,241.52999877929688,241.1699981689453,241.49000549316406,191339.0
2026-08-24 12:10:00+05:30,241.49000549316406,241.88999938964844,241.39999389648438,241.88999938964844,231800.0
2026-08-24 12:15:00+05:30,241.8699951171875,241.8699951171875,241.14999389648438,241.14999389648438,189805.0
2026-08-24 12:20:00+05:30,241.19000244140625,241.19000244140625,240.89999389648438,240.9499969482422,323254.0
2026-08-24 12:25:00+05:30,240.97000122070312,240.99000549316406,240.7899932861328,240.7899932861328,114493.0
2026-08-24 12:30:00+05:30,240.7899932861328,241.05999755859375,240.7100067138672,240.97999572753906,89817.0
2026-08-24 12:35:00+05:30,240.9600067138672,241.08999633789062,240.85000610351562,241.0,98499.0
2026-08-24 12:40:00+05:30,240.9499969482422,241.0399932861328,240.8800048828125,240.97999572753906,88492.0
2026-08-24 12:45:00+05:30,241.0,241.02999877929688,240.89999389648438,240.9499969482422,77113.0
2026-08-24 12:50:00+05:30,241.0,241.0500030517578,240.6999969482422,240.74000549316406,116119.0
2026-08-24 12:55:00+05:30,240.6999969482422,240.88999938964844,240.41000366210938,240.6199951171875,455129.0
2026-08-24 13:00:00+05:30,240.55999755859375,240.7899932861328,240.3000030517578,240.52000427246094,151656.0
2026-08-24 13:05:00+05:30,240.52000427246094,240.52000427246094,239.91000366210938,240.42999267578125,406212.0
2026-08-24 13:10:00+05:30,240.42999267578125,240.4499969482422,240.14999389648438,240.22999572753906,123343.0
2026-08-24 13:15:00+05:30,240.1999969482422,240.5800018310547,240.17999267578125,240.50999450683594,102142.0
2026-08-24 13:20:00+05:30,240.5,240.60000610351562,240.39999389648438,240.5800018310547,65291.0
2026-08-24 13:25:00+05:30,240.61000061035156,240.7100067138672,240.4600067138672,240.6999969482422,89382.0
2026-08-24 13:30:00+05:30,240.7100067138672,240.77999877929688,240.6199951171875,240.69000244140625,111475.0
2026-08-24 13:35:00+05:30,240.63999938964844,240.82000732421875,240.5500030517578,240.7899932861328,97818.0
2026-08-24 13:40:00+05:30,240.8300018310547,240.8300018310547,240.5,240.58999633789062,98683.0
2026-08-24 13:45:00+05:30,240.58999633789062,240.6699981689453,240.3300018310547,240.6699981689453,122610.0
2026-08-24 13:50:00+05:30,240.6699981689453,240.6999969482422,240.5,240.5,84797.0
2026-08-24 13:55:00+05:30,240.5,240.64999389648438,240.44000244140625,240.58999633789062,141222.0
2026-08-24 14:00:00+05:30,240.5,240.6199951171875,240.13999938964844,240.14999389648438,114085.0
2026-08-24 14:05:00+05:30,240.1999969482422,240.4600067138672,240.0399932861328,240.3699951171875,132640.0
2026-08-24 14:10:00+05:30,240.27999877929688,240.44000244140625,240.22000122070312,240.35000610351562,103769.0
2026-08-24 14:15:00+05:30,240.27999877929688,240.36000061035156,240.10000610351562,240.1999969482422,162267.0
2026-08-24 14:20:00+05:30,240.2100067138672,240.38999938964844,240.10000610351562,240.33999633789062,228091.0
2026-08-24 14:25:00+05:30,240.25,240.6999969482422,240.2100067138672,240.6199951171875,105671.0
2026-08-24 14:30:00+05:30,240.6300048828125,240.9499969482422,240.6199951171875,240.88999938964844,112524.0
2026-08-24 14:35:00+05:30,240.99000549316406,241.0800018310547,240.75999450683594,241.0399932861328,293174.0
2026-08-24 14:40:00+05:30,241.0,241.17999267578125,240.83999633789062,240.9600067138672,269738.0
2026-08-24 14:45:00+05:30,240.9499969482422,240.9499969482422,240.6699981689453,240.83999633789062,116069.0
2026-08-24 14:50:00+05:30,240.83999633789062,240.83999633789062,240.6999969482422,240.83999633789062,106795.0
2026-08-24 14:55:00+05:30,240.83999633789062,241.07000732421875,240.8000030517578,240.89999389648438,266505.0
2026-08-24 15:00:00+05:30,240.89999389648438,241.0500030517578,240.83999633789062,240.89999389648438,227184.0
2026-08-24 15:05:00+05:30,240.92999267578125,241.07000732421875,240.64999389648438,240.97000122070312,482581.0
2026-08-24 15:10:00+05:30,240.9499969482422,241.5,240.36000061035156,241.5,507413.0
2026-08-25 09:15:00+05:30,241.5,241.8699951171875,240.3000030517578,241.85000610351562,0.0
2026-08-25 09:20:00+05:30,241.8300018310547,242.32000732421875,241.63999938964844,241.9499969482422,261374.0
2026-08-25 09:25:00+05:30,241.8300018310547,242.0,241.72999572753906,241.83999633789062,89526.0
2026-08-25 09:30:00+05:30,242.0,242.89999389648438,241.99000549316406,242.75,163663.0
2026-08-25 09:35:00+05:30,242.75999450683594,242.80999755859375,242.11000061035156,242.17999267578125,113299.0
2026-08-25 09:40:00+05:30,242.17999267578125,242.32000732421875,241.8300018310547,242.0,97906.0
2026-08-25 09:45:00+05:30,242.02999877929688,242.35000610351562,241.89999389648438,241.89999389648438,49102.0
2026-08-25 09:50:00+05:30,241.9600067138672,242.02000427246094,241.5399932861328,241.86000061035156,125139.0
2026-08-25 09:55:00+05:30,241.89999389648438,241.99000549316406,241.75999450683594,241.83999633789062,28868.0
2026-08-25 10:00:00+05:30,241.8800048828125,241.99000549316406,241.77999877929688,241.99000549316406,24945.0
2026-08-25 10:05:00+05:30,241.99000549316406,242.07000732421875,241.22999572753906,241.3800048828125,119209.0
2026-08-25 10:10:00+05:30,241.41000366210938,241.52999877929688,241.16000366210938,241.35000610351562,55549.0
2026-08-25 10:15:00+05:30,241.3000030517578,241.42999267578125,241.10000610351562,241.3300018310547,91028.0
2026-08-25 10:20:00+05:30,241.32000732421875,241.33999633789062,241.00999450683594,241.08999633789062,124330.0
2026-08-25 10:25:00+05:30,241.08999633789062,241.2899932861328,241.0,241.22999572753906,100696.0
2026-08-25 10:30:00+05:30,241.3800048828125,241.83999633789062,241.3000030517578,241.60000610351562,99382.0
2026-08-25 10:35:00+05:30,241.55999755859375,241.67999267578125,241.25,241.33999633789062,68251.0
2026-08-25 10:40:00+05:30,241.25999450683594,241.8000030517578,241.25999450683594,241.77999877929688,63041.0
2026-08-25 10:45:00+05:30,241.77999877929688,241.88999938964844,241.55999755859375,241.8800048828125,78215.0
2026-08-25 10:50:00+05:30,241.8699951171875,242.50999450683594,241.86000061035156,242.2100067138672,375993.0
2026-08-25 10:55:00+05:30,242.17999267578125,242.27999877929688,241.5,241.6999969482422,571357.0
2026-08-25 11:00:00+05:30,241.69000244140625,241.6999969482422,241.33999633789062,241.52999877929688,86875.0
2026-08-25 11:05:00+05:30,241.52999877929688,241.63999938964844,241.3699951171875,241.47999572753906,71011.0
2026-08-25 11:10:00+05:30,241.39999389648438,241.67999267578125,241.39999389648438,241.63999938964844,37577.0
2026-08-25 11:15:00+05:30,241.6300048828125,241.72999572753906,241.35000610351562,241.39999389648438,70631.0
2026-08-25 11:20:00+05:30,241.3699951171875,241.77000427246094,241.36000061035156,241.77000427246094,96236.0
2026-08-25 11:25:00+05:30,241.69000244140625,241.8800048828125,241.52000427246094,241.5500030517578,75362.0
2026-08-25 11:30:00+05:30,241.5500030517578,241.9499969482422,241.5,241.6999969482422,57799.0
2026-08-25 11:35:00+05:30,241.75999450683594,241.8000030517578,241.50999450683594,241.63999938964844,40183.0
2026-08-25 11:40:00+05:30,241.63999938964844,241.77000427246094,241.4499969482422,241.72999572753906,65204.0
2026-08-25 11:45:00+05:30,241.72999572753906,241.97999572753906,241.60000610351562,241.80999755859375,148122.0
2026-08-25 11:50:00+05:30,241.80999755859375,241.9199981689453,241.5500030517578,241.77000427246094,62505.0
2026-08-25 11:55:00+05:30,241.6199951171875,242.0800018310547,241.5399932861328,241.7899932861328,132264.0
2026-08-25 12:00:00+05:30,241.8300018310547,242.19000244140625,241.7899932861328,241.99000549316406,338874.0
2026-08-25 12:05:00+05:30,242.0,242.07000732421875,241.75999450683594,242.0500030517578,81543.0
2026-08-25 12:10:00+05:30,241.91000366210938,242.08999633789062,241.72000122070312,241.91000366210938,132100.0
2026-08-25 12:15:00+05:30,241.8800048828125,241.9499969482422,241.7100067138672,241.82000732421875,58044.0
2026-08-25 12:20:00+05:30,241.72999572753906,241.83999633789062,241.3800048828125,241.4199981689453,133826.0
2026-08-25 12:25:00+05:30,241.38999938964844,241.5,241.3300018310547,241.3800048828125,95166.0
2026-08-25 12:30:00+05:30,241.41000366210938,241.5,241.25999450683594,241.33999633789062,89576.0
2026-08-25 12:35:00+05:30,241.35000610351562,241.4499969482422,241.19000244140625,241.33999633789062,170047.0
2026-08-25 12:40:00+05:30,241.35000610351562,241.38999938964844,241.0800018310547,241.3300018310547,187959.0
2026-08-25 12:45:00+05:30,241.2899932861328,241.2899932861328,240.8000030517578,240.88999938964844,369399.0
2026-08-25 12:50:00+05:30,240.85000610351562,241.0,240.8000030517578,240.9499969482422,184660.0
2026-08-25 12:55:00+05:30,240.86000061035156,241.1199951171875,240.8300018310547,240.9499969482422,130593.0
2026-08-25 13:00:00+05:30,240.94000244140625,240.97000122070312,240.6999969482422,240.74000549316406,172055.0
2026-08-25 13:05:00+05:30,240.74000549316406,240.80999755859375,240.60000610351562,240.60000610351562,141557.0
2026-08-25 13:10:00+05:30,240.6699981689453,240.8699951171875,240.52000427246094,240.64999389648438,278778.0
2026-08-25 13:15:00+05:30,240.61000061035156,240.86000061035156,240.35000610351562,240.5,201894.0
2026-08-25 13:20:00+05:30,240.5,240.77999877929688,240.41000366210938,240.5,106802.0
2026-08-25 13:25:00+05:30,240.4199981689453,240.67999267578125,240.3300018310547,240.60000610351562,98100.0
2026-08-25 13:30:00+05:30,240.66000366210938,240.7100067138672,240.47999572753906,240.57000732421875,128495.0
2026-08-25 13:35:00+05:30,240.52000427246094,240.6199951171875,240.3000030517578,240.44000244140625,195249.0
2026-08-25 13:40:00+05:30,240.44000244140625,240.5500030517578,240.3300018310547,240.39999389648438,86108.0
2026-08-25 13:45:00+05:30,240.4600067138672,240.63999938964844,240.35000610351562,240.38999938964844,120643.0
2026-08-25 13:50:00+05:30,240.38999938964844,240.88999938964844,240.33999633789062,240.85000610351562,205292.0
2026-08-25 13:55:00+05:30,240.75,240.92999267578125,240.5,240.5,158003.0
2026-08-25 14:00:00+05:30,240.5,240.5399932861328,240.3000030517578,240.35000610351562,295352.0
2026-08-25 14:05:00+05:30,240.47000122070312,240.5,240.0500030517578,240.16000366210938,284267.0
2026-08-25 14:10:00+05:30,240.1199951171875,240.25999450683594,240.0,240.08999633789062,133946.0
2026-08-25 14:15:00+05:30,239.89999389648438,240.60000610351562,239.89999389648438,240.57000732421875,237499.0
2026-08-25 14:20:00+05:30,240.60000610351562,240.66000366210938,240.41000366210938,240.42999267578125,178962.0
2026-08-25 14:25:00+05:30,240.52000427246094,240.72000122070312,240.42999267578125,240.64999389648438,149264.0
2026-08-25 14:30:00+05:30,240.64999389648438,241.30999755859375,240.5,241.10000610351562,256204.0
2026-08-25 14:35:00+05:30,241.0,241.3800048828125,241.0,241.02000427246094,148757.0
2026-08-25 14:40:00+05:30,241.00999450683594,241.1699981689453,240.83999633789062,240.97000122070312,155463.0
2026-08-25 14:45:00+05:30,240.97999572753906,241.0800018310547,240.7100067138672,240.89999389648438,294172.0
2026-08-25 14:50:00+05:30,240.92999267578125,241.1199951171875,240.82000732421875,241.05999755859375,160423.0
2026-08-25 14:55:00+05:30,241.1199951171875,241.13999938964844,240.9199981689453,241.0,184739.0
2026-08-25 15:00:00+05:30,241.00999450683594,241.16000366210938,240.75,240.97000122070312,262553.0
2026-08-25 15:05:00+05:30,240.97000122070312,241.4600067138672,240.6199951171875,241.4600067138672,383728.0
2026-08-25 15:10:00+05:30,241.3000030517578,241.38999938964844,241.0,241.0,416576.0
2026-08-26 09:15:00+05:30,242.1300048828125,244.6999969482422,242.1300048828125,244.2100067138672,0.0
2026-08-26 09:20:00+05:30,244.2100067138672,244.8000030517578,243.8000030517578,244.5800018310547,241784.0
2026-08-26 09:25:00+05:30,244.64999389648438,245.17999267578125,244.52000427246094,245.17999267578125,266346.0
2026-08-26 09:30:00+05:30,245.1999969482422,245.50999450683594,245.0,245.16000366210938,186711.0
2026-08-26 09:35:00+05:30,245.16000366210938,245.1999969482422,244.1999969482422,244.5,153948.0
2026-08-26 09:40:00+05:30,244.50999450683594,244.9499969482422,244.27000427246094,244.30999755859375,165210.0
2026-08-26 09:45:00+05:30,244.3800048828125,244.8000030517578,244.10000610351562,244.10000610351562,91947.0
2026-08-26 09:50:00+05:30,244.10000610351562,244.22999572753906,243.9600067138672,244.0,94441.0
2026-08-26 09:55:00+05:30,244.00999450683594,244.2899932861328,244.00999450683594,244.0500030517578,73924.0
2026-08-26 10:00:00+05:30,243.9600067138672,244.0500030517578,243.6999969482422,243.94000244140625,131567.0
2026-08-26 10:05:00+05:30,244.00999450683594,244.00999450683594,243.60000610351562,243.72000122070312,88744.0
2026-08-26 10:10:00+05:30,243.6699981689453,243.77000427246094,243.47000122070312,243.5800018310547,73399.0
2026-08-26 10:15:00+05:30,243.58999633789062,243.6300048828125,243.30999755859375,243.38999938964844,52622.0
2026-08-26 10:20:00+05:30,243.38999938964844,243.38999938964844,243.0399932861328,243.2100067138672,94114.0
2026-08-26 10:25:00+05:30,243.1999969482422,243.99000549316406,243.1999969482422,243.9600067138672,78620.0
2026-08-26 10:30:00+05:30,243.9499969482422,243.9600067138672,243.83999633789062,243.89999389648438,52525.0
2026-08-26 10:35:00+05:30,243.89999389648438,243.99000549316406,243.75999450683594,243.85000610351562,32402.0
2026-08-26 10:40:00+05:30,243.85000610351562,243.85000610351562,243.7100067138672,243.75999450683594,16002.0
2026-08-26 10:45:00+05:30,243.75999450683594,243.8000030517578,243.63999938964844,243.63999938964844,31222.0
2026-08-26 10:50:00+05:30,243.67999267578125,243.67999267578125,243.52000427246094,243.55999755859375,23796.0
2026-08-26 10:55:00+05:30,243.4600067138672,243.52999877929688,243.41000366210938,243.41000366210938,34654.0
2026-08-26 11:00:00+05:30,243.41000366210938,243.41000366210938,243.17999267578125,243.1999969482422,70429.0
2026-08-26 11:05:00+05:30,243.1999969482422,243.3000030517578,243.10000610351562,243.14999389648438,49582.0
2026-08-26 11:10:00+05:30,243.22000122070312,243.36000061035156,243.13999938964844,243.1699981689453,29180.0
2026-08-26 11:15:00+05:30,243.1699981689453,243.22999572753906,243.02999877929688,243.0500030517578,27853.0
2026-08-26 11:20:00+05:30,243.08999633789062,243.08999633789062,242.9199981689453,243.00999450683594,35989.0
2026-08-26 11:25:00+05:30,243.00999450683594,243.00999450683594,242.86000061035156,242.89999389648438,27825.0
2026-08-26 11:30:00+05:30,242.89999389648438,243.08999633789062,242.8800048828125,243.02999877929688,26706.0
2026-08-26 11:35:00+05:30,243.10000610351562,243.3300018310547,243.10000610351562,243.2100067138672,20944.0
2026-08-26 11:40:00+05:30,243.27000427246094,243.27000427246094,243.1300048828125,243.27000427246094,12167.0
2026-08-26 11:45:00+05:30,243.27999877929688,243.38999938964844,243.25,243.3000030517578,26616.0
2026-08-26 11:50:00+05:30,243.19000244140625,243.22999572753906,243.1199951171875,243.1199951171875,18512.0
2026-08-26 11:55:00+05:30,243.1199951171875,243.35000610351562,243.1199951171875,243.27999877929688,37237.0
2026-08-26 12:00:00+05:30,243.27999877929688,243.92999267578125,243.24000549316406,243.42999267578125,107329.0
2026-08-26 12:05:00+05:30,243.47999572753906,243.5,243.3699951171875,243.39999389648438,15668.0
2026-08-26 12:10:00+05:30,243.39999389648438,243.49000549316406,243.3300018310547,243.49000549316406,27578.0
2026-08-26 12:15:00+05:30,243.5,243.5,243.3300018310547,243.3300018310547,15847.0
2026-08-26 12:20:00+05:30,243.3800048828125,243.39999389648438,243.24000549316406,243.24000549316406,31946.0
2026-08-26 12:25:00+05:30,243.24000549316406,243.3000030517578,243.08999633789062,243.1999969482422,18341.0
2026-08-26 12:30:00+05:30,243.27999877929688,243.64999389648438,243.27999877929688,243.61000061035156,87084.0
2026-08-26 12:35:00+05:30,243.63999938964844,243.74000549316406,243.57000732421875,243.57000732421875,24262.0
2026-08-26 12:40:00+05:30,243.63999938964844,243.75,243.52999877929688,243.67999267578125,23029.0
2026-08-26 12:45:00+05:30,243.74000549316406,244.0,243.74000549316406,243.83999633789062,53064.0
2026-08-26 12:50:00+05:30,243.85000610351562,243.85000610351562,243.66000366210938,243.82000732421875,19604.0
2026-08-26 12:55:00+05:30,243.82000732421875,243.83999633789062,243.60000610351562,243.66000366210938,23963.0
2026-08-26 13:00:00+05:30,243.52999877929688,243.6699981689453,243.44000244140625,243.52999877929688,13832.0
2026-08-26 13:05:00+05:30,243.52999877929688,243.52999877929688,243.39999389648438,243.5,17267.0
2026-08-26 13:10:00+05:30,243.5,243.5,243.3699951171875,243.41000366210938,8568.0
2026-08-26 13:15:00+05:30,243.41000366210938,243.50999450683594,243.16000366210938,243.3000030517578,20197.0
2026-08-26 13:20:00+05:30,243.36000061035156,243.36000061035156,243.14999389648438,243.1999969482422,14604.0
2026-08-26 13:25:00+05:30,243.1999969482422,243.35000610351562,243.1300048828125,243.2100067138672,13116.0
2026-08-26 13:30:00+05:30,243.33999633789062,243.38999938964844,243.24000549316406,243.36000061035156,14582.0
2026-08-26 13:35:00+05:30,243.35000610351562,243.39999389648438,243.24000549316406,243.25,13176.0
2026-08-26 13:40:00+05:30,243.3000030517578,243.47999572753906,243.1999969482422,243.1999969482422,26926.0
2026-08-26 13:45:00+05:30,243.27000427246094,243.38999938964844,243.14999389648438,243.24000549316406,17620.0
2026-08-26 13:50:00+05:30,243.32000732421875,243.3300018310547,243.10000610351562,243.13999938964844,14988.0
2026-08-26 13:55:00+05:30,243.25,243.25,243.1199951171875,243.22999572753906,14672.0
2026-08-26 14:00:00+05:30,243.2100067138672,243.3000030517578,243.11000061035156,243.27999877929688,24623.0
2026-08-26 14:05:00+05:30,243.27999877929688,243.3000030517578,243.16000366210938,243.16000366210938,18169.0
2026-08-26 14:10:00+05:30,243.16000366210938,243.3000030517578,243.1199951171875,243.3000030517578,32277.0
2026-08-26 14:15:00+05:30,243.3000030517578,243.39999389648438,243.16000366210938,243.2899932861328,43518.0
2026-08-26 14:20:00+05:30,243.2899932861328,243.36000061035156,243.14999389648438,243.14999389648438,14868.0
2026-08-26 14:25:00+05:30,243.19000244140625,243.25999450683594,243.02000427246094,243.05999755859375,65387.0
2026-08-26 14:30:00+05:30,243.10000610351562,243.19000244140625,243.02999877929688,243.05999755859375,26697.0
2026-08-26 14:35:00+05:30,243.1300048828125,243.22000122070312,243.0399932861328,243.1999969482422,30111.0
2026-08-26 14:40:00+05:30,243.16000366210938,243.24000549316406,243.02999877929688,243.0500030517578,26915.0
2026-08-26 14:45:00+05:30,243.11000061035156,243.4600067138672,243.07000732421875,243.30999755859375,76475.0
2026-08-26 14:50:00+05:30,243.3000030517578,243.60000610351562,243.25,243.44000244140625,113776.0
2026-08-26 14:55:00+05:30,243.47999572753906,243.5399932861328,243.3300018310547,243.33999633789062,46600.0
2026-08-26 15:00:00+05:30,243.3699951171875,243.52999877929688,243.27000427246094,243.42999267578125,140027.0
2026-08-26 15:05:00+05:30,243.42999267578125,243.47000122070312,243.30999755859375,243.42999267578125,210411.0
2026-08-26 15:10:00+05:30,243.39999389648438,243.52000427246094,242.5,242.5,291142.0
2026-08-27 09:15:00+05:30,243.83999633789062,244.6199951171875,243.3000030517578,243.61000061035156,0.0
2026-08-27 09:20:00+05:30,243.61000061035156,243.75,243.30999755859375,243.38999938964844,68859.0
2026-08-27 09:25:00+05:30,243.4600067138672,243.4600067138672,243.0500030517578,243.0500030517578,93993.0
2026-08-27 09:30:00+05:30,243.00999450683594,243.22000122070312,242.92999267578125,243.19000244140625,69847.0
2026-08-27 09:35:00+05:30,243.1999969482422,243.1999969482422,242.89999389648438,243.0,43105.0
2026-08-27 09:40:00+05:30,243.0,243.10000610351562,242.8699951171875,243.10000610351562,54648.0
2026-08-27 09:45:00+05:30,243.10000610351562,243.25,243.0,243.22000122070312,41735.0
2026-08-27 09:50:00+05:30,243.19000244140625,243.19000244140625,242.39999389648438,242.42999267578125,106830.0
2026-08-27 09:55:00+05:30,242.38999938964844,242.47000122070312,242.1300048828125,242.27000427246094,66873.0
2026-08-27 10:00:00+05:30,242.27000427246094,242.64999389648438,242.1999969482422,242.47999572753906,87079.0
2026-08-27 10:05:00+05:30,242.47999572753906,242.67999267578125,242.4199981689453,242.49000549316406,27419.0
2026-08-27 10:10:00+05:30,242.39999389648438,242.5800018310547,242.3000030517578,242.3000030517578,62262.0
2026-08-27 10:15:00+05:30,242.33999633789062,242.47000122070312,242.1999969482422,242.27000427246094,23845.0
2026-08-27 10:20:00+05:30,242.27000427246094,242.3300018310547,242.02000427246094,242.02000427246094,52500.0
2026-08-27 10:25:00+05:30,242.05999755859375,242.05999755859375,241.80999755859375,242.02999877929688,54250.0
2026-08-27 10:30:00+05:30,242.0500030517578,242.0500030517578,241.92999267578125,242.0,26737.0
2026-08-27 10:35:00+05:30,241.99000549316406,242.0,241.6699981689453,241.89999389648438,50151.0
2026-08-27 10:40:00+05:30,241.89999389648438,242.0500030517578,241.75,241.8800048828125,64755.0
2026-08-27 10:45:00+05:30,241.8800048828125,241.8800048828125,241.75,241.8800048828125,25024.0
2026-08-27 10:50:00+05:30,241.8699951171875,241.8800048828125,241.42999267578125,241.64999389648438,130248.0
2026-08-27 10:55:00+05:30,241.72000122070312,241.89999389648438,241.6999969482422,241.86000061035156,54629.0
2026-08-27 11:00:00+05:30,241.86000061035156,242.30999755859375,241.86000061035156,242.05999755859375,29767.0
2026-08-27 11:05:00+05:30,242.05999755859375,242.17999267578125,242.0399932861328,242.0800018310547,9361.0
2026-08-27 11:10:00+05:30,242.0800018310547,242.10000610351562,241.99000549316406,242.08999633789062,8994.0
2026-08-27 11:15:00+05:30,242.14999389648438,242.1999969482422,242.10000610351562,242.13999938964844,30259.0
2026-08-27 11:20:00+05:30,242.1699981689453,242.17999267578125,242.0500030517578,242.11000061035156,33246.0
2026-08-27 11:25:00+05:30,242.10000610351562,242.19000244140625,241.83999633789062,241.89999389648438,51205.0
2026-08-27 11:30:00+05:30,241.91000366210938,242.14999389648438,241.83999633789062,241.85000610351562,27842.0
2026-08-27 11:35:00+05:30,241.85000610351562,241.9499969482422,241.8300018310547,241.88999938964844,20807.0
2026-08-27 11:40:00+05:30,241.8300018310547,242.11000061035156,241.82000732421875,241.9199981689453,10572.0
2026-08-27 11:45:00+05:30,241.9199981689453,242.10000610351562,241.9199981689453,241.97999572753906,9392.0
2026-08-27 11:50:00+05:30,241.9499969482422,242.07000732421875,241.86000061035156,241.97999572753906,30604.0
2026-08-27 11:55:00+05:30,241.89999389648438,241.9499969482422,241.6999969482422,241.7100067138672,51952.0
2026-08-27 12:00:00+05:30,241.82000732421875,241.82000732421875,241.5800018310547,241.67999267578125,67846.0
2026-08-27 12:05:00+05:30,241.67999267578125,241.75,241.5,241.55999755859375,62704.0
2026-08-27 12:10:00+05:30,241.60000610351562,241.64999389648438,241.50999450683594,241.5800018310547,27470.0
2026-08-27 12:15:00+05:30,241.5800018310547,241.61000061035156,241.30999755859375,241.32000732421875,57666.0
2026-08-27 12:20:00+05:30,241.32000732421875,241.33999633789062,241.14999389648438,241.14999389648438,52201.0
2026-08-27 12:25:00+05:30,241.14999389648438,241.33999633789062,241.10000610351562,241.27999877929688,32404.0
2026-08-27 12:30:00+05:30,241.27999877929688,241.27999877929688,241.10000610351562,241.1699981689453,35984.0
2026-08-27 12:35:00+05:30,241.24000549316406,241.3000030517578,241.08999633789062,241.2100067138672,40904.0
2026-08-27 12:40:00+05:30,241.27000427246094,241.33999633789062,241.08999633789062,241.10000610351562,27898.0
2026-08-27 12:45:00+05:30,241.1300048828125,241.1300048828125,241.02000427246094,241.0399932861328,58285.0
2026-08-27 12:50:00+05:30,241.0399932861328,241.0399932861328,240.75,240.86000061035156,131419.0
2026-08-27 12:55:00+05:30,240.88999938964844,240.97999572753906,240.85000610351562,240.9499969482422,30284.0
2026-08-27 13:00:00+05:30,240.94000244140625,240.94000244140625,240.64999389648438,240.8000030517578,34723.0
2026-08-27 13:05:00+05:30,240.8000030517578,240.88999938964844,240.69000244140625,240.8800048828125,39046.0
2026-08-27 13:10:00+05:30,240.8800048828125,241.1999969482422,240.8000030517578,241.08999633789062,43973.0
2026-08-27 13:15:00+05:30,241.08999633789062,241.13999938964844,240.89999389648438,240.9499969482422,40203.0
2026-08-27 13:20:00+05:30,240.89999389648438,241.07000732421875,240.89999389648438,240.9499969482422,35978.0
2026-08-27 13:25:00+05:30,240.97999572753906,241.0500030517578,240.8300018310547,240.92999267578125,45325.0
2026-08-27 13:30:00+05:30,241.0,241.0,240.85000610351562,240.91000366210938,41268.0
2026-08-27 13:35:00+05:30,240.89999389648438,241.05999755859375,240.8699951171875,240.9600067138672,31820.0
2026-08-27 13:40:00+05:30,240.9600067138672,240.9600067138672,240.75999450683594,240.82000732421875,45226.0
2026-08-27 13:45:00+05:30,240.82000732421875,240.86000061035156,240.55999755859375,240.64999389648438,50365.0
2026-08-27 13:50:00+05:30,240.64999389648438,240.64999389648438,240.5399932861328,240.63999938964844,38596.0
2026-08-27 13:55:00+05:30,240.63999938964844,240.72000122070312,240.50999450683594,240.55999755859375,41838.0
2026-08-27 14:00:00+05:30,240.55999755859375,240.82000732421875,240.5,240.64999389648438,36925.0
2026-08-27 14:05:00+05:30,240.61000061035156,240.72000122070312,240.5500030517578,240.60000610351562,35417.0
2026-08-27 14:10:00+05:30,240.52999877929688,240.85000610351562,240.52999877929688,240.67999267578125,45969.0
2026-08-27 14:15:00+05:30,240.67999267578125,240.74000549316406,240.57000732421875,240.67999267578125,31033.0
2026-08-27 14:20:00+05:30,240.77999877929688,240.77999877929688,240.52000427246094,240.6199951171875,28942.0
2026-08-27 14:25:00+05:30,240.67999267578125,240.67999267578125,240.30999755859375,240.58999633789062,134083.0
2026-08-27 14:30:00+05:30,240.5800018310547,240.5800018310547,240.00999450683594,240.1199951171875,189566.0
2026-08-27 14:35:00+05:30,240.1199951171875,240.27000427246094,240.10000610351562,240.14999389648438,57213.0
2026-08-27 14:40:00+05:30,240.22999572753906,240.27000427246094,240.07000732421875,240.10000610351562,67342.0
2026-08-27 14:45:00+05:30,240.19000244140625,240.38999938964844,240.1199951171875,240.1699981689453,34484.0
2026-08-27 14:50:00+05:30,240.1999969482422,240.35000610351562,240.1199951171875,240.33999633789062,39488.0
2026-08-27 14:55:00+05:30,240.3300018310547,240.38999938964844,240.25,240.38999938964844,51538.0
2026-08-27 15:00:00+05:30,240.3300018310547,240.5399932861328,240.32000732421875,240.33999633789062,188798.0
2026-08-27 15:05:00+05:30,240.3300018310547,240.3800048828125,240.14999389648438,240.14999389648438,212598.0
2026-08-27 15:10:00+05:30,240.1300048828125,240.4600067138672,240.0500030517578,240.10000610351562,373349.0
2026-08-27 15:15:00+05:30,240.39999389648438,241.0,240.39999389648438,241.0,72977.0
2026-08-28 09:15:00+05:30,241.44000244140625,241.44000244140625,240.3300018310547,240.52999877929688,0.0
2026-08-28 09:20:00+05:30,240.33999633789062,240.5,240.02000427246094,240.47999572753906,88521.0
2026-08-28 09:25:00+05:30,240.60000610351562,241.25,240.5,240.97000122070312,81910.0
2026-08-28 09:30:00+05:30,240.83999633789062,241.0,240.6300048828125,240.75,54842.0
2026-08-28 09:35:00+05:30,240.6999969482422,240.8000030517578,240.36000061035156,240.49000549316406,36917.0
2026-08-28 09:40:00+05:30,240.50999450683594,240.6999969482422,240.30999755859375,240.50999450683594,74839.0
2026-08-28 09:45:00+05:30,240.4499969482422,240.6999969482422,240.41000366210938,240.41000366210938,45029.0
2026-08-28 09:50:00+05:30,240.5,240.60000610351562,240.27999877929688,240.5500030517578,63270.0
2026-08-28 09:55:00+05:30,240.5500030517578,240.67999267578125,240.1999969482422,240.22999572753906,56736.0
2026-08-28 10:00:00+05:30,240.22999572753906,240.49000549316406,240.22999572753906,240.33999633789062,41957.0
2026-08-28 10:05:00+05:30,240.3000030517578,240.4499969482422,240.14999389648438,240.36000061035156,99856.0
2026-08-28 10:10:00+05:30,240.3300018310547,240.5500030517578,240.10000610351562,240.4600067138672,66553.0
2026-08-28 10:15:00+05:30,240.4600067138672,240.8800048828125,240.39999389648438,240.44000244140625,100025.0
2026-08-28 10:20:00+05:30,240.47999572753906,240.47999572753906,240.35000610351562,240.3800048828125,15657.0
2026-08-28 10:25:00+05:30,240.38999938964844,240.39999389648438,240.3000030517578,240.38999938964844,33348.0
2026-08-28 10:30:00+05:30,240.38999938964844,240.38999938964844,240.25999450683594,240.33999633789062,26607.0
2026-08-28 10:35:00+05:30,240.33999633789062,240.36000061035156,240.2100067138672,240.36000061035156,21834.0
2026-08-28 10:40:00+05:30,240.36000061035156,240.38999938964844,240.14999389648438,240.3800048828125,25976.0
2026-08-28 10:45:00+05:30,240.3800048828125,240.69000244140625,240.3699951171875,240.69000244140625,39106.0
2026-08-28 10:50:00+05:30,240.6699981689453,240.72000122070312,240.52000427246094,240.52000427246094,25503.0
2026-08-28 10:55:00+05:30,240.52000427246094,240.67999267578125,240.39999389648438,240.39999389648438,14779.0
2026-08-28 11:00:00+05:30,240.47999572753906,240.5800018310547,240.41000366210938,240.52999877929688,20558.0
2026-08-28 11:05:00+05:30,240.57000732421875,240.5800018310547,240.24000549316406,240.27999877929688,44006.0
2026-08-28 11:10:00+05:30,240.1999969482422,240.67999267578125,240.1999969482422,240.6300048828125,50349.0
2026-08-28 11:15:00+05:30,240.60000610351562,240.60000610351562,240.44000244140625,240.4499969482422,19649.0
2026-08-28 11:20:00+05:30,240.41000366210938,240.47999572753906,240.14999389648438,240.3300018310547,31194.0
2026-08-28 11:25:00+05:30,240.32000732421875,240.3699951171875,240.10000610351562,240.10000610351562,26139.0
2026-08-28 11:30:00+05:30,240.14999389648438,240.27999877929688,240.0,240.0,75785.0
2026-08-28 11:35:00+05:30,240.0,240.16000366210938,239.64999389648438,240.1199951171875,147871.0
2026-08-28 11:40:00+05:30,240.02000427246094,240.16000366210938,239.92999267578125,240.05999755859375,50181.0
2026-08-28 11:45:00+05:30,240.05999755859375,240.1699981689453,239.89999389648438,240.10000610351562,29618.0
2026-08-28 11:50:00+05:30,240.13999938964844,240.19000244140625,240.0,240.00999450683594,19107.0
2026-08-28 11:55:00+05:30,240.0800018310547,240.0800018310547,239.6999969482422,239.82000732421875,53784.0
2026-08-28 12:00:00+05:30,239.82000732421875,240.0800018310547,239.82000732421875,240.02000427246094,26579.0
2026-08-28 12:05:00+05:30,240.0800018310547,240.10000610351562,239.9499969482422,240.0,25480.0
2026-08-28 12:10:00+05:30,239.99000549316406,240.0,239.6999969482422,239.85000610351562,51342.0
2026-08-28 12:15:00+05:30,239.86000061035156,239.8800048828125,239.52000427246094,239.7100067138672,98447.0
2026-08-28 12:20:00+05:30,239.7100067138672,239.82000732421875,239.6999969482422,239.7100067138672,24497.0
2026-08-28 12:25:00+05:30,239.72999572753906,239.85000610351562,239.66000366210938,239.8000030517578,30944.0
2026-08-28 12:30:00+05:30,239.8000030517578,239.99000549316406,239.8000030517578,239.92999267578125,63915.0
2026-08-28 12:35:00+05:30,239.92999267578125,239.92999267578125,239.8000030517578,239.9199981689453,7628.0
2026-08-28 12:40:00+05:30,239.9199981689453,240.7100067138672,239.88999938964844,240.6199951171875,109268.0
2026-08-28 12:45:00+05:30,240.64999389648438,241.17999267578125,240.41000366210938,240.75,170461.0
2026-08-28 12:50:00+05:30,240.6999969482422,240.83999633789062,240.60000610351562,240.74000549316406,46650.0
2026-08-28 12:55:00+05:30,240.74000549316406,240.89999389648438,240.64999389648438,240.77999877929688,21760.0
2026-08-28 13:00:00+05:30,240.77999877929688,240.7899932861328,240.5800018310547,240.6300048828125,31900.0
2026-08-28 13:05:00+05:30,240.63999938964844,240.77000427246094,240.5,240.77000427246094,14927.0
2026-08-28 13:10:00+05:30,240.77000427246094,240.77000427246094,240.63999938964844,240.72999572753906,10797.0
2026-08-28 13:15:00+05:30,240.75,240.77000427246094,240.64999389648438,240.72000122070312,7935.0
2026-08-28 13:20:00+05:30,240.7100067138672,240.89999389648438,240.6199951171875,240.88999938964844,9137.0
2026-08-28 13:25:00+05:30,240.8699951171875,240.8800048828125,240.7100067138672,240.8000030517578,10657.0
2026-08-28 13:30:00+05:30,240.8000030517578,240.89999389648438,240.6999969482422,240.8800048828125,19088.0
2026-08-28 13:35:00+05:30,240.8800048828125,240.8800048828125,240.72000122070312,240.83999633789062,7270.0
2026-08-28 13:40:00+05:30,240.83999633789062,241.0,240.75999450683594,241.0,42103.0
2026-08-28 13:45:00+05:30,240.99000549316406,241.0,240.6999969482422,240.72000122070312,39181.0
2026-08-28 13:50:00+05:30,240.7100067138672,240.77000427246094,240.5800018310547,240.63999938964844,18436.0
2026-08-28 13:55:00+05:30,240.63999938964844,240.63999938964844,240.49000549316406,240.60000610351562,12604.0
2026-08-28 14:00:00+05:30,240.60000610351562,240.72000122070312,240.47999572753906,240.47999572753906,11196.0
2026-08-28 14:05:00+05:30,240.5800018310547,240.6999969482422,240.47999572753906,240.6999969482422,13653.0
2026-08-28 14:10:00+05:30,240.6999969482422,240.85000610351562,240.6999969482422,240.7899932861328,23621.0
2026-08-28 14:15:00+05:30,240.7899932861328,240.83999633789062,240.5,240.64999389648438,29247.0
2026-08-28 14:20:00+05:30,240.64999389648438,240.83999633789062,240.64999389648438,240.72000122070312,20775.0
2026-08-28 14:25:00+05:30,240.8000030517578,240.8000030517578,240.64999389648438,240.74000549316406,10710.0
2026-08-28 14:30:00+05:30,240.77000427246094,240.77999877929688,240.5,240.61000061035156,15050.0
2026-08-28 14:35:00+05:30,240.64999389648438,240.69000244140625,240.5,240.61000061035156,19710.0
2026-08-28 14:40:00+05:30,240.5500030517578,240.6699981689453,240.5,240.64999389648438,12881.0
2026-08-28 14:45:00+05:30,240.64999389648438,240.86000061035156,240.5800018310547,240.83999633789062,41029.0
2026-08-28 14:50:00+05:30,240.85000610351562,240.85000610351562,240.6199951171875,240.77000427246094,91474.0
2026-08-28 14:55:00+05:30,240.77999877929688,240.8300018310547,240.74000549316406,240.8300018310547,36431.0
2026-08-28 15:00:00+05:30,240.77000427246094,240.77000427246094,240.5,240.6699981689453,103113.0
2026-08-28 15:05:00+05:30,240.6699981689453,240.74000549316406,240.55999755859375,240.72999572753906,86362.0
2026-08-28 15:10:00+05:30,240.69000244140625,241.1699981689453,240.55999755859375,241.1300048828125,264796.0
2026-08-28 15:15:00+05:30,241.0,241.89999389648438,241.0,241.89999389648438,91961.0
2026-08-31 09:15:00+05:30,240.9600067138672,240.9600067138672,238.5399932861328,238.9499969482422,0.0
2026-08-31 09:20:00+05:30,238.89999389648438,239.57000732421875,238.89999389648438,239.41000366210938,129658.0
2026-08-31 09:25:00+05:30,239.3800048828125,239.4499969482422,238.66000366210938,238.6999969482422,119092.0
2026-08-31 09:30:00+05:30,238.75,238.89999389648438,238.27999877929688,238.4600067138672,306181.0
2026-08-31 09:35:00+05:30,238.25,238.3000030517578,237.83999633789062,237.86000061035156,259122.0
2026-08-31 09:40:00+05:30,237.8800048828125,238.0500030517578,237.5800018310547,237.6999969482422,143796.0
2026-08-31 09:45:00+05:30,237.66000366210938,238.08999633789062,237.6300048828125,237.89999389648438,87544.0
2026-08-31 09:50:00+05:30,237.89999389648438,238.1699981689453,237.8000030517578,237.88999938964844,58982.0
2026-08-31 09:55:00+05:30,237.8000030517578,237.9499969482422,237.63999938964844,237.77999877929688,93323.0
2026-08-31 10:00:00+05:30,237.92999267578125,237.99000549316406,237.6300048828125,237.83999633789062,90665.0
2026-08-31 10:05:00+05:30,237.77000427246094,237.88999938964844,237.50999450683594,237.5500030517578,137042.0
2026-08-31 10:10:00+05:30,237.5399932861328,237.5500030517578,237.24000549316406,237.3699951171875,182444.0
2026-08-31 10:15:00+05:30,237.33999633789062,237.35000610351562,237.24000549316406,237.24000549316406,34004.0
2026-08-31 10:20:00+05:30,237.1999969482422,237.35000610351562,237.1300048828125,237.2899932861328,46143.0
2026-08-31 10:25:00+05:30,237.2899932861328,237.3699951171875,237.1699981689453,237.1699981689453,54817.0
2026-08-31 10:30:00+05:30,237.14999389648438,237.2100067138672,236.86000061035156,236.99000549316406,161055.0
2026-08-31 10:35:00+05:30,236.97000122070312,236.97000122070312,236.67999267578125,236.82000732421875,71578.0
2026-08-31 10:40:00+05:30,236.75,236.8800048828125,236.72000122070312,236.8000030517578,40171.0
2026-08-31 10:45:00+05:30,236.86000061035156,237.0,236.85000610351562,236.94000244140625,34606.0
2026-08-31 10:50:00+05:30,236.92999267578125,236.92999267578125,236.42999267578125,236.4499969482422,112632.0
2026-08-31 10:55:00+05:30,236.42999267578125,236.75,236.30999755859375,236.61000061035156,106678.0
2026-08-31 11:00:00+05:30,236.6199951171875,236.82000732421875,236.50999450683594,236.61000061035156,28168.0
2026-08-31 11:05:00+05:30,236.61000061035156,236.66000366210938,236.50999450683594,236.50999450683594,39955.0
2026-08-31 11:10:00+05:30,236.5800018310547,236.6999969482422,236.52000427246094,236.61000061035156,28774.0
2026-08-31 11:15:00+05:30,236.6999969482422,236.8000030517578,236.6300048828125,236.77000427246094,29533.0
2026-08-31 11:20:00+05:30,236.77000427246094,237.0800018310547,236.67999267578125,237.02000427246094,52856.0
2026-08-31 11:25:00+05:30,237.0,237.07000732421875,236.9199981689453,237.0,41313.0
2026-08-31 11:30:00+05:30,237.0,237.17999267578125,236.99000549316406,237.0,76839.0
2026-08-31 11:35:00+05:30,237.0800018310547,237.13999938964844,236.89999389648438,237.08999633789062,35890.0
2026-08-31 11:40:00+05:30,237.00999450683594,237.33999633789062,237.00999450683594,237.3300018310547,50008.0
2026-08-31 11:45:00+05:30,237.3300018310547,237.39999389648438,237.3000030517578,237.32000732421875,32994.0
2026-08-31 11:50:00+05:30,237.3699951171875,237.85000610351562,237.25,237.82000732421875,78417.0
2026-08-31 11:55:00+05:30,237.8699951171875,237.99000549316406,237.52999877929688,237.63999938964844,98553.0
2026-08-31 12:00:00+05:30,237.6300048828125,237.97000122070312,237.5,237.9499969482422,40084.0
2026-08-31 12:05:00+05:30,237.94000244140625,237.94000244140625,237.64999389648438,237.6999969482422,40090.0
2026-08-31 12:10:00+05:30,237.75999450683594,237.97000122070312,237.6999969482422,237.6999969482422,41986.0
2026-08-31 12:15:00+05:30,237.69000244140625,237.8000030517578,237.41000366210938,237.77999877929688,38283.0
2026-08-31 12:20:00+05:30,237.6999969482422,237.9199981689453,237.6199951171875,237.72999572753906,37609.0
2026-08-31 12:25:00+05:30,237.72999572753906,237.82000732421875,237.64999389648438,237.7100067138672,26823.0
2026-08-31 12:30:00+05:30,237.67999267578125,237.72999572753906,237.55999755859375,237.60000610351562,23456.0
2026-08-31 12:35:00+05:30,237.6199951171875,237.89999389648438,237.60000610351562,237.89999389648438,28461.0
2026-08-31 12:40:00+05:30,237.89999389648438,238.0,237.8300018310547,237.89999389648438,45441.0
2026-08-31 12:45:00+05:30,237.89999389648438,237.89999389648438,237.60000610351562,237.61000061035156,42256.0
2026-08-31 12:50:00+05:30,237.6699981689453,237.67999267578125,237.47999572753906,237.60000610351562,29300.0
2026-08-31 12:55:00+05:30,237.58999633789062,237.7100067138672,237.57000732421875,237.63999938964844,29999.0
2026-08-31 13:00:00+05:30,237.5800018310547,237.69000244140625,237.52999877929688,237.52999877929688,14342.0
2026-08-31 13:05:00+05:30,237.60000610351562,237.8000030517578,237.60000610351562,237.75,32925.0
2026-08-31 13:10:00+05:30,237.7899932861328,237.89999389648438,237.66000366210938,237.89999389648438,21552.0
2026-08-31 13:15:00+05:30,237.89999389648438,237.97000122070312,237.7899932861328,237.88999938964844,39702.0
2026-08-31 13:20:00+05:30,237.8699951171875,237.8699951171875,237.67999267578125,237.75,23020.0
2026-08-31 13:25:00+05:30,237.66000366210938,237.89999389648438,237.66000366210938,237.8000030517578,23947.0
2026-08-31 13:30:00+05:30,237.85000610351562,237.9499969482422,237.6999969482422,237.89999389648438,52121.0
2026-08-31 13:35:00+05:30,237.85000610351562,237.89999389648438,237.60000610351562,237.6300048828125,25172.0
2026-08-31 13:40:00+05:30,237.6300048828125,237.72000122070312,237.5,237.5500030517578,31127.0
2026-08-31 13:45:00+05:30,237.5399932861328,237.5399932861328,237.07000732421875,237.10000610351562,79314.0
2026-08-31 13:50:00+05:30,237.1199951171875,237.25,237.0500030517578,237.05999755859375,54392.0
2026-08-31 13:55:00+05:30,237.05999755859375,237.10000610351562,236.7899932861328,236.80999755859375,94735.0
2026-08-31 14:00:00+05:30,236.82000732421875,236.97999572753906,236.7899932861328,236.88999938964844,58363.0
2026-08-31 14:05:00+05:30,236.88999938964844,237.10000610351562,236.75999450683594,236.9600067138672,74872.0
2026-08-31 14:10:00+05:30,236.92999267578125,237.0500030517578,236.8000030517578,237.00999450683594,61631.0
2026-08-31 14:15:00+05:30,237.00999450683594,237.35000610351562,236.99000549316406,237.35000610351562,97628.0
2026-08-31 14:20:00+05:30,237.35000610351562,237.60000610351562,237.27999877929688,237.60000610351562,147905.0
2026-08-31 14:25:00+05:30,237.60000610351562,237.75,237.50999450683594,237.75,89645.0
2026-08-31 14:30:00+05:30,237.72000122070312,237.99000549316406,237.72000122070312,237.91000366210938,191694.0
2026-08-31 14:35:00+05:30,237.67999267578125,237.67999267578125,237.0,237.19000244140625,541805.0
2026-08-31 14:40:00+05:30,237.24000549316406,237.6999969482422,237.1999969482422,237.67999267578125,125069.0
2026-08-31 14:45:00+05:30,237.67999267578125,238.16000366210938,237.3800048828125,237.44000244140625,473788.0
2026-08-31 14:50:00+05:30,237.44000244140625,237.67999267578125,237.44000244140625,237.6699981689453,357398.0
2026-08-31 14:55:00+05:30,237.60000610351562,237.72999572753906,237.3300018310547,237.3800048828125,277489.0
2026-08-31 15:00:00+05:30,237.3800048828125,237.44000244140625,237.10000610351562,237.32000732421875,318708.0
2026-08-31 15:05:00+05:30,237.3000030517578,237.3000030517578,237.0,237.16000366210938,671689.0
2026-08-31 15:10:00+05:30,237.14999389648438,237.6199951171875,236.88999938964844,237.0,1105477.0
2026-08-31 15:15:00+05:30,236.94000244140625,238.60000610351562,236.94000244140625,238.60000610351562,1131536.0
2026-09-01 09:15:00+05:30,237.67999267578125,237.89999389648438,237.02999877929688,237.7899932861328,0.0
2026-09-01 09:20:00+05:30,237.7899932861328,237.92999267578125,237.5500030517578,237.6300048828125,118868.0
2026-09-01 09:25:00+05:30,237.61000061035156,238.50999450683594,237.50999450683594,238.3000030517578,243645.0
2026-09-01 09:30:00+05:30,238.25999450683594,238.47999572753906,238.10000610351562,238.1999969482422,94639.0
2026-09-01 09:35:00+05:30,238.19000244140625,238.38999938964844,238.05999755859375,238.19000244140625,46959.0
2026-09-01 09:40:00+05:30,238.17999267578125,238.17999267578125,237.8000030517578,237.80999755859375,41545.0
2026-09-01 09:45:00+05:30,237.83999633789062,237.91000366210938,237.66000366210938,237.91000366210938,58519.0
2026-09-01 09:50:00+05:30,237.8000030517578,237.8000030517578,237.5,237.5,25110.0
2026-09-01 09:55:00+05:30,237.5800018310547,237.75999450683594,237.50999450683594,237.64999389648438,27827.0
2026-09-01 10:00:00+05:30,237.69000244140625,237.8300018310547,237.63999938964844,237.69000244140625,22917.0
2026-09-01 10:05:00+05:30,237.72000122070312,238.0399932861328,237.63999938964844,237.7100067138672,108598.0
2026-09-01 10:10:00+05:30,237.7100067138672,237.80999755859375,237.5399932861328,237.5800018310547,19039.0
2026-09-01 10:15:00+05:30,237.5800018310547,237.88999938964844,237.5500030517578,237.8300018310547,38271.0
2026-09-01 10:20:00+05:30,237.85000610351562,237.99000549316406,237.74000549316406,237.91000366210938,23934.0
2026-09-01 10:25:00+05:30,237.91000366210938,237.99000549316406,237.60000610351562,237.75,44065.0
2026-09-01 10:30:00+05:30,237.6199951171875,237.8000030517578,237.55999755859375,237.61000061035156,26436.0
2026-09-01 10:35:00+05:30,237.61000061035156,237.6999969482422,237.57000732421875,237.67999267578125,24123.0
2026-09-01 10:40:00+05:30,237.67999267578125,237.67999267578125,237.3300018310547,237.42999267578125,129381.0
2026-09-01 10:45:00+05:30,237.42999267578125,237.7899932861328,237.42999267578125,237.72999572753906,47596.0
2026-09-01 10:50:00+05:30,237.77999877929688,238.0,237.6699981689453,237.9600067138672,192106.0
2026-09-01 10:55:00+05:30,237.9600067138672,238.47000122070312,237.9600067138672,238.33999633789062,189276.0
2026-09-01 11:00:00+05:30,238.3300018310547,238.64999389648438,238.3300018310547,238.52999877929688,121473.0
2026-09-01 11:05:00+05:30,238.52999877929688,239.33999633789062,238.4499969482422,239.10000610351562,243798.0
2026-09-01 11:10:00+05:30,239.19000244140625,239.5399932861328,239.0,239.50999450683594,101954.0
2026-09-01 11:15:00+05:30,239.52000427246094,239.8300018310547,239.38999938964844,239.5,118185.0
2026-09-01 11:20:00+05:30,239.4499969482422,239.49000549316406,239.0,239.4499969482422,109834.0
2026-09-01 11:25:00+05:30,239.3699951171875,239.9499969482422,239.3699951171875,239.86000061035156,132021.0
2026-09-01 11:30:00+05:30,239.94000244140625,240.16000366210938,239.60000610351562,239.69000244140625,125986.0
2026-09-01 11:35:00+05:30,239.77000427246094,239.77000427246094,239.2100067138672,239.2100067138672,116139.0
2026-09-01 11:40:00+05:30,239.17999267578125,239.36000061035156,239.07000732421875,239.25999450683594,83314.0
2026-09-01 11:45:00+05:30,239.3000030517578,239.39999389648438,239.1999969482422,239.3000030517578,52768.0
2026-09-01 11:50:00+05:30,239.27999877929688,239.41000366210938,239.1699981689453,239.1999969482422,79173.0
2026-09-01 11:55:00+05:30,239.27000427246094,239.33999633789062,239.1699981689453,239.1699981689453,71936.0
2026-09-01 12:00:00+05:30,239.1699981689453,239.33999633789062,239.16000366210938,239.27999877929688,59054.0
2026-09-01 12:05:00+05:30,239.27999877929688,239.42999267578125,239.24000549316406,239.3699951171875,48686.0
2026-09-01 12:10:00+05:30,239.3800048828125,239.75,239.33999633789062,239.41000366210938,87241.0
2026-09-01 12:15:00+05:30,239.3699951171875,239.5399932861328,239.1999969482422,239.5399932861328,88815.0
2026-09-01 12:20:00+05:30,239.5399932861328,239.6199951171875,239.3699951171875,239.39999389648438,37062.0
2026-09-01 12:25:00+05:30,239.47999572753906,239.57000732421875,239.30999755859375,239.47000122070312,62415.0
2026-09-01 12:30:00+05:30,239.4499969482422,239.83999633789062,239.4199981689453,239.8000030517578,88678.0
2026-09-01 12:35:00+05:30,239.8000030517578,239.82000732421875,239.63999938964844,239.67999267578125,61014.0
2026-09-01 12:40:00+05:30,239.67999267578125,239.77000427246094,239.57000732421875,239.6999969482422,99628.0
2026-09-01 12:45:00+05:30,239.69000244140625,239.75,239.61000061035156,239.69000244140625,73274.0
2026-09-01 12:50:00+05:30,239.66000366210938,239.6699981689453,239.2899932861328,239.3000030517578,89193.0
2026-09-01 12:55:00+05:30,239.3000030517578,239.3800048828125,239.1699981689453,239.27000427246094,44021.0
2026-09-01 13:00:00+05:30,239.1999969482422,239.27999877929688,238.8800048828125,238.97999572753906,64748.0
2026-09-01 13:05:00+05:30,238.97999572753906,239.00999450683594,238.80999755859375,238.8300018310547,40491.0
2026-09-01 13:10:00+05:30,238.8300018310547,238.97000122070312,238.50999450683594,238.66000366210938,85313.0
2026-09-01 13:15:00+05:30,238.66000366210938,238.66000366210938,238.0399932861328,238.22999572753906,108960.0
2026-09-01 13:20:00+05:30,238.1999969482422,238.4199981689453,238.11000061035156,238.13999938964844,118096.0
2026-09-01 13:25:00+05:30,238.13999938964844,238.25,238.00999450683594,238.1999969482422,94053.0
2026-09-01 13:30:00+05:30,238.1999969482422,238.27999877929688,238.07000732421875,238.13999938964844,37187.0
2026-09-01 13:35:00+05:30,238.1199951171875,238.1699981689453,237.75999450683594,237.86000061035156,268244.0
2026-09-01 13:40:00+05:30,237.88999938964844,238.02999877929688,237.82000732421875,237.9199981689453,65256.0
2026-09-01 13:45:00+05:30,237.9199981689453,237.9199981689453,237.3800048828125,237.3800048828125,566673.0
2026-09-01 13:50:00+05:30,237.39999389648438,237.6999969482422,237.1999969482422,237.57000732421875,1114372.0
2026-09-01 13:55:00+05:30,237.55999755859375,237.86000061035156,237.5500030517578,237.6699981689453,147113.0
2026-09-01 14:00:00+05:30,237.61000061035156,237.80999755859375,237.38999938964844,237.49000549316406,95455.0
2026-09-01 14:05:00+05:30,237.5800018310547,237.75999450683594,237.3300018310547,237.44000244140625,51932.0
2026-09-01 14:10:00+05:30,237.5500030517578,237.8699951171875,237.52000427246094,237.6999969482422,33613.0
2026-09-01 14:15:00+05:30,237.88999938964844,238.25,237.75999450683594,237.7899932861328,87594.0
2026-09-01 14:20:00+05:30,237.80999755859375,238.11000061035156,237.75999450683594,238.10000610351562,53556.0
2026-09-01 14:25:00+05:30,238.11000061035156,238.33999633789062,238.0399932861328,238.2899932861328,177559.0
2026-09-01 14:30:00+05:30,238.25,238.52000427246094,237.92999267578125,238.14999389648438,411414.0
2026-09-01 14:35:00+05:30,238.22000122070312,238.33999633789062,237.77999877929688,237.91000366210938,404883.0
2026-09-01 14:40:00+05:30,237.91000366210938,238.1699981689453,237.88999938964844,237.92999267578125,361927.0
2026-09-01 14:45:00+05:30,237.92999267578125,238.2899932861328,237.89999389648438,238.24000549316406,702259.0
2026-09-01 14:50:00+05:30,238.22000122070312,238.8800048828125,238.19000244140625,238.85000610351562,484976.0
2026-09-01 14:55:00+05:30,238.85000610351562,238.99000549316406,238.72999572753906,238.85000610351562,579920.0
2026-09-01 15:00:00+05:30,238.72999572753906,238.97000122070312,238.49000549316406,238.9600067138672,887845.0
2026-09-01 15:05:00+05:30,238.89999389648438,239.1199951171875,238.74000549316406,238.8300018310547,885097.0
2026-09-01 15:10:00+05:30,238.8300018310547,239.5,237.6999969482422,237.6999969482422,1149865.0
2026-09-02 09:15:00+05:30,237.27000427246094,237.27999877929688,236.2100067138672,237.10000610351562,0.0
2026-09-02 09:20:00+05:30,237.0500030517578,237.17999267578125,236.6300048828125,236.85000610351562,81920.0
2026-09-02 09:25:00+05:30,237.10000610351562,237.47999572753906,237.10000610351562,237.19000244140625,66972.0
2026-09-02 09:30:00+05:30,237.02999877929688,237.8300018310547,237.0,237.8300018310547,112468.0
2026-09-02 09:35:00+05:30,237.7899932861328,238.1300048828125,237.72000122070312,238.05999755859375,103234.0
2026-09-02 09:40:00+05:30,237.99000549316406,238.1999969482422,237.6999969482422,238.16000366210938,66213.0
2026-09-02 09:45:00+05:30,238.17999267578125,238.33999633789062,237.63999938964844,238.33999633789062,73051.0
2026-09-02 09:50:00+05:30,238.19000244140625,238.47999572753906,238.16000366210938,238.32000732421875,35929.0
2026-09-02 09:55:00+05:30,238.3800048828125,239.0,238.27999877929688,238.72999572753906,105099.0
2026-09-02 10:00:00+05:30,238.75999450683594,239.8000030517578,238.64999389648438,239.60000610351562,142679.0
2026-09-02 10:05:00+05:30,239.6300048828125,240.1300048828125,239.35000610351562,239.5,236316.0
2026-09-02 10:10:00+05:30,239.5,239.72999572753906,239.1199951171875,239.52999877929688,40501.0
2026-09-02 10:15:00+05:30,239.5,239.5,239.3000030517578,239.41000366210938,50538.0
2026-09-02 10:20:00+05:30,239.39999389648438,239.89999389648438,239.39999389648438,239.64999389648438,33559.0
2026-09-02 10:25:00+05:30,239.6999969482422,240.10000610351562,239.5800018310547,240.10000610351562,137487.0
2026-09-02 10:30:00+05:30,240.0399932861328,240.22999572753906,239.86000061035156,239.8800048828125,63397.0
2026-09-02 10:35:00+05:30,239.75,239.8800048828125,239.64999389648438,239.6699981689453,24592.0
2026-09-02 10:40:00+05:30,239.74000549316406,240.16000366210938,239.7100067138672,239.7100067138672,46923.0
2026-09-02 10:45:00+05:30,239.82000732421875,240.6199951171875,239.72000122070312,240.3800048828125,162912.0
2026-09-02 10:50:00+05:30,240.4499969482422,240.5500030517578,240.0,240.24000549316406,78498.0
2026-09-02 10:55:00+05:30,240.2899932861328,240.39999389648438,239.89999389648438,240.14999389648438,360474.0
2026-09-02 11:00:00+05:30,240.14999389648438,240.16000366210938,239.57000732421875,239.57000732421875,310282.0
2026-09-02 11:05:00+05:30,239.5500030517578,239.75,239.24000549316406,239.47000122070312,634872.0
2026-09-02 11:10:00+05:30,239.47000122070312,239.64999389648438,239.1300048828125,239.32000732421875,92612.0
2026-09-02 11:15:00+05:30,239.3300018310547,239.35000610351562,239.0,239.0,112756.0
2026-09-02 11:20:00+05:30,239.08999633789062,239.11000061035156,238.8000030517578,238.8800048828125,98006.0
2026-09-02 11:25:00+05:30,238.77999877929688,238.88999938964844,238.64999389648438,238.66000366210938,86895.0
2026-09-02 11:30:00+05:30,238.5500030517578,238.6300048828125,238.22000122070312,238.39999389648438,87041.0
2026-09-02 11:35:00+05:30,238.39999389648438,238.64999389648438,238.02000427246094,238.61000061035156,266856.0
2026-09-02 11:40:00+05:30,238.61000061035156,238.82000732421875,238.42999267578125,238.77000427246094,56829.0
2026-09-02 11:45:00+05:30,238.8000030517578,238.92999267578125,238.69000244140625,238.9199981689453,84607.0
2026-09-02 11:50:00+05:30,238.92999267578125,239.44000244140625,238.88999938964844,239.30999755859375,91638.0
2026-09-02 11:55:00+05:30,239.3300018310547,239.5,239.24000549316406,239.35000610351562,97172.0
2026-09-02 12:00:00+05:30,239.25999450683594,239.55999755859375,238.72000122070312,238.77999877929688,196276.0
2026-09-02 12:05:00+05:30,238.77999877929688,239.07000732421875,238.63999938964844,238.63999938964844,56049.0
2026-09-02 12:10:00+05:30,238.63999938964844,239.13999938964844,238.60000610351562,239.02999877929688,68483.0
2026-09-02 12:15:00+05:30,239.08999633789062,239.19000244140625,238.94000244140625,239.02000427246094,47990.0
2026-09-02 12:20:00+05:30,239.02000427246094,239.0500030517578,238.85000610351562,238.9499969482422,59030.0
2026-09-02 12:25:00+05:30,239.0,239.36000061035156,238.9499969482422,239.2100067138672,53949.0
2026-09-02 12:30:00+05:30,239.3000030517578,239.75,239.19000244140625,239.5800018310547,65605.0
2026-09-02 12:35:00+05:30,239.63999938964844,239.86000061035156,239.57000732421875,239.80999755859375,72223.0
2026-09-02 12:40:00+05:30,239.80999755859375,240.1999969482422,239.69000244140625,240.00999450683594,131682.0
2026-09-02 12:45:00+05:30,240.0,240.2100067138672,240.0,240.10000610351562,112843.0
2026-09-02 12:50:00+05:30,240.10000610351562,240.2100067138672,239.97999572753906,240.07000732421875,893488.0
2026-09-02 12:55:00+05:30,240.11000061035156,240.11000061035156,239.80999755859375,239.8699951171875,58032.0
2026-09-02 13:00:00+05:30,239.89999389648438,240.16000366210938,239.89999389648438,240.0,71383.0
2026-09-02 13:05:00+05:30,239.91000366210938,240.0,239.6699981689453,239.6999969482422,56474.0
2026-09-02 13:10:00+05:30,239.6999969482422,239.91000366210938,239.6199951171875,239.69000244140625,48890.0
2026-09-02 13:15:00+05:30,239.74000549316406,239.88999938964844,239.57000732421875,239.74000549316406,62072.0
2026-09-02 13:20:00+05:30,239.74000549316406,239.89999389648438,239.6999969482422,239.85000610351562,45151.0
2026-09-02 13:25:00+05:30,239.88999938964844,240.08999633789062,239.82000732421875,240.0,47893.0
2026-09-02 13:30:00+05:30,239.9499969482422,240.17999267578125,239.83999633789062,240.0,50480.0
2026-09-02 13:35:00+05:30,240.02000427246094,240.17999267578125,239.72999572753906,239.72999572753906,57270.0
2026-09-02 13:40:00+05:30,239.7899932861328,240.0,239.6999969482422,239.88999938964844,55151.0
2026-09-02 13:45:00+05:30,239.99000549316406,240.16000366210938,239.82000732421875,240.05999755859375,44358.0
2026-09-02 13:50:00+05:30,240.02000427246094,240.1999969482422,240.0,240.05999755859375,35853.0
2026-09-02 13:55:00+05:30,240.2100067138672,240.2100067138672,240.02999877929688,240.0800018310547,43524.0
2026-09-02 14:00:00+05:30,240.10000610351562,240.2100067138672,240.00999450683594,240.07000732421875,113522.0
2026-09-02 14:05:00+05:30,240.0,240.39999389648438,239.97999572753906,240.3000030517578,64238.0
2026-09-02 14:10:00+05:30,240.24000549316406,240.39999389648438,240.02999877929688,240.10000610351562,63183.0
2026-09-02 14:15:00+05:30,240.1199951171875,240.19000244140625,239.99000549316406,240.19000244140625,49177.0
2026-09-02 14:20:00+05:30,240.1199951171875,240.1199951171875,239.91000366210938,239.91000366210938,38671.0
2026-09-02 14:25:00+05:30,239.91000366210938,240.0500030517578,239.8699951171875,240.0500030517578,41225.0
2026-09-02 14:30:00+05:30,240.02999877929688,240.38999938964844,239.99000549316406,240.32000732421875,53640.0
2026-09-02 14:35:00+05:30,240.3000030517578,240.4199981689453,239.91000366210938,240.4199981689453,147745.0
2026-09-02 14:40:00+05:30,240.4199981689453,240.6199951171875,240.2100067138672,240.2100067138672,214494.0
2026-09-02 14:45:00+05:30,240.24000549316406,240.94000244140625,240.19000244140625,240.7100067138672,216577.0
2026-09-02 14:50:00+05:30,240.8800048828125,241.13999938964844,240.77999877929688,240.99000549316406,586533.0
2026-09-02 14:55:00+05:30,240.99000549316406,241.1999969482422,240.97999572753906,241.00999450683594,276440.0
2026-09-02 15:00:00+05:30,241.00999450683594,241.1199951171875,240.8000030517578,240.88999938964844,263269.0
2026-09-02 15:05:00+05:30,240.88999938964844,240.89999389648438,240.66000366210938,240.89999389648438,252691.0
2026-09-02 15:10:00+05:30,240.8699951171875,241.0,240.5500030517578,240.8000030517578,337401.0
2026-09-02 15:15:00+05:30,240.41000366210938,241.1999969482422,240.41000366210938,241.1999969482422,126312.0
2026-09-03 09:15:00+05:30,241.50999450683594,243.97999572753906,241.50999450683594,242.82000732421875,0.0
2026-09-03 09:20:00+05:30,242.8000030517578,243.47000122070312,242.24000549316406,243.3000030517578,119773.0
2026-09-03 09:25:00+05:30,243.38999938964844,243.49000549316406,243.0,243.0500030517578,139646.0
2026-09-03 09:30:00+05:30,243.08999633789062,243.4600067138672,243.05999755859375,243.4600067138672,63982.0
2026-09-03 09:35:00+05:30,243.49000549316406,243.57000732421875,243.14999389648438,243.14999389648438,74519.0
2026-09-03 09:40:00+05:30,243.16000366210938,243.50999450683594,243.10000610351562,243.2100067138672,62550.0
2026-09-03 09:45:00+05:30,243.14999389648438,243.36000061035156,242.60000610351562,242.69000244140625,101126.0
2026-09-03 09:50:00+05:30,242.67999267578125,242.94000244140625,242.5500030517578,242.6300048828125,45186.0
2026-09-03 09:55:00+05:30,242.6199951171875,242.7899932861328,242.50999450683594,242.5800018310547,44674.0
2026-09-03 10:00:00+05:30,242.5,242.64999389648438,242.5,242.6300048828125,32356.0
2026-09-03 10:05:00+05:30,242.64999389648438,242.64999389648438,242.38999938964844,242.5399932861328,45824.0
2026-09-03 10:10:00+05:30,242.5399932861328,242.69000244140625,242.5,242.58999633789062,25559.0
2026-09-03 10:15:00+05:30,242.57000732421875,242.94000244140625,242.57000732421875,242.80999755859375,50384.0
2026-09-03 10:20:00+05:30,242.83999633789062,243.77999877929688,242.75,243.5,85773.0
2026-09-03 10:25:00+05:30,243.50999450683594,243.60000610351562,242.8699951171875,242.97999572753906,40507.0
2026-09-03 10:30:00+05:30,243.02999877929688,243.1199951171875,242.5500030517578,242.6199951171875,30880.0
2026-09-03 10:35:00+05:30,242.61000061035156,242.8000030517578,242.55999755859375,242.72000122070312,34580.0
2026-09-03 10:40:00+05:30,242.72000122070312,242.85000610351562,242.3300018310547,242.61000061035156,43016.0
2026-09-03 10:45:00+05:30,242.5500030517578,242.5500030517578,242.14999389648438,242.2100067138672,36005.0
2026-09-03 10:50:00+05:30,242.3000030517578,242.3000030517578,242.05999755859375,242.11000061035156,23479.0
2026-09-03 10:55:00+05:30,242.05999755859375,242.77000427246094,242.05999755859375,242.63999938964844,57993.0
2026-09-03 11:00:00+05:30,242.6300048828125,242.64999389648438,242.42999267578125,242.5,37909.0
2026-09-03 11:05:00+05:30,242.4600067138672,242.60000610351562,242.27000427246094,242.27000427246094,37941.0
2026-09-03 11:10:00+05:30,242.27999877929688,242.5500030517578,242.22000122070312,242.3699951171875,61622.0
2026-09-03 11:15:00+05:30,242.13999938964844,242.22000122070312,241.6999969482422,242.1699981689453,104897.0
2026-09-03 11:20:00+05:30,242.16000366210938,242.44000244140625,242.16000366210938,242.2899932861328,43129.0
2026-09-03 11:25:00+05:30,242.36000061035156,242.39999389648438,242.1300048828125,242.3000030517578,44130.0
2026-09-03 11:30:00+05:30,242.27999877929688,242.38999938964844,242.10000610351562,242.1699981689453,58864.0
2026-09-03 11:35:00+05:30,242.22000122070312,242.30999755859375,241.8000030517578,241.85000610351562,74073.0
2026-09-03 11:40:00+05:30,241.9499969482422,242.05999755859375,241.89999389648438,241.97999572753906,41622.0
2026-09-03 11:45:00+05:30,242.0,242.17999267578125,241.89999389648438,242.16000366210938,34485.0
2026-09-03 11:50:00+05:30,242.19000244140625,242.1999969482422,241.99000549316406,242.0399932861328,39408.0
2026-09-03 11:55:00+05:30,241.97000122070312,242.19000244140625,241.97000122070312,242.19000244140625,42545.0
2026-09-03 12:00:00+05:30,242.16000366210938,242.19000244140625,241.9499969482422,242.0399932861328,35465.0
2026-09-03 12:05:00+05:30,241.83999633789062,242.11000061035156,241.83999633789062,241.9600067138672,43495.0
2026-09-03 12:10:00+05:30,242.0399932861328,242.1699981689453,241.99000549316406,242.05999755859375,31567.0
2026-09-03 12:15:00+05:30,242.0,242.1199951171875,241.92999267578125,242.0,30268.0
2026-09-03 12:20:00+05:30,241.97999572753906,242.0,241.50999450683594,241.6699981689453,63264.0
2026-09-03 12:25:00+05:30,241.6699981689453,241.83999633789062,241.60000610351562,241.74000549316406,57576.0
2026-09-03 12:30:00+05:30,241.6699981689453,241.85000610351562,241.66000366210938,241.85000610351562,58085.0
2026-09-03 12:35:00+05:30,241.8800048828125,241.91000366210938,241.6999969482422,241.91000366210938,41420.0
2026-09-03 12:40:00+05:30,241.80999755859375,241.9499969482422,241.7899932861328,241.89999389648438,36175.0
2026-09-03 12:45:00+05:30,241.9600067138672,242.07000732421875,241.77999877929688,242.0399932861328,44647.0
2026-09-03 12:50:00+05:30,241.99000549316406,241.99000549316406,241.72999572753906,241.86000061035156,38760.0
2026-09-03 12:55:00+05:30,241.8000030517578,241.86000061035156,241.32000732421875,241.4600067138672,74299.0
2026-09-03 13:00:00+05:30,241.4600067138672,241.61000061035156,241.36000061035156,241.5500030517578,51404.0
2026-09-03 13:05:00+05:30,241.5800018310547,241.75,241.5500030517578,241.74000549316406,32412.0
2026-09-03 13:10:00+05:30,241.74000549316406,241.8699951171875,241.60000610351562,241.72999572753906,39126.0
2026-09-03 13:15:00+05:30,241.72999572753906,241.7899932861328,241.61000061035156,241.63999938964844,42964.0
2026-09-03 13:20:00+05:30,241.64999389648438,241.67999267578125,241.36000061035156,241.3800048828125,43411.0
2026-09-03 13:25:00+05:30,241.47999572753906,241.49000549316406,241.0800018310547,241.39999389648438,64735.0
2026-09-03 13:30:00+05:30,241.39999389648438,241.7899932861328,241.3699951171875,241.6999969482422,76522.0
2026-09-03 13:35:00+05:30,241.69000244140625,241.75999450683594,241.5800018310547,241.5800018310547,30746.0
2026-09-03 13:40:00+05:30,241.50999450683594,241.72000122070312,241.50999450683594,241.6199951171875,37949.0
2026-09-03 13:45:00+05:30,241.63999938964844,241.72000122070312,241.52999877929688,241.72000122070312,29844.0
2026-09-03 13:50:00+05:30,241.63999938964844,241.7899932861328,241.38999938964844,241.6699981689453,38561.0
2026-09-03 13:55:00+05:30,241.6699981689453,241.6699981689453,241.07000732421875,241.24000549316406,62616.0
2026-09-03 14:00:00+05:30,241.35000610351562,241.35000610351562,240.6999969482422,240.6999969482422,79682.0
2026-09-03 14:05:00+05:30,240.6999969482422,240.88999938964844,240.5800018310547,240.6300048828125,59859.0
2026-09-03 14:10:00+05:30,240.6300048828125,240.8800048828125,240.60000610351562,240.77000427246094,43748.0
2026-09-03 14:15:00+05:30,240.77999877929688,240.8699951171875,240.69000244140625,240.7899932861328,20362.0
2026-09-03 14:20:00+05:30,240.7899932861328,240.97999572753906,240.66000366210938,240.85000610351562,32853.0
2026-09-03 14:25:00+05:30,240.85000610351562,241.0399932861328,240.66000366210938,240.66000366210938,51011.0
2026-09-03 14:30:00+05:30,240.6699981689453,240.9199981689453,240.6699981689453,240.9199981689453,48316.0
2026-09-03 14:35:00+05:30,240.89999389648438,240.89999389648438,240.77999877929688,240.80999755859375,129546.0
2026-09-03 14:40:00+05:30,240.80999755859375,240.86000061035156,240.72000122070312,240.77999877929688,28350.0
2026-09-03 14:45:00+05:30,240.77999877929688,240.85000610351562,240.6999969482422,240.77999877929688,50419.0
2026-09-03 14:50:00+05:30,240.75,240.9199981689453,240.75,240.8300018310547,79623.0
2026-09-03 14:55:00+05:30,240.80999755859375,240.8800048828125,240.75999450683594,240.8300018310547,102214.0
2026-09-03 15:00:00+05:30,240.77999877929688,240.77999877929688,240.55999755859375,240.72000122070312,156473.0
2026-09-03 15:05:00+05:30,240.74000549316406,240.74000549316406,240.3699951171875,240.4199981689453,212847.0
2026-09-03 15:10:00+05:30,240.4199981689453,240.89999389648438,240.38999938964844,240.89999389648438,224134.0
2026-09-03 15:15:00+05:30,240.89999389648438,240.89999389648438,240.44000244140625,240.44000244140625,97522.0
2026-09-04 09:15:00+05:30,242.3699951171875,242.3699951171875,240.25,240.41000366210938,0.0
2026-09-04 09:20:00+05:30,240.4199981689453,240.83999633789062,240.25,240.66000366210938,129802.0
2026-09-04 09:25:00+05:30,240.6999969482422,240.7899932861328,240.4499969482422,240.4499969482422,89935.0
2026-09-04 09:30:00+05:30,240.4600067138672,240.9499969482422,240.4600067138672,240.64999389648438,85825.0
2026-09-04 09:35:00+05:30,240.63999938964844,240.6999969482422,240.39999389648438,240.6300048828125,64966.0
2026-09-04 09:40:00+05:30,240.66000366210938,240.72999572753906,240.3000030517578,240.3000030517578,49426.0
2026-09-04 09:45:00+05:30,240.3000030517578,240.47000122070312,240.17999267578125,240.17999267578125,119515.0
2026-09-04 09:50:00+05:30,240.19000244140625,240.49000549316406,240.19000244140625,240.1999969482422,61828.0
2026-09-04 09:55:00+05:30,240.25999450683594,240.47999572753906,240.1999969482422,240.39999389648438,40654.0
2026-09-04 10:00:00+05:30,240.3800048828125,240.58999633789062,240.3800048828125,240.58999633789062,27776.0
2026-09-04 10:05:00+05:30,240.58999633789062,240.67999267578125,240.5500030517578,240.6300048828125,25933.0
2026-09-04 10:10:00+05:30,240.57000732421875,240.61000061035156,240.3000030517578,240.3699951171875,23704.0
2026-09-04 10:15:00+05:30,240.36000061035156,240.3800048828125,239.89999389648438,240.35000610351562,136398.0
2026-09-04 10:20:00+05:30,240.3000030517578,240.47999572753906,240.3000030517578,240.47999572753906,30417.0
2026-09-04 10:25:00+05:30,240.49000549316406,240.49000549316406,240.3300018310547,240.3300018310547,18457.0
2026-09-04 10:30:00+05:30,240.3300018310547,240.4499969482422,240.2899932861328,240.3000030517578,39013.0
2026-09-04 10:35:00+05:30,240.3000030517578,240.5,239.72999572753906,239.8800048828125,241682.0
2026-09-04 10:40:00+05:30,239.8800048828125,239.89999389648438,239.74000549316406,239.83999633789062,55146.0
2026-09-04 10:45:00+05:30,239.80999755859375,239.88999938964844,239.8000030517578,239.88999938964844,33257.0
2026-09-04 10:50:00+05:30,239.88999938964844,239.88999938964844,239.8000030517578,239.8000030517578,16301.0
2026-09-04 10:55:00+05:30,239.8000030517578,239.8800048828125,239.7100067138672,239.72999572753906,54229.0
2026-09-04 11:00:00+05:30,239.72999572753906,239.9600067138672,239.7100067138672,239.89999389648438,70760.0
2026-09-04 11:05:00+05:30,239.89999389648438,240.25,239.88999938964844,240.05999755859375,84246.0
2026-09-04 11:10:00+05:30,240.0,240.3000030517578,240.0,240.25,53753.0
2026-09-04 11:15:00+05:30,240.24000549316406,240.5,240.24000549316406,240.3300018310547,73894.0
2026-09-04 11:20:00+05:30,240.3300018310547,241.24000549316406,240.3300018310547,240.9600067138672,179876.0
2026-09-04 11:25:00+05:30,240.99000549316406,241.25,240.6999969482422,240.74000549316406,178739.0
2026-09-04 11:30:00+05:30,240.75,241.4199981689453,240.69000244140625,241.17999267578125,118763.0
2026-09-04 11:35:00+05:30,241.0500030517578,241.27000427246094,241.0500030517578,241.1999969482422,73038.0
2026-09-04 11:40:00+05:30,241.25999450683594,241.25999450683594,240.89999389648438,240.92999267578125,40211.0
2026-09-04 11:45:00+05:30,240.86000061035156,240.99000549316406,240.8000030517578,240.89999389648438,46897.0
2026-09-04 11:50:00+05:30,240.8800048828125,240.9499969482422,240.82000732421875,240.89999389648438,73965.0
2026-09-04 11:55:00+05:30,240.82000732421875,240.94000244140625,240.82000732421875,240.8800048828125,32167.0
2026-09-04 12:00:00+05:30,240.8800048828125,240.88999938964844,240.6300048828125,240.6300048828125,59338.0
2026-09-04 12:05:00+05:30,240.6699981689453,240.8699951171875,240.6300048828125,240.8000030517578,107053.0
2026-09-04 12:10:00+05:30,240.8000030517578,240.83999633789062,240.55999755859375,240.64999389648438,62808.0
2026-09-04 12:15:00+05:30,240.60000610351562,240.75,240.41000366210938,240.7100067138672,116806.0
2026-09-04 12:20:00+05:30,240.7100067138672,240.7100067138672,240.3000030517578,240.58999633789062,78290.0
2026-09-04 12:25:00+05:30,240.58999633789062,240.64999389648438,240.36000061035156,240.5500030517578,73935.0
2026-09-04 12:30:00+05:30,240.5500030517578,240.60000610351562,240.38999938964844,240.5,75027.0
2026-09-04 12:35:00+05:30,240.5,240.55999755859375,240.4600067138672,240.5,49496.0
2026-09-04 12:40:00+05:30,240.5,240.5,240.35000610351562,240.42999267578125,31841.0
2026-09-04 12:45:00+05:30,240.42999267578125,240.5,240.1999969482422,240.3300018310547,93757.0
2026-09-04 12:50:00+05:30,240.38999938964844,240.38999938964844,240.16000366210938,240.1699981689453,33884.0
2026-09-04 12:55:00+05:30,240.16000366210938,240.24000549316406,240.0,240.22999572753906,104379.0
2026-09-04 13:00:00+05:30,240.22000122070312,240.38999938964844,239.8800048828125,239.94000244140625,392291.0
2026-09-04 13:05:00+05:30,240.0,240.4600067138672,240.0,240.3699951171875,51151.0
2026-09-04 13:10:00+05:30,240.3699951171875,240.60000610351562,240.3000030517578,240.52000427246094,61403.0
2026-09-04 13:15:00+05:30,240.50999450683594,240.64999389648438,240.50999450683594,240.64999389648438,56296.0
2026-09-04 13:20:00+05:30,240.64999389648438,240.75,240.5399932861328,240.67999267578125,88694.0
2026-09-04 13:25:00+05:30,240.67999267578125,240.75,240.47999572753906,240.57000732421875,81865.0
2026-09-04 13:30:00+05:30,240.60000610351562,240.69000244140625,240.44000244140625,240.47000122070312,51620.0
2026-09-04 13:35:00+05:30,240.47999572753906,240.77999877929688,240.47999572753906,240.67999267578125,62002.0
2026-09-04 13:40:00+05:30,240.7899932861328,240.7899932861328,240.60000610351562,240.6300048828125,43932.0
2026-09-04 13:45:00+05:30,240.6999969482422,240.7100067138672,240.6300048828125,240.67999267578125,35633.0
2026-09-04 13:50:00+05:30,240.67999267578125,240.67999267578125,240.3699951171875,240.3699951171875,67746.0
2026-09-04 13:55:00+05:30,240.4199981689453,240.4199981689453,239.9199981689453,240.2899932861328,454324.0
2026-09-04 14:00:00+05:30,240.3300018310547,240.3300018310547,240.0800018310547,240.1699981689453,66224.0
2026-09-04 14:05:00+05:30,240.08999633789062,240.35000610351562,239.8000030517578,239.9199981689453,384306.0
2026-09-04 14:10:00+05:30,239.85000610351562,239.9199981689453,239.7100067138672,239.75,123854.0
2026-09-04 14:15:00+05:30,239.75,239.75999450683594,239.27999877929688,239.47999572753906,90979.0
2026-09-04 14:20:00+05:30,239.47999572753906,239.83999633789062,239.4600067138672,239.77000427246094,91219.0
2026-09-04 14:25:00+05:30,239.80999755859375,239.9499969482422,239.80999755859375,239.88999938964844,66635.0
2026-09-04 14:30:00+05:30,239.89999389648438,239.89999389648438,239.72999572753906,239.8000030517578,101267.0
2026-09-04 14:35:00+05:30,239.77000427246094,239.86000061035156,239.67999267578125,239.77999877929688,128148.0
2026-09-04 14:40:00+05:30,239.72000122070312,239.8699951171875,239.52999877929688,239.5399932861328,105491.0
2026-09-04 14:45:00+05:30,239.52999877929688,239.64999389648438,239.49000549316406,239.5800018310547,111306.0
2026-09-04 14:50:00+05:30,239.5500030517578,239.7100067138672,239.4600067138672,239.4600067138672,147798.0
2026-09-04 14:55:00+05:30,239.44000244140625,239.44000244140625,239.3000030517578,239.3000030517578,159001.0
2026-09-04 15:00:00+05:30,239.3000030517578,239.3000030517578,239.10000610351562,239.14999389648438,335675.0
2026-09-04 15:05:00+05:30,239.16000366210938,239.3699951171875,239.1300048828125,239.27999877929688,373007.0
2026-09-04 15:10:00+05:30,239.27000427246094,239.6999969482422,239.25999450683594,239.5,428132.0
2026-09-04 15:15:00+05:30,239.47999572753906,239.47999572753906,239.0,239.0,123676.0
2026-09-07 09:15:00+05:30,239.8000030517578,240.89999389648438,239.1999969482422,239.25999450683594,0.0
2026-09-07 09:20:00+05:30,239.16000366210938,239.57000732421875,238.41000366210938,238.50999450683594,137684.0
2026-09-07 09:25:00+05:30,238.49000549316406,238.60000610351562,238.38999938964844,238.4499969482422,67092.0
2026-09-07 09:30:00+05:30,238.47000122070312,238.9600067138672,238.47000122070312,238.8000030517578,78253.0
2026-09-07 09:35:00+05:30,238.75999450683594,238.89999389648438,238.38999938964844,238.5,86410.0
2026-09-07 09:40:00+05:30,238.5,238.74000549316406,238.5,238.69000244140625,23965.0
2026-09-07 09:45:00+05:30,238.6999969482422,238.77000427246094,238.42999267578125,238.5,63135.0
2026-09-07 09:50:00+05:30,238.52000427246094,238.60000610351562,238.0800018310547,238.0800018310547,62341.0
2026-09-07 09:55:00+05:30,238.19000244140625,238.39999389648438,237.97000122070312,238.07000732421875,75699.0
2026-09-07 10:00:00+05:30,238.07000732421875,238.19000244140625,237.9499969482422,237.9499969482422,51117.0
2026-09-07 10:05:00+05:30,237.92999267578125,237.9499969482422,237.6999969482422,237.8800048828125,57668.0
2026-09-07 10:10:00+05:30,237.80999755859375,237.9199981689453,237.6699981689453,237.67999267578125,63484.0
2026-09-07 10:15:00+05:30,237.64999389648438,237.6999969482422,237.11000061035156,237.3800048828125,98881.0
2026-09-07 10:20:00+05:30,237.35000610351562,237.41000366210938,236.7899932861328,236.99000549316406,177158.0
2026-09-07 10:25:00+05:30,237.0,237.02000427246094,236.74000549316406,236.82000732421875,86008.0
2026-09-07 10:30:00+05:30,236.88999938964844,237.24000549316406,236.88999938964844,237.16000366210938,34792.0
2026-09-07 10:35:00+05:30,237.14999389648438,237.25,237.11000061035156,237.14999389648438,29447.0
2026-09-07 10:40:00+05:30,237.14999389648438,237.14999389648438,236.57000732421875,236.8300018310547,100790.0
2026-09-07 10:45:00+05:30,236.75,236.8000030517578,236.6199951171875,236.75,44821.0
2026-09-07 10:50:00+05:30,236.6699981689453,236.85000610351562,236.6699981689453,236.7100067138672,73758.0
2026-09-07 10:55:00+05:30,236.63999938964844,236.75,236.5500030517578,236.72000122070312,44290.0
2026-09-07 11:00:00+05:30,236.72000122070312,236.74000549316406,236.5500030517578,236.6199951171875,28878.0
2026-09-07 11:05:00+05:30,236.5500030517578,236.6999969482422,236.33999633789062,236.52000427246094,67818.0
2026-09-07 11:10:00+05:30,236.5,236.58999633789062,236.3000030517578,236.50999450683594,57640.0
2026-09-07 11:15:00+05:30,236.47999572753906,236.60000610351562,236.38999938964844,236.60000610351562,22081.0
2026-09-07 11:20:00+05:30,236.61000061035156,236.75,236.49000549316406,236.58999633789062,77171.0
2026-09-07 11:25:00+05:30,236.61000061035156,236.64999389648438,236.36000061035156,236.42999267578125,52654.0
2026-09-07 11:30:00+05:30,236.52000427246094,236.58999633789062,236.36000061035156,236.4499969482422,52067.0
2026-09-07 11:35:00+05:30,236.39999389648438,236.58999633789062,236.36000061035156,236.52999877929688,43654.0
2026-09-07 11:40:00+05:30,236.52000427246094,236.57000732421875,236.4600067138672,236.5399932861328,24604.0
2026-09-07 11:45:00+05:30,236.5399932861328,236.66000366210938,236.4600067138672,236.61000061035156,31000.0
2026-09-07 11:50:00+05:30,236.5500030517578,236.66000366210938,236.4499969482422,236.58999633789062,23979.0
2026-09-07 11:55:00+05:30,236.58999633789062,236.6300048828125,236.47000122070312,236.5,42603.0
2026-09-07 12:00:00+05:30,236.39999389648438,236.50999450683594,236.0399932861328,236.08999633789062,274491.0
2026-09-07 12:05:00+05:30,236.08999633789062,236.08999633789062,235.75,235.8699951171875,94228.0
2026-09-07 12:10:00+05:30,236.0,236.0,235.80999755859375,235.89999389648438,49810.0
2026-09-07 12:15:00+05:30,236.0,236.0,235.77000427246094,235.82000732421875,34973.0
2026-09-07 12:20:00+05:30,235.82000732421875,235.89999389648438,235.75,235.80999755859375,37994.0
2026-09-07 12:25:00+05:30,235.77999877929688,235.92999267578125,235.75999450683594,235.8699951171875,31728.0
2026-09-07 12:30:00+05:30,235.8000030517578,235.9499969482422,235.75999450683594,235.86000061035156,45101.0
2026-09-07 12:35:00+05:30,235.89999389648438,236.0,235.8000030517578,235.97000122070312,50069.0
2026-09-07 12:40:00+05:30,235.9600067138672,236.0,235.85000610351562,235.92999267578125,45633.0
2026-09-07 12:45:00+05:30,235.9199981689453,235.9199981689453,235.64999389648438,235.64999389648438,82938.0
2026-09-07 12:50:00+05:30,235.69000244140625,235.72000122070312,235.3800048828125,235.4600067138672,200330.0
2026-09-07 12:55:00+05:30,235.4600067138672,236.77000427246094,235.38999938964844,236.75,904947.0
2026-09-07 13:00:00+05:30,236.75,236.8000030517578,236.3800048828125,236.3800048828125,335757.0
2026-09-07 13:05:00+05:30,236.42999267578125,236.5500030517578,236.39999389648438,236.44000244140625,33376.0
2026-09-07 13:10:00+05:30,236.4499969482422,236.5399932861328,236.39999389648438,236.50999450683594,29527.0
2026-09-07 13:15:00+05:30,236.38999938964844,236.75999450683594,236.38999938964844,236.61000061035156,32908.0
2026-09-07 13:20:00+05:30,236.69000244140625,236.75,236.52999877929688,236.72000122070312,34433.0
2026-09-07 13:25:00+05:30,236.67999267578125,236.7100067138672,236.4499969482422,236.5500030517578,25682.0
2026-09-07 13:30:00+05:30,236.58999633789062,236.61000061035156,236.47000122070312,236.5500030517578,29428.0
2026-09-07 13:35:00+05:30,236.61000061035156,236.7100067138672,236.49000549316406,236.6999969482422,26095.0
2026-09-07 13:40:00+05:30,236.6699981689453,236.6999969482422,236.58999633789062,236.6999969482422,28033.0
2026-09-07 13:45:00+05:30,236.69000244140625,236.8000030517578,236.60000610351562,236.75,32774.0
2026-09-07 13:50:00+05:30,236.72000122070312,236.8800048828125,236.61000061035156,236.8699951171875,47693.0
2026-09-07 13:55:00+05:30,236.8699951171875,236.9499969482422,236.8000030517578,236.88999938964844,55839.0
2026-09-07 14:00:00+05:30,236.8000030517578,236.94000244140625,236.8000030517578,236.89999389648438,31924.0
2026-09-07 14:05:00+05:30,236.9199981689453,236.9199981689453,236.6999969482422,236.7100067138672,57781.0
2026-09-07 14:10:00+05:30,236.75,236.8000030517578,236.69000244140625,236.7899932861328,34734.0
2026-09-07 14:15:00+05:30,236.7899932861328,236.80999755859375,236.6999969482422,236.75,46602.0
2026-09-07 14:20:00+05:30,236.75,236.85000610351562,236.75,236.8000030517578,39262.0
2026-09-07 14:25:00+05:30,236.8000030517578,237.0500030517578,236.77000427246094,237.0399932861328,99501.0
2026-09-07 14:30:00+05:30,237.02000427246094,237.14999389648438,236.8800048828125,236.92999267578125,48549.0
2026-09-07 14:35:00+05:30,236.91000366210938,236.97999572753906,236.75,236.7899932861328,57376.0
2026-09-07 14:40:00+05:30,236.7899932861328,236.83999633789062,236.7100067138672,236.7899932861328,68544.0
2026-09-07 14:45:00+05:30,236.7899932861328,236.7899932861328,236.64999389648438,236.75,76678.0
2026-09-07 14:50:00+05:30,236.77000427246094,237.17999267578125,236.75,236.8300018310547,299156.0
2026-09-07 14:55:00+05:30,236.80999755859375,236.8699951171875,236.72999572753906,236.82000732421875,130731.0
2026-09-07 15:00:00+05:30,236.8000030517578,236.83999633789062,236.60000610351562,236.75,237075.0
2026-09-07 15:05:00+05:30,236.86000061035156,237.0500030517578,236.72000122070312,236.86000061035156,274391.0
2026-09-07 15:10:00+05:30,236.86000061035156,236.97999572753906,236.1999969482422,236.5,345014.0
2026-09-07 15:15:00+05:30,236.5,237.0,236.5,237.0,215988.0
2026-09-08 09:15:00+05:30,236.4499969482422,237.0,236.05999755859375,236.99000549316406,0.0
2026-09-08 09:20:00+05:30,236.99000549316406,236.99000549316406,236.7100067138672,236.97000122070312,35056.0
2026-09-08 09:25:00+05:30,236.97999572753906,237.38999938964844,236.97999572753906,237.07000732421875,49509.0
2026-09-08 09:30:00+05:30,237.1300048828125,237.3000030517578,236.80999755859375,237.10000610351562,47420.0
2026-09-08 09:35:00+05:30,237.16000366210938,237.33999633789062,237.0,237.1300048828125,48140.0
2026-09-08 09:40:00+05:30,237.1300048828125,237.13999938964844,236.85000610351562,236.9600067138672,33577.0
2026-09-08 09:45:00+05:30,236.9600067138672,237.02000427246094,236.6999969482422,236.89999389648438,33250.0
2026-09-08 09:50:00+05:30,236.99000549316406,237.07000732421875,236.8800048828125,236.9199981689453,21295.0
2026-09-08 09:55:00+05:30,236.9199981689453,237.0800018310547,236.86000061035156,236.89999389648438,20478.0
2026-09-08 10:00:00+05:30,236.86000061035156,237.08999633789062,236.8000030517578,236.85000610351562,26735.0
2026-09-08 10:05:00+05:30,236.80999755859375,237.1699981689453,236.6999969482422,237.1699981689453,38085.0
2026-09-08 10:10:00+05:30,237.19000244140625,237.5500030517578,237.0500030517578,237.5500030517578,43453.0
2026-09-08 10:15:00+05:30,237.5,237.64999389648438,237.44000244140625,237.5800018310547,32726.0
2026-09-08 10:20:00+05:30,237.60000610351562,237.64999389648438,237.4600067138672,237.5800018310547,54475.0
2026-09-08 10:25:00+05:30,237.5800018310547,237.6300048828125,237.14999389648438,237.14999389648438,17281.0
2026-09-08 10:30:00+05:30,237.27999877929688,237.36000061035156,237.14999389648438,237.32000732421875,16219.0
2026-09-08 10:35:00+05:30,237.2899932861328,237.2899932861328,237.0800018310547,237.10000610351562,18927.0
2026-09-08 10:40:00+05:30,237.16000366210938,237.16000366210938,237.02000427246094,237.14999389648438,16536.0
2026-09-08 10:45:00+05:30,237.14999389648438,237.5399932861328,237.14999389648438,237.3000030517578,22502.0
2026-09-08 10:50:00+05:30,237.30999755859375,237.35000610351562,237.02000427246094,237.1199951171875,16354.0
2026-09-08 10:55:00+05:30,237.14999389648438,237.14999389648438,237.0,237.10000610351562,23719.0
2026-09-08 11:00:00+05:30,237.02000427246094,237.08999633789062,236.74000549316406,236.88999938964844,27076.0
2026-09-08 11:05:00+05:30,236.85000610351562,237.17999267578125,236.74000549316406,236.82000732421875,19088.0
2026-09-08 11:10:00+05:30,236.8300018310547,236.89999389648438,236.72000122070312,236.8699951171875,12254.0
2026-09-08 11:15:00+05:30,236.91000366210938,237.11000061035156,236.86000061035156,236.86000061035156,23182.0
2026-09-08 11:20:00+05:30,237.00999450683594,237.0500030517578,236.47000122070312,236.5500030517578,48545.0
2026-09-08 11:25:00+05:30,236.52999877929688,236.64999389648438,236.47000122070312,236.5,45121.0
2026-09-08 11:30:00+05:30,236.5800018310547,236.5800018310547,236.33999633789062,236.33999633789062,22306.0
2026-09-08 11:35:00+05:30,236.35000610351562,236.35000610351562,235.97000122070312,236.0,397307.0
2026-09-08 11:40:00+05:30,236.0,236.35000610351562,235.94000244140625,236.0,244802.0
2026-09-08 11:45:00+05:30,236.0,236.2899932861328,235.83999633789062,235.86000061035156,395520.0
2026-09-08 11:50:00+05:30,235.86000061035156,235.97999572753906,235.75,235.9199981689453,40774.0
2026-09-08 11:55:00+05:30,235.9199981689453,235.9199981689453,235.38999938964844,235.52999877929688,231948.0
2026-09-08 12:00:00+05:30,235.5,235.60000610351562,235.3300018310547,235.60000610351562,263522.0
2026-09-08 12:05:00+05:30,235.5,235.5,234.85000610351562,234.94000244140625,430077.0
2026-09-08 12:10:00+05:30,234.94000244140625,235.1699981689453,234.9199981689453,235.1199951171875,132487.0
2026-09-08 12:15:00+05:30,235.13999938964844,235.25,235.0500030517578,235.14999389648438,17959.0
2026-09-08 12:20:00+05:30,235.22999572753906,235.25,234.9199981689453,234.97999572753906,39827.0
2026-09-08 12:25:00+05:30,235.0,235.10000610351562,234.9600067138672,235.02000427246094,118848.0
2026-09-08 12:30:00+05:30,235.0,235.05999755859375,234.9600067138672,235.0,350026.0
2026-09-08 12:35:00+05:30,235.0,235.42999267578125,235.0,235.3000030517578,102685.0
2026-09-08 12:40:00+05:30,235.32000732421875,235.4199981689453,234.99000549316406,234.99000549316406,66178.0
2026-09-08 12:45:00+05:30,235.0,235.08999633789062,234.99000549316406,235.0,89784.0
2026-09-08 12:50:00+05:30,235.0,235.10000610351562,234.99000549316406,235.0500030517578,78861.0
2026-09-08 12:55:00+05:30,235.0,235.07000732421875,234.97999572753906,235.0500030517578,135618.0
2026-09-08 13:00:00+05:30,235.0,235.0800018310547,234.97000122070312,235.0,96304.0
2026-09-08 13:05:00+05:30,235.0500030517578,235.07000732421875,234.97999572753906,235.0,42259.0
2026-09-08 13:10:00+05:30,235.0,235.19000244140625,234.99000549316406,235.17999267578125,17165.0
2026-09-08 13:15:00+05:30,235.1999969482422,235.3000030517578,235.13999938964844,235.24000549316406,40876.0
2026-09-08 13:20:00+05:30,235.2899932861328,235.2899932861328,234.9199981689453,234.9199981689453,89812.0
2026-09-08 13:25:00+05:30,234.9499969482422,235.0500030517578,234.82000732421875,234.9499969482422,60953.0
2026-09-08 13:30:00+05:30,234.8800048828125,234.97999572753906,234.85000610351562,234.86000061035156,18400.0
2026-09-08 13:35:00+05:30,234.86000061035156,234.9199981689453,234.5500030517578,234.61000061035156,116447.0
2026-09-08 13:40:00+05:30,234.61000061035156,234.75,234.55999755859375,234.64999389648438,36774.0
2026-09-08 13:45:00+05:30,234.66000366210938,234.8000030517578,234.6300048828125,234.8000030517578,27703.0
2026-09-08 13:50:00+05:30,234.7899932861328,234.8000030517578,234.7100067138672,234.72000122070312,29330.0
2026-09-08 13:55:00+05:30,234.75,234.8000030517578,234.72000122070312,234.8000030517578,57521.0
2026-09-08 14:00:00+05:30,234.8000030517578,235.17999267578125,234.66000366210938,235.17999267578125,313046.0
2026-09-08 14:05:00+05:30,235.17999267578125,235.1999969482422,234.86000061035156,234.9499969482422,79667.0
2026-09-08 14:10:00+05:30,234.94000244140625,235.0800018310547,234.94000244140625,235.0,81906.0
2026-09-08 14:15:00+05:30,234.99000549316406,235.25,234.97000122070312,235.02999877929688,567508.0
2026-09-08 14:20:00+05:30,235.00999450683594,235.10000610351562,234.9600067138672,235.0,23434.0
2026-09-08 14:25:00+05:30,235.02000427246094,235.14999389648438,234.94000244140625,235.00999450683594,45075.0
2026-09-08 14:30:00+05:30,235.0399932861328,235.1699981689453,234.94000244140625,235.07000732421875,112356.0
2026-09-08 14:35:00+05:30,235.0,235.07000732421875,234.97000122070312,235.0,119972.0
2026-09-08 14:40:00+05:30,235.0,235.0800018310547,234.94000244140625,234.99000549316406,142441.0
2026-09-08 14:45:00+05:30,235.07000732421875,235.07000732421875,234.94000244140625,234.9499969482422,67388.0
2026-09-08 14:50:00+05:30,235.02999877929688,235.07000732421875,234.83999633789062,234.99000549316406,99636.0
2026-09-08 14:55:00+05:30,235.07000732421875,235.07000732421875,234.86000061035156,234.9199981689453,78860.0
2026-09-08 15:00:00+05:30,234.88999938964844,235.07000732421875,234.8699951171875,234.97999572753906,666922.0
2026-09-08 15:05:00+05:30,234.9600067138672,235.89999389648438,234.9600067138672,235.89999389648438,270871.0
2026-09-08 15:10:00+05:30,235.75,235.85000610351562,235.36000061035156,235.85000610351562,407661.0
2026-09-08 15:15:00+05:30,236.0,236.60000610351562,236.0,236.60000610351562,159498.0
2026-09-09 09:15:00+05:30,236.55999755859375,237.11000061035156,235.69000244140625,235.83999633789062,0.0
2026-09-09 09:20:00+05:30,235.77000427246094,235.9499969482422,235.39999389648438,235.85000610351562,129383.0
2026-09-09 09:25:00+05:30,235.89999389648438,236.13999938964844,235.69000244140625,236.13999938964844,135960.0
2026-09-09 09:30:00+05:30,236.1300048828125,236.22999572753906,235.4499969482422,235.82000732421875,439474.0
2026-09-09 09:35:00+05:30,235.82000732421875,235.86000061035156,235.32000732421875,235.49000549316406,738270.0
2026-09-09 09:40:00+05:30,235.5,235.82000732421875,235.3800048828125,235.47999572753906,1170569.0
2026-09-09 09:45:00+05:30,235.47999572753906,235.72999572753906,235.1699981689453,235.55999755859375,682231.0
2026-09-09 09:50:00+05:30,235.50999450683594,235.50999450683594,235.1999969482422,235.27000427246094,299580.0
2026-09-09 09:55:00+05:30,235.27000427246094,235.9499969482422,235.27000427246094,235.74000549316406,748055.0
2026-09-09 10:00:00+05:30,235.8000030517578,235.8000030517578,235.5,235.5800018310547,181278.0
2026-09-09 10:05:00+05:30,235.52999877929688,235.63999938964844,235.50999450683594,235.58999633789062,62591.0
2026-09-09 10:10:00+05:30,235.60000610351562,235.8699951171875,235.5500030517578,235.86000061035156,105021.0
2026-09-09 10:15:00+05:30,235.83999633789062,236.16000366210938,235.72999572753906,236.0399932861328,122410.0
2026-09-09 10:20:00+05:30,236.02000427246094,236.49000549316406,236.00999450683594,236.41000366210938,117587.0
2026-09-09 10:25:00+05:30,236.41000366210938,236.41000366210938,235.82000732421875,236.0,271760.0
2026-09-09 10:30:00+05:30,235.9600067138672,236.47999572753906,235.9600067138672,236.4199981689453,57541.0
2026-09-09 10:35:00+05:30,236.3699951171875,236.41000366210938,235.92999267578125,236.02000427246094,171255.0
2026-09-09 10:40:00+05:30,236.0800018310547,236.0800018310547,235.89999389648438,236.0,59259.0
2026-09-09 10:45:00+05:30,235.97999572753906,236.0,235.77999877929688,235.7899932861328,152699.0
2026-09-09 10:50:00+05:30,235.7899932861328,235.8800048828125,235.77000427246094,235.8000030517578,66601.0
2026-09-09 10:55:00+05:30,235.8300018310547,236.0,235.8300018310547,236.0,155031.0
2026-09-09 11:00:00+05:30,236.0,236.75,235.89999389648438,236.64999389648438,350759.0
2026-09-09 11:05:00+05:30,236.60000610351562,236.60000610351562,236.3699951171875,236.3800048828125,66027.0
2026-09-09 11:10:00+05:30,236.38999938964844,236.41000366210938,236.25,236.27000427246094,49662.0
2026-09-09 11:15:00+05:30,236.27000427246094,236.33999633789062,236.14999389648438,236.33999633789062,72392.0
2026-09-09 11:20:00+05:30,236.33999633789062,236.38999938964844,236.24000549316406,236.3300018310547,45360.0
2026-09-09 11:25:00+05:30,236.3300018310547,236.38999938964844,236.30999755859375,236.3800048828125,29940.0
2026-09-09 11:30:00+05:30,236.38999938964844,236.39999389648438,236.27000427246094,236.27999877929688,80529.0
2026-09-09 11:35:00+05:30,236.27999877929688,236.3699951171875,236.10000610351562,236.1199951171875,70628.0
2026-09-09 11:40:00+05:30,236.08999633789062,236.1699981689453,236.08999633789062,236.13999938964844,36644.0
2026-09-09 11:45:00+05:30,236.1199951171875,236.19000244140625,236.11000061035156,236.1300048828125,30345.0
2026-09-09 11:50:00+05:30,236.17999267578125,236.17999267578125,235.8800048828125,235.9499969482422,119957.0
2026-09-09 11:55:00+05:30,235.8800048828125,236.0,235.7100067138672,235.72000122070312,155901.0
2026-09-09 12:00:00+05:30,235.72000122070312,235.72000122070312,235.27000427246094,235.35000610351562,275124.0
2026-09-09 12:05:00+05:30,235.35000610351562,235.35000610351562,235.08999633789062,235.2100067138672,155042.0
2026-09-09 12:10:00+05:30,235.1699981689453,235.2899932861328,235.07000732421875,235.2100067138672,97536.0
2026-09-09 12:15:00+05:30,235.2100067138672,235.2100067138672,234.89999389648438,234.94000244140625,103711.0
2026-09-09 12:20:00+05:30,235.02999877929688,235.02999877929688,234.74000549316406,234.89999389648438,106972.0
2026-09-09 12:25:00+05:30,234.85000610351562,235.2100067138672,234.85000610351562,235.2100067138672,434472.0
2026-09-09 12:30:00+05:30,235.2100067138672,235.77999877929688,234.99000549316406,235.52000427246094,202544.0
2026-09-09 12:35:00+05:30,235.52000427246094,235.97999572753906,235.38999938964844,235.77999877929688,194870.0
2026-09-09 12:40:00+05:30,235.7100067138672,236.0500030517578,235.63999938964844,235.83999633789062,172947.0
2026-09-09 12:45:00+05:30,235.8699951171875,236.11000061035156,235.8300018310547,235.94000244140625,103282.0
2026-09-09 12:50:00+05:30,235.9499969482422,236.11000061035156,235.8000030517578,235.80999755859375,221778.0
2026-09-09 12:55:00+05:30,235.82000732421875,235.85000610351562,235.72000122070312,235.83999633789062,68488.0
2026-09-09 13:00:00+05:30,235.8300018310547,235.92999267578125,235.6199951171875,235.6999969482422,91243.0
2026-09-09 13:05:00+05:30,235.6999969482422,235.7100067138672,235.60000610351562,235.60000610351562,26977.0
2026-09-09 13:10:00+05:30,235.58999633789062,235.58999633789062,235.22999572753906,235.38999938964844,105858.0
2026-09-09 13:15:00+05:30,235.39999389648438,235.47999572753906,235.25,235.27999877929688,31561.0
2026-09-09 13:20:00+05:30,235.27999877929688,235.42999267578125,235.25,235.35000610351562,36684.0
2026-09-09 13:25:00+05:30,235.36000061035156,235.42999267578125,235.33999633789062,235.39999389648438,25370.0
2026-09-09 13:30:00+05:30,235.39999389648438,235.47000122070312,235.35000610351562,235.47000122070312,30578.0
2026-09-09 13:35:00+05:30,235.4499969482422,235.47999572753906,235.25,235.25,42144.0
2026-09-09 13:40:00+05:30,235.25,235.5500030517578,235.1999969482422,235.3800048828125,139240.0
2026-09-09 13:45:00+05:30,235.38999938964844,235.4600067138672,235.17999267578125,235.4199981689453,79265.0
2026-09-09 13:50:00+05:30,235.3800048828125,235.5,235.22000122070312,235.4499969482422,437624.0
2026-09-09 13:55:00+05:30,235.44000244140625,235.44000244140625,235.24000549316406,235.25,207462.0
2026-09-09 14:00:00+05:30,235.25,235.64999389648438,235.22999572753906,235.47999572753906,187732.0
2026-09-09 14:05:00+05:30,235.47999572753906,235.52000427246094,235.33999633789062,235.33999633789062,36205.0
2026-09-09 14:10:00+05:30,235.32000732421875,235.3300018310547,235.17999267578125,235.3300018310547,87192.0
2026-09-09 14:15:00+05:30,235.32000732421875,235.4199981689453,235.22000122070312,235.38999938964844,50702.0
2026-09-09 14:20:00+05:30,235.3800048828125,235.58999633789062,235.3300018310547,235.5,62420.0
2026-09-09 14:25:00+05:30,235.47999572753906,235.52000427246094,235.38999938964844,235.5,43243.0
2026-09-09 14:30:00+05:30,235.52999877929688,235.52999877929688,235.32000732421875,235.32000732421875,30880.0
2026-09-09 14:35:00+05:30,235.33999633789062,235.33999633789062,235.10000610351562,235.14999389648438,44457.0
2026-09-09 14:40:00+05:30,235.1199951171875,235.1699981689453,234.7899932861328,234.91000366210938,124673.0
2026-09-09 14:45:00+05:30,234.85000610351562,235.08999633789062,234.49000549316406,234.6199951171875,1192272.0
2026-09-09 14:50:00+05:30,234.58999633789062,234.9499969482422,234.5399932861328,234.8000030517578,333687.0
2026-09-09 14:55:00+05:30,234.8000030517578,234.8800048828125,234.69000244140625,234.75,188864.0
2026-09-09 15:00:00+05:30,234.75999450683594,234.75999450683594,234.39999389648438,234.5,348958.0
2026-09-09 15:05:00+05:30,234.44000244140625,234.72000122070312,234.05999755859375,234.60000610351562,494425.0
2026-09-09 15:10:00+05:30,234.5,234.64999389648438,234.24000549316406,234.50999450683594,590487.0
2026-09-09 15:15:00+05:30,234.52000427246094,234.52000427246094,234.10000610351562,234.10000610351562,183601.0
2026-09-10 09:15:00+05:30,234.91000366210938,237.5,234.91000366210938,237.5,0.0
2026-09-10 09:20:00+05:30,237.4499969482422,238.38999938964844,236.85000610351562,238.3800048828125,352103.0
2026-09-10 09:25:00+05:30,238.1699981689453,239.24000549316406,237.32000732421875,238.60000610351562,1091838.0
2026-09-10 09:30:00+05:30,238.6199951171875,238.94000244140625,238.14999389648438,238.52000427246094,358584.0
2026-09-10 09:35:00+05:30,238.47000122070312,238.92999267578125,238.1999969482422,238.89999389648438,269010.0
2026-09-10 09:40:00+05:30,238.91000366210938,239.38999938964844,238.57000732421875,238.6300048828125,487964.0
2026-09-10 09:45:00+05:30,238.58999633789062,238.6300048828125,237.5500030517578,237.85000610351562,269602.0
2026-09-10 09:50:00+05:30,237.77000427246094,237.83999633789062,237.39999389648438,237.5,175990.0
2026-09-10 09:55:00+05:30,237.44000244140625,237.75,237.4199981689453,237.60000610351562,179121.0
2026-09-10 10:00:00+05:30,237.5500030517578,237.5500030517578,237.33999633789062,237.49000549316406,145873.0
2026-09-10 10:05:00+05:30,237.5500030517578,237.5800018310547,237.27999877929688,237.38999938964844,143899.0
2026-09-10 10:10:00+05:30,237.35000610351562,237.35000610351562,237.0399932861328,237.25,200674.0
2026-09-10 10:15:00+05:30,237.27000427246094,237.7899932861328,237.27000427246094,237.44000244140625,165483.0
2026-09-10 10:20:00+05:30,237.55999755859375,238.1999969482422,237.3300018310547,238.14999389648438,173358.0
2026-09-10 10:25:00+05:30,238.11000061035156,238.1999969482422,237.9199981689453,238.05999755859375,98828.0
2026-09-10 10:30:00+05:30,238.11000061035156,238.13999938964844,237.6999969482422,237.88999938964844,58378.0
2026-09-10 10:35:00+05:30,237.9199981689453,238.05999755859375,237.8800048828125,238.0500030517578,56143.0
2026-09-10 10:40:00+05:30,238.05999755859375,238.41000366210938,238.0399932861328,238.41000366210938,81699.0
2026-09-10 10:45:00+05:30,238.4199981689453,238.64999389648438,238.25,238.33999633789062,96552.0
2026-09-10 10:50:00+05:30,238.33999633789062,238.47999572753906,238.10000610351562,238.10000610351562,63613.0
2026-09-10 10:55:00+05:30,238.05999755859375,238.27999877929688,238.0,238.1999969482422,66514.0
2026-09-10 11:00:00+05:30,238.1999969482422,238.39999389648438,238.1699981689453,238.3699951171875,48180.0
2026-09-10 11:05:00+05:30,238.3699951171875,238.4499969482422,238.05999755859375,238.08999633789062,55351.0
2026-09-10 11:10:00+05:30,238.14999389648438,238.3800048828125,238.08999633789062,238.3800048828125,54934.0
2026-09-10 11:15:00+05:30,238.3800048828125,238.39999389648438,238.1199951171875,238.1199951171875,39569.0
2026-09-10 11:20:00+05:30,238.1199951171875,238.1199951171875,237.8000030517578,238.00999450683594,99513.0
2026-09-10 11:25:00+05:30,238.08999633789062,238.83999633789062,237.97999572753906,238.47999572753906,160660.0
2026-09-10 11:30:00+05:30,238.44000244140625,239.22000122070312,238.44000244140625,238.85000610351562,122710.0
2026-09-10 11:35:00+05:30,238.88999938964844,239.0500030517578,238.77999877929688,238.88999938964844,78661.0
2026-09-10 11:40:00+05:30,238.8699951171875,238.8699951171875,238.4499969482422,238.64999389648438,49793.0
2026-09-10 11:45:00+05:30,238.61000061035156,238.8800048828125,238.52000427246094,238.85000610351562,38703.0
2026-09-10 11:50:00+05:30,238.92999267578125,238.92999267578125,238.60000610351562,238.77999877929688,115018.0
2026-09-10 11:55:00+05:30,238.83999633789062,239.0,238.77999877929688,238.8800048828125,52401.0
2026-09-10 12:00:00+05:30,238.89999389648438,238.97000122070312,238.80999755859375,238.92999267578125,32953.0
2026-09-10 12:05:00+05:30,238.9199981689453,238.92999267578125,238.44000244140625,238.57000732421875,196181.0
2026-09-10 12:10:00+05:30,238.5800018310547,238.7899932861328,238.52000427246094,238.6199951171875,39688.0
2026-09-10 12:15:00+05:30,238.6300048828125,238.6999969482422,238.4600067138672,238.5,37642.0
2026-09-10 12:20:00+05:30,238.5,238.52999877929688,238.3300018310547,238.39999389648438,33819.0
2026-09-10 12:25:00+05:30,238.3699951171875,238.41000366210938,238.02000427246094,238.16000366210938,114127.0
2026-09-10 12:30:00+05:30,238.16000366210938,238.16000366210938,237.91000366210938,237.94000244140625,173279.0
2026-09-10 12:35:00+05:30,237.89999389648438,238.3000030517578,237.8699951171875,238.1999969482422,88504.0
2026-09-10 12:40:00+05:30,238.25,238.69000244140625,238.1999969482422,238.63999938964844,55400.0
2026-09-10 12:45:00+05:30,238.57000732421875,238.5800018310547,238.30999755859375,238.39999389648438,29229.0
2026-09-10 12:50:00+05:30,238.39999389648438,238.44000244140625,238.3000030517578,238.30999755859375,24391.0
2026-09-10 12:55:00+05:30,238.30999755859375,238.35000610351562,237.64999389648438,237.64999389648438,169840.0
2026-09-10 13:00:00+05:30,237.64999389648438,237.72000122070312,237.4199981689453,237.61000061035156,68481.0
2026-09-10 13:05:00+05:30,237.6699981689453,237.6699981689453,237.32000732421875,237.4499969482422,42660.0
2026-09-10 13:10:00+05:30,237.4499969482422,237.50999450683594,237.41000366210938,237.47000122070312,27273.0
2026-09-10 13:15:00+05:30,237.50999450683594,237.52999877929688,237.3300018310547,237.4600067138672,31827.0
2026-09-10 13:20:00+05:30,237.4600067138672,237.63999938964844,237.41000366210938,237.63999938964844,27487.0
2026-09-10 13:25:00+05:30,237.6300048828125,237.66000366210938,237.4199981689453,237.57000732421875,28809.0
2026-09-10 13:30:00+05:30,237.52999877929688,237.60000610351562,237.4199981689453,237.49000549316406,31509.0
2026-09-10 13:35:00+05:30,237.49000549316406,237.55999755859375,237.1699981689453,237.44000244140625,36356.0
2026-09-10 13:40:00+05:30,237.4199981689453,237.55999755859375,237.33999633789062,237.39999389648438,28999.0
2026-09-10 13:45:00+05:30,237.39999389648438,237.41000366210938,237.25,237.3000030517578,58338.0
2026-09-10 13:50:00+05:30,237.2899932861328,237.33999633789062,237.19000244140625,237.3000030517578,30503.0
2026-09-10 13:55:00+05:30,237.3000030517578,237.57000732421875,237.2100067138672,237.57000732421875,38707.0
2026-09-10 14:00:00+05:30,237.57000732421875,237.6999969482422,237.36000061035156,237.36000061035156,31770.0
2026-09-10 14:05:00+05:30,237.30999755859375,237.60000610351562,237.25999450683594,237.30999755859375,39441.0
2026-09-10 14:10:00+05:30,237.3000030517578,237.44000244140625,237.0500030517578,237.0500030517578,56313.0
2026-09-10 14:15:00+05:30,236.91000366210938,236.91000366210938,236.57000732421875,236.58999633789062,108448.0
2026-09-10 14:20:00+05:30,236.6300048828125,237.0,236.5500030517578,236.89999389648438,49486.0
2026-09-10 14:25:00+05:30,236.88999938964844,237.0,236.80999755859375,236.8300018310547,34396.0
2026-09-10 14:30:00+05:30,236.91000366210938,236.94000244140625,236.75999450683594,236.80999755859375,50638.0
2026-09-10 14:35:00+05:30,236.72000122070312,236.72000122070312,236.49000549316406,236.66000366210938,53337.0
2026-09-10 14:40:00+05:30,236.66000366210938,237.0500030517578,236.5,236.97999572753906,57837.0
2026-09-10 14:45:00+05:30,236.97999572753906,237.0800018310547,236.9600067138672,237.0500030517578,53531.0
2026-09-10 14:50:00+05:30,237.02999877929688,237.24000549316406,236.80999755859375,236.85000610351562,68807.0
2026-09-10 14:55:00+05:30,236.85000610351562,236.86000061035156,236.4600067138672,236.5,106460.0
2026-09-10 15:00:00+05:30,236.47999572753906,237.0,236.33999633789062,236.88999938964844,195237.0
2026-09-10 15:05:00+05:30,236.89999389648438,236.89999389648438,236.64999389648438,236.83999633789062,211519.0
2026-09-10 15:10:00+05:30,236.83999633789062,236.99000549316406,236.4600067138672,236.85000610351562,390687.0
2026-09-10 15:15:00+05:30,236.89999389648438,237.6199951171875,236.89999389648438,237.6199951171875,171629.0
2026-09-11 09:15:00+05:30,235.8800048828125,235.8800048828125,234.39999389648438,235.52999877929688,0.0
2026-09-11 09:20:00+05:30,235.39999389648438,235.74000549316406,235.39999389648438,235.67999267578125,85766.0
2026-09-11 09:25:00+05:30,235.63999938964844,236.2100067138672,235.63999938964844,235.99000549316406,94679.0
2026-09-11 09:30:00+05:30,236.0800018310547,236.0800018310547,235.55999755859375,235.6999969482422,42101.0
2026-09-11 09:35:00+05:30,235.6999969482422,235.89999389648438,235.66000366210938,235.75,23486.0
2026-09-11 09:40:00+05:30,235.64999389648438,235.8000030517578,235.6199951171875,235.66000366210938,25374.0
2026-09-11 09:45:00+05:30,235.69000244140625,235.85000610351562,235.6199951171875,235.80999755859375,20078.0
2026-09-11 09:50:00+05:30,235.77000427246094,235.9499969482422,235.74000549316406,235.80999755859375,25589.0
2026-09-11 09:55:00+05:30,235.82000732421875,236.0,235.7100067138672,235.77000427246094,39071.0
2026-09-11 10:00:00+05:30,235.64999389648438,235.8000030517578,235.63999938964844,235.75,26375.0
2026-09-11 10:05:00+05:30,235.75999450683594,236.5,235.75,236.41000366210938,99425.0
2026-09-11 10:10:00+05:30,236.3699951171875,236.57000732421875,236.3000030517578,236.49000549316406,60962.0
2026-09-11 10:15:00+05:30,236.49000549316406,236.60000610351562,236.3800048828125,236.47999572753906,25364.0
2026-09-11 10:20:00+05:30,236.47000122070312,236.9499969482422,236.39999389648438,236.72000122070312,67768.0
2026-09-11 10:25:00+05:30,236.64999389648438,236.6699981689453,236.3000030517578,236.3300018310547,40107.0
2026-09-11 10:30:00+05:30,236.14999389648438,236.36000061035156,236.1199951171875,236.27999877929688,27240.0
2026-09-11 10:35:00+05:30,236.27999877929688,236.49000549316406,236.27999877929688,236.4499969482422,14662.0
2026-09-11 10:40:00+05:30,236.49000549316406,236.64999389648438,236.3800048828125,236.63999938964844,28369.0
2026-09-11 10:45:00+05:30,236.66000366210938,236.82000732421875,236.39999389648438,236.47999572753906,10181.0
2026-09-11 10:50:00+05:30,236.3000030517578,236.4199981689453,236.16000366210938,236.1699981689453,35149.0
2026-09-11 10:55:00+05:30,236.1300048828125,236.17999267578125,236.00999450683594,236.0800018310547,24471.0
2026-09-11 11:00:00+05:30,236.1199951171875,236.3300018310547,236.0500030517578,236.10000610351562,21783.0
2026-09-11 11:05:00+05:30,236.10000610351562,236.2899932861328,236.00999450683594,236.17999267578125,21737.0
2026-09-11 11:10:00+05:30,236.27000427246094,237.08999633789062,236.17999267578125,236.92999267578125,35560.0
2026-09-11 11:15:00+05:30,236.92999267578125,237.02999877929688,236.6999969482422,236.77000427246094,36235.0
2026-09-11 11:20:00+05:30,236.77000427246094,236.86000061035156,236.5,236.85000610351562,15950.0
2026-09-11 11:25:00+05:30,236.85000610351562,236.85000610351562,236.41000366210938,236.50999450683594,31112.0
2026-09-11 11:30:00+05:30,236.50999450683594,236.69000244140625,236.41000366210938,236.5,7764.0
2026-09-11 11:35:00+05:30,236.4499969482422,236.50999450683594,236.3000030517578,236.38999938964844,16520.0
2026-09-11 11:40:00+05:30,236.35000610351562,236.64999389648438,236.35000610351562,236.60000610351562,14094.0
2026-09-11 11:45:00+05:30,236.5800018310547,236.5800018310547,236.0,236.3699951171875,168899.0
2026-09-11 11:50:00+05:30,236.3699951171875,236.50999450683594,236.27000427246094,236.44000244140625,22669.0
2026-09-11 11:55:00+05:30,236.39999389648438,236.6199951171875,236.35000610351562,236.6199951171875,14596.0
2026-09-11 12:00:00+05:30,236.60000610351562,236.60000610351562,236.10000610351562,236.3699951171875,110820.0
2026-09-11 12:05:00+05:30,236.36000061035156,236.55999755859375,236.33999633789062,236.41000366210938,32984.0
2026-09-11 12:10:00+05:30,236.4199981689453,236.49000549316406,236.25,236.33999633789062,22853.0
2026-09-11 12:15:00+05:30,236.41000366210938,236.49000549316406,236.2100067138672,236.47999572753906,11131.0
2026-09-11 12:20:00+05:30,236.47000122070312,236.5500030517578,236.33999633789062,236.5500030517578,11992.0
2026-09-11 12:25:00+05:30,236.52000427246094,236.60000610351562,236.17999267578125,236.32000732421875,79836.0
2026-09-11 12:30:00+05:30,236.3699951171875,236.6199951171875,236.32000732421875,236.60000610351562,21173.0
2026-09-11 12:35:00+05:30,236.55999755859375,236.7899932861328,236.55999755859375,236.6999969482422,21825.0
2026-09-11 12:40:00+05:30,236.8000030517578,237.10000610351562,236.57000732421875,236.92999267578125,78347.0
2026-09-11 12:45:00+05:30,236.86000061035156,236.9600067138672,236.74000549316406,236.9600067138672,14539.0
2026-09-11 12:50:00+05:30,236.9600067138672,237.5500030517578,236.94000244140625,237.35000610351562,35153.0
2026-09-11 12:55:00+05:30,237.35000610351562,237.5399932861328,237.25,237.3699951171875,39133.0
2026-09-11 13:00:00+05:30,237.32000732421875,237.3699951171875,237.0399932861328,237.0800018310547,25590.0
2026-09-11 13:05:00+05:30,237.0399932861328,237.13999938964844,237.0399932861328,237.0500030517578,11770.0
2026-09-11 13:10:00+05:30,237.10000610351562,237.27000427246094,237.0,237.19000244140625,17752.0
2026-09-11 13:15:00+05:30,237.25,237.32000732421875,237.0,237.08999633789062,14855.0
2026-09-11 13:20:00+05:30,237.10000610351562,237.1999969482422,236.75,236.75,130568.0
2026-09-11 13:25:00+05:30,236.75,236.75,236.39999389648438,236.67999267578125,213332.0
2026-09-11 13:30:00+05:30,236.67999267578125,236.6999969482422,236.38999938964844,236.5500030517578,220053.0
2026-09-11 13:35:00+05:30,236.6199951171875,236.64999389648438,236.42999267578125,236.52000427246094,52323.0
2026-09-11 13:40:00+05:30,236.52000427246094,236.8300018310547,236.35000610351562,236.75,45495.0
2026-09-11 13:45:00+05:30,236.8300018310547,237.0500030517578,236.75,236.8699951171875,31547.0
2026-09-11 13:50:00+05:30,236.9199981689453,237.0500030517578,236.5,236.55999755859375,572805.0
2026-09-11 13:55:00+05:30,236.58999633789062,237.0,236.39999389648438,236.5,587801.0
2026-09-11 14:00:00+05:30,236.52000427246094,236.77000427246094,236.32000732421875,236.75999450683594,81910.0
2026-09-11 14:05:00+05:30,236.75999450683594,236.8000030517578,235.99000549316406,236.60000610351562,909706.0
2026-09-11 14:10:00+05:30,236.58999633789062,237.0500030517578,236.55999755859375,236.91000366210938,121952.0
2026-09-11 14:15:00+05:30,236.97000122070312,237.11000061035156,236.75999450683594,237.10000610351562,134483.0
2026-09-11 14:20:00+05:30,237.02000427246094,237.10000610351562,236.8300018310547,236.97999572753906,108869.0
2026-09-11 14:25:00+05:30,236.97999572753906,237.1699981689453,236.72000122070312,237.1699981689453,75163.0
2026-09-11 14:30:00+05:30,237.1999969482422,237.5500030517578,237.14999389648438,237.1999969482422,98667.0
2026-09-11 14:35:00+05:30,237.11000061035156,237.35000610351562,237.10000610351562,237.17999267578125,54159.0
2026-09-11 14:40:00+05:30,237.1999969482422,237.32000732421875,236.85000610351562,236.8800048828125,88780.0
2026-09-11 14:45:00+05:30,236.8800048828125,236.94000244140625,236.52000427246094,236.60000610351562,90469.0
2026-09-11 14:50:00+05:30,236.6300048828125,236.72999572753906,236.5,236.72999572753906,207953.0
2026-09-11 14:55:00+05:30,236.72999572753906,236.77000427246094,236.49000549316406,236.74000549316406,205726.0
2026-09-11 15:00:00+05:30,236.7100067138672,236.7899932861328,236.52999877929688,236.67999267578125,182429.0
2026-09-11 15:05:00+05:30,236.69000244140625,236.94000244140625,236.64999389648438,236.80999755859375,143562.0
2026-09-11 15:10:00+05:30,236.8000030517578,237.13999938964844,236.6699981689453,236.9499969482422,268588.0
2026-09-11 15:15:00+05:30,236.83999633789062,238.1300048828125,236.83999633789062,238.1300048828125,337952.0
2026-09-15 09:15:00+05:30,238.39999389648438,238.42999267578125,236.17999267578125,237.17999267578125,0.0
2026-09-15 09:20:00+05:30,237.1199951171875,237.47000122070312,236.8000030517578,236.8000030517578,121722.0
2026-09-15 09:25:00+05:30,236.8000030517578,236.94000244140625,236.36000061035156,236.36000061035156,100521.0
2026-09-15 09:30:00+05:30,236.3800048828125,236.3800048828125,236.14999389648438,236.27000427246094,79473.0
2026-09-15 09:35:00+05:30,236.25999450683594,236.30999755859375,235.75999450683594,236.1699981689453,118206.0
2026-09-15 09:40:00+05:30,236.1699981689453,236.30999755859375,236.08999633789062,236.08999633789062,50221.0
2026-09-15 09:45:00+05:30,236.08999633789062,236.11000061035156,235.5399932861328,235.5399932861328,92953.0
2026-09-15 09:50:00+05:30,235.55999755859375,236.0,235.0,235.1699981689453,552732.0
2026-09-15 09:55:00+05:30,235.24000549316406,235.25,234.86000061035156,235.02999877929688,131304.0
2026-09-15 10:00:00+05:30,235.0500030517578,235.24000549316406,235.0,235.13999938964844,66119.0
2026-09-15 10:05:00+05:30,235.11000061035156,235.27000427246094,235.0500030517578,235.11000061035156,38799.0
2026-09-15 10:10:00+05:30,235.14999389648438,235.72000122070312,235.13999938964844,235.66000366210938,79352.0
2026-09-15 10:15:00+05:30,235.64999389648438,235.7100067138672,235.4499969482422,235.6699981689453,30837.0
2026-09-15 10:20:00+05:30,235.60000610351562,235.80999755859375,235.49000549316406,235.8000030517578,46813.0
2026-09-15 10:25:00+05:30,235.77000427246094,235.80999755859375,235.42999267578125,235.42999267578125,38820.0
2026-09-15 10:30:00+05:30,235.47000122070312,235.74000549316406,235.4600067138672,235.6199951171875,37556.0
2026-09-15 10:35:00+05:30,235.5500030517578,235.9499969482422,235.5500030517578,235.9499969482422,39436.0
2026-09-15 10:40:00+05:30,235.99000549316406,236.1699981689453,235.6199951171875,235.66000366210938,85569.0
2026-09-15 10:45:00+05:30,235.61000061035156,235.63999938964844,235.14999389648438,235.3800048828125,71354.0
2026-09-15 10:50:00+05:30,235.36000061035156,235.44000244140625,235.05999755859375,235.1999969482422,74175.0
2026-09-15 10:55:00+05:30,235.14999389648438,235.25,235.05999755859375,235.1300048828125,62447.0
2026-09-15 11:00:00+05:30,235.22000122070312,235.24000549316406,235.02000427246094,235.24000549316406,61050.0
2026-09-15 11:05:00+05:30,235.24000549316406,235.24000549316406,234.8000030517578,235.0,132545.0
2026-09-15 11:10:00+05:30,235.00999450683594,235.08999633789062,234.77999877929688,234.80999755859375,48768.0
2026-09-15 11:15:00+05:30,234.88999938964844,235.02000427246094,234.77000427246094,234.89999389648438,38037.0
2026-09-15 11:20:00+05:30,234.85000610351562,235.1300048828125,234.72000122070312,235.1300048828125,45314.0
2026-09-15 11:25:00+05:30,235.0399932861328,235.19000244140625,234.8000030517578,234.88999938964844,67281.0
2026-09-15 11:30:00+05:30,234.88999938964844,235.1699981689453,234.77000427246094,235.0,40377.0
2026-09-15 11:35:00+05:30,234.9600067138672,235.19000244140625,234.7100067138672,234.77999877929688,62334.0
2026-09-15 11:40:00+05:30,234.8699951171875,234.88999938964844,234.39999389648438,234.4499969482422,89631.0
2026-09-15 11:45:00+05:30,234.44000244140625,234.5,234.25,234.36000061035156,41064.0
2026-09-15 11:50:00+05:30,234.2899932861328,234.50999450683594,234.22000122070312,234.3300018310547,73689.0
2026-09-15 11:55:00+05:30,234.25999450683594,234.44000244140625,234.14999389648438,234.30999755859375,58936.0
2026-09-15 12:00:00+05:30,234.30999755859375,234.36000061035156,234.10000610351562,234.17999267578125,105673.0
2026-09-15 12:05:00+05:30,234.1999969482422,234.39999389648438,234.1999969482422,234.35000610351562,94599.0
2026-09-15 12:10:00+05:30,234.36000061035156,234.3800048828125,234.1300048828125,234.19000244140625,38110.0
2026-09-15 12:15:00+05:30,234.19000244140625,234.25,234.0500030517578,234.1999969482422,45707.0
2026-09-15 12:20:00+05:30,234.1999969482422,234.39999389648438,234.1999969482422,234.3000030517578,31846.0
2026-09-15 12:25:00+05:30,234.27999877929688,234.3000030517578,234.13999938964844,234.2100067138672,43081.0
2026-09-15 12:30:00+05:30,234.22999572753906,234.5399932861328,234.1699981689453,234.5,69688.0
2026-09-15 12:35:00+05:30,234.4600067138672,234.7100067138672,234.4600067138672,234.47999572753906,31191.0
2026-09-15 12:40:00+05:30,234.5,234.63999938964844,234.47999572753906,234.5,25233.0
2026-09-15 12:45:00+05:30,234.4499969482422,234.64999389648438,234.39999389648438,234.64999389648438,39122.0
2026-09-15 12:50:00+05:30,234.64999389648438,234.88999938964844,234.64999389648438,234.77000427246094,29118.0
2026-09-15 12:55:00+05:30,234.72000122070312,234.82000732421875,234.27999877929688,234.39999389648438,40575.0
2026-09-15 13:00:00+05:30,234.39999389648438,234.4600067138672,234.1300048828125,234.33999633789062,58365.0
2026-09-15 13:05:00+05:30,234.32000732421875,234.47999572753906,234.10000610351562,234.32000732421875,80167.0
2026-09-15 13:10:00+05:30,234.32000732421875,234.32000732421875,234.11000061035156,234.27000427246094,58541.0
2026-09-15 13:15:00+05:30,234.27000427246094,234.55999755859375,234.10000610351562,234.41000366210938,51425.0
2026-09-15 13:20:00+05:30,234.36000061035156,234.5,234.2899932861328,234.3000030517578,37804.0
2026-09-15 13:25:00+05:30,234.3000030517578,234.4199981689453,234.22999572753906,234.32000732421875,46552.0
2026-09-15 13:30:00+05:30,234.3000030517578,234.3000030517578,234.11000061035156,234.25,42135.0
2026-09-15 13:35:00+05:30,234.25,234.41000366210938,234.22000122070312,234.3300018310547,25167.0
2026-09-15 13:40:00+05:30,234.3000030517578,234.3000030517578,233.9499969482422,234.02999877929688,130948.0
2026-09-15 13:45:00+05:30,234.00999450683594,234.3000030517578,234.00999450683594,234.3000030517578,46251.0
2026-09-15 13:50:00+05:30,234.3000030517578,234.4199981689453,234.1999969482422,234.32000732421875,27514.0
2026-09-15 13:55:00+05:30,234.3699951171875,234.44000244140625,234.2899932861328,234.41000366210938,39111.0
2026-09-15 14:00:00+05:30,234.35000610351562,234.42999267578125,234.22000122070312,234.22999572753906,23307.0
2026-09-15 14:05:00+05:30,234.22999572753906,234.24000549316406,233.9199981689453,234.0,40559.0
2026-09-15 14:10:00+05:30,233.9499969482422,234.0,233.3699951171875,233.50999450683594,139704.0
2026-09-15 14:15:00+05:30,233.41000366210938,233.5500030517578,233.27999877929688,233.32000732421875,88483.0
2026-09-15 14:20:00+05:30,233.38999938964844,233.5399932861328,233.3300018310547,233.42999267578125,58193.0
2026-09-15 14:25:00+05:30,233.42999267578125,233.4499969482422,233.25,233.38999938964844,41852.0
2026-09-15 14:30:00+05:30,233.33999633789062,233.52999877929688,233.25,233.3800048828125,35266.0
2026-09-15 14:35:00+05:30,233.4199981689453,233.52999877929688,233.36000061035156,233.39999389648438,51019.0
2026-09-15 14:40:00+05:30,233.41000366210938,233.5399932861328,233.41000366210938,233.47999572753906,43856.0
2026-09-15 14:45:00+05:30,233.47999572753906,233.52000427246094,232.6699981689453,232.75,201362.0
2026-09-15 14:50:00+05:30,232.75,233.08999633789062,232.61000061035156,232.8699951171875,157869.0
2026-09-15 14:55:00+05:30,232.8699951171875,233.05999755859375,232.7100067138672,232.72999572753906,162641.0
2026-09-15 15:00:00+05:30,232.86000061035156,233.00999450683594,232.57000732421875,232.89999389648438,281486.0
2026-09-15 15:05:00+05:30,232.89999389648438,232.89999389648438,232.5,232.77999877929688,313462.0
2026-09-15 15:10:00+05:30,232.75999450683594,233.00999450683594,232.66000366210938,232.6999969482422,289839.0
2026-09-16 09:15:00+05:30,233.39999389648438,234.44000244140625,232.7899932861328,234.41000366210938,0.0
2026-09-16 09:20:00+05:30,234.3000030517578,234.4499969482422,234.17999267578125,234.22999572753906,91148.0
2026-09-16 09:25:00+05:30,234.25999450683594,234.41000366210938,233.10000610351562,233.33999633789062,130113.0
2026-09-16 09:30:00+05:30,233.1699981689453,233.60000610351562,232.94000244140625,233.60000610351562,111139.0
2026-09-16 09:35:00+05:30,233.39999389648438,233.39999389648438,232.8800048828125,232.89999389648438,70868.0
2026-09-16 09:40:00+05:30,232.8699951171875,232.9600067138672,232.66000366210938,232.72000122070312,53084.0
2026-09-16 09:45:00+05:30,232.64999389648438,233.0,232.5,232.89999389648438,88608.0
2026-09-16 09:50:00+05:30,232.99000549316406,233.52999877929688,232.99000549316406,233.52000427246094,92988.0
2026-09-16 09:55:00+05:30,233.58999633789062,233.69000244140625,233.22999572753906,233.32000732421875,47647.0
2026-09-16 10:00:00+05:30,233.3699951171875,233.50999450683594,232.88999938964844,233.14999389648438,74275.0
2026-09-16 10:05:00+05:30,232.8800048828125,233.3300018310547,232.8800048828125,233.13999938964844,63710.0
2026-09-16 10:10:00+05:30,233.13999938964844,233.64999389648438,233.08999633789062,233.35000610351562,33625.0
2026-09-16 10:15:00+05:30,233.44000244140625,233.9600067138672,233.4199981689453,233.6199951171875,47719.0
2026-09-16 10:20:00+05:30,233.64999389648438,234.16000366210938,233.64999389648438,234.16000366210938,58408.0
2026-09-16 10:25:00+05:30,234.16000366210938,234.42999267578125,234.08999633789062,234.41000366210938,50489.0
2026-09-16 10:30:00+05:30,234.41000366210938,234.77000427246094,234.41000366210938,234.75999450683594,52373.0
2026-09-16 10:35:00+05:30,234.75,235.22999572753906,234.6999969482422,234.9600067138672,95436.0
2026-09-16 10:40:00+05:30,234.9600067138672,235.14999389648438,234.9600067138672,235.10000610351562,34978.0
2026-09-16 10:45:00+05:30,235.1300048828125,235.27000427246094,234.64999389648438,234.8300018310547,119223.0
2026-09-16 10:50:00+05:30,234.74000549316406,235.14999389648438,234.74000549316406,235.10000610351562,109789.0
2026-09-16 10:55:00+05:30,235.0800018310547,235.0800018310547,234.7899932861328,234.82000732421875,40034.0
2026-09-16 11:00:00+05:30,234.8699951171875,235.0,234.80999755859375,234.91000366210938,74148.0
2026-09-16 11:05:00+05:30,234.89999389648438,234.89999389648438,234.41000366210938,234.5800018310547,45935.0
2026-09-16 11:10:00+05:30,234.52999877929688,234.6199951171875,234.1199951171875,234.1199951171875,32421.0
2026-09-16 11:15:00+05:30,234.1199951171875,234.32000732421875,233.99000549316406,234.1999969482422,141996.0
2026-09-16 11:20:00+05:30,234.1999969482422,234.49000549316406,234.14999389648438,234.3000030517578,69156.0
2026-09-16 11:25:00+05:30,234.3000030517578,234.3000030517578,234.07000732421875,234.1300048828125,33358.0
2026-09-16 11:30:00+05:30,234.10000610351562,234.49000549316406,234.0,234.33999633789062,89643.0
2026-09-16 11:35:00+05:30,234.3699951171875,234.3699951171875,233.6199951171875,233.72000122070312,138796.0
2026-09-16 11:40:00+05:30,233.72000122070312,233.82000732421875,233.5,233.74000549316406,294121.0
2026-09-16 11:45:00+05:30,233.77000427246094,233.83999633789062,233.55999755859375,233.83999633789062,75632.0
2026-09-16 11:50:00+05:30,233.85000610351562,234.13999938964844,233.75999450683594,234.0500030517578,65811.0
2026-09-16 11:55:00+05:30,234.05999755859375,234.0800018310547,233.83999633789062,233.89999389648438,39632.0
2026-09-16 12:00:00+05:30,233.8699951171875,233.89999389648438,233.35000610351562,233.74000549316406,133812.0
2026-09-16 12:05:00+05:30,233.74000549316406,233.97000122070312,233.7100067138672,233.88999938964844,25358.0
2026-09-16 12:10:00+05:30,233.97000122070312,234.32000732421875,233.9199981689453,234.1300048828125,45070.0
2026-09-16 12:15:00+05:30,234.1300048828125,234.22000122070312,233.92999267578125,234.11000061035156,24890.0
2026-09-16 12:20:00+05:30,234.13999938964844,234.35000610351562,234.0399932861328,234.25,26526.0
2026-09-16 12:25:00+05:30,234.25,234.30999755859375,234.11000061035156,234.22000122070312,30912.0
2026-09-16 12:30:00+05:30,234.27000427246094,234.6699981689453,234.25,234.5500030517578,53753.0
2026-09-16 12:35:00+05:30,234.5,234.72000122070312,234.42999267578125,234.6300048828125,36502.0
2026-09-16 12:40:00+05:30,234.6199951171875,234.85000610351562,234.6199951171875,234.80999755859375,33272.0
2026-09-16 12:45:00+05:30,234.8300018310547,234.94000244140625,234.75,234.85000610351562,35897.0
2026-09-16 12:50:00+05:30,234.6199951171875,234.6199951171875,234.10000610351562,234.2899932861328,304750.0
2026-09-16 12:55:00+05:30,234.2899932861328,234.2899932861328,234.11000061035156,234.13999938964844,36262.0
2026-09-16 13:00:00+05:30,234.1300048828125,234.32000732421875,234.1300048828125,234.32000732421875,24533.0
2026-09-16 13:05:00+05:30,234.32000732421875,235.0800018310547,234.27000427246094,235.0,45426.0
2026-09-16 13:10:00+05:30,235.0,235.13999938964844,234.6699981689453,234.7100067138672,51122.0
2026-09-16 13:15:00+05:30,234.7100067138672,235.02000427246094,234.69000244140625,235.02000427246094,36170.0
2026-09-16 13:20:00+05:30,235.02000427246094,235.02000427246094,234.58999633789062,234.64999389648438,42264.0
2026-09-16 13:25:00+05:30,234.66000366210938,234.6699981689453,234.16000366210938,234.19000244140625,47682.0
2026-09-16 13:30:00+05:30,234.19000244140625,234.4199981689453,234.19000244140625,234.39999389648438,22646.0
2026-09-16 13:35:00+05:30,234.39999389648438,234.5,234.24000549316406,234.27000427246094,36892.0
2026-09-16 13:40:00+05:30,234.3000030517578,234.3800048828125,234.2100067138672,234.25999450683594,31317.0
2026-09-16 13:45:00+05:30,234.27999877929688,234.74000549316406,234.27999877929688,234.72000122070312,54432.0
2026-09-16 13:50:00+05:30,234.6999969482422,234.85000610351562,234.63999938964844,234.75999450683594,27130.0
2026-09-16 13:55:00+05:30,234.77000427246094,234.8300018310547,234.60000610351562,234.67999267578125,32701.0
2026-09-16 14:00:00+05:30,234.77000427246094,234.94000244140625,234.6999969482422,234.88999938964844,37671.0
2026-09-16 14:05:00+05:30,234.88999938964844,234.88999938964844,234.74000549316406,234.8000030517578,36432.0
2026-09-16 14:10:00+05:30,234.7899932861328,235.10000610351562,234.7899932861328,235.10000610351562,55647.0
2026-09-16 14:15:00+05:30,235.10000610351562,235.1999969482422,234.86000061035156,234.86000061035156,64378.0
2026-09-16 14:20:00+05:30,234.82000732421875,234.92999267578125,234.64999389648438,234.72999572753906,51491.0
2026-09-16 14:25:00+05:30,234.7100067138672,234.82000732421875,234.63999938964844,234.72000122070312,49717.0
2026-09-16 14:30:00+05:30,234.7100067138672,234.74000549316406,234.63999938964844,234.72000122070312,30897.0
2026-09-16 14:35:00+05:30,234.72000122070312,234.75999450683594,234.52000427246094,234.64999389648438,60149.0
2026-09-16 14:40:00+05:30,234.60000610351562,234.6999969482422,234.44000244140625,234.5800018310547,68960.0
2026-09-16 14:45:00+05:30,234.58999633789062,234.6300048828125,234.4600067138672,234.50999450683594,44761.0
2026-09-16 14:50:00+05:30,234.50999450683594,234.5399932861328,234.30999755859375,234.35000610351562,65903.0
2026-09-16 14:55:00+05:30,234.13999938964844,234.22999572753906,233.74000549316406,233.77000427246094,204129.0
2026-09-16 15:00:00+05:30,233.6199951171875,233.99000549316406,233.47999572753906,233.99000549316406,123985.0
2026-09-16 15:05:00+05:30,233.89999389648438,233.92999267578125,233.7899932861328,233.8800048828125,209535.0
2026-09-16 15:10:00+05:30,233.83999633789062,234.97999572753906,233.75,234.97999572753906,602783.0
2026-09-17 09:15:00+05:30,233.80999755859375,235.0,233.52999877929688,234.89999389648438,0.0
2026-09-17 09:20:00+05:30,234.9600067138672,235.0,234.7100067138672,234.97000122070312,50987.0
2026-09-17 09:25:00+05:30,234.99000549316406,235.14999389648438,234.80999755859375,235.0500030517578,78053.0
2026-09-17 09:30:00+05:30,235.11000061035156,236.4499969482422,235.0800018310547,236.4499969482422,188645.0
2026-09-17 09:35:00+05:30,236.3000030517578,236.4199981689453,235.97000122070312,236.0,97425.0
2026-09-17 09:40:00+05:30,235.9199981689453,236.1999969482422,235.60000610351562,235.8000030517578,42221.0
2026-09-17 09:45:00+05:30,235.8800048828125,236.11000061035156,235.69000244140625,236.02999877929688,65249.0
2026-09-17 09:50:00+05:30,236.02999877929688,236.02999877929688,235.66000366210938,235.74000549316406,91602.0
2026-09-17 09:55:00+05:30,235.75999450683594,235.75999450683594,234.8000030517578,234.88999938964844,107003.0
2026-09-17 10:00:00+05:30,234.9499969482422,235.13999938964844,234.8800048828125,234.97000122070312,78578.0
2026-09-17 10:05:00+05:30,235.0800018310547,235.25999450683594,235.0,235.0500030517578,59709.0
2026-09-17 10:10:00+05:30,235.10000610351562,235.4499969482422,235.02000427246094,235.25,53482.0
2026-09-17 10:15:00+05:30,235.13999938964844,235.27999877929688,234.9499969482422,234.99000549316406,64002.0
2026-09-17 10:20:00+05:30,235.02999877929688,235.1699981689453,234.50999450683594,234.50999450683594,92830.0
2026-09-17 10:25:00+05:30,234.47999572753906,234.55999755859375,234.3000030517578,234.39999389648438,61495.0
2026-09-17 10:30:00+05:30,234.3800048828125,234.44000244140625,234.00999450683594,234.07000732421875,87659.0
2026-09-17 10:35:00+05:30,234.02000427246094,234.25999450683594,233.8000030517578,233.9499969482422,47734.0
2026-09-17 10:40:00+05:30,233.91000366210938,234.0,233.6199951171875,233.75,56226.0
2026-09-17 10:45:00+05:30,233.6199951171875,233.72000122070312,233.25,233.39999389648438,89654.0
2026-09-17 10:50:00+05:30,233.3000030517578,233.41000366210938,233.00999450683594,233.11000061035156,63757.0
2026-09-17 10:55:00+05:30,233.13999938964844,233.22000122070312,232.9499969482422,233.00999450683594,70930.0
2026-09-17 11:00:00+05:30,233.0,233.0,232.60000610351562,232.82000732421875,65489.0
2026-09-17 11:05:00+05:30,232.80999755859375,232.82000732421875,232.39999389648438,232.5500030517578,70426.0
2026-09-17 11:10:00+05:30,232.4499969482422,232.7100067138672,232.3800048828125,232.6999969482422,57746.0
2026-09-17 11:15:00+05:30,232.67999267578125,232.67999267578125,232.5,232.67999267578125,29144.0
2026-09-17 11:20:00+05:30,232.6699981689453,232.77000427246094,232.5500030517578,232.6199951171875,26238.0
2026-09-17 11:25:00+05:30,232.6199951171875,232.67999267578125,232.42999267578125,232.47999572753906,53566.0
2026-09-17 11:30:00+05:30,232.4199981689453,232.6999969482422,232.25,232.64999389648438,73627.0
2026-09-17 11:35:00+05:30,232.6199951171875,232.82000732421875,232.5500030517578,232.69000244140625,72982.0
2026-09-17 11:40:00+05:30,232.64999389648438,233.0500030517578,232.64999389648438,233.02999877929688,25435.0
2026-09-17 11:45:00+05:30,233.02999877929688,233.10000610351562,232.72999572753906,232.9499969482422,31046.0
2026-09-17 11:50:00+05:30,233.0,233.25999450683594,232.85000610351562,233.0,113394.0
2026-09-17 11:55:00+05:30,233.02999877929688,233.38999938964844,232.97999572753906,233.36000061035156,65904.0
2026-09-17 12:00:00+05:30,233.39999389648438,233.72999572753906,233.1999969482422,233.49000549316406,101763.0
2026-09-17 12:05:00+05:30,233.4499969482422,233.89999389648438,233.39999389648438,233.86000061035156,80335.0
2026-09-17 12:10:00+05:30,233.85000610351562,233.91000366210938,233.74000549316406,233.8000030517578,33239.0
2026-09-17 12:15:00+05:30,233.8000030517578,233.9499969482422,233.8000030517578,233.88999938964844,39394.0
2026-09-17 12:20:00+05:30,233.80999755859375,234.0,233.72000122070312,233.89999389648438,88967.0
2026-09-17 12:25:00+05:30,233.92999267578125,233.92999267578125,233.64999389648438,233.7100067138672,39191.0
2026-09-17 12:30:00+05:30,233.7100067138672,233.75,233.5399932861328,233.6699981689453,20831.0
2026-09-17 12:35:00+05:30,233.6300048828125,234.0,233.5800018310547,233.88999938964844,65672.0
2026-09-17 12:40:00+05:30,233.83999633789062,233.97999572753906,233.64999389648438,233.66000366210938,37388.0
2026-09-17 12:45:00+05:30,233.66000366210938,233.8800048828125,233.5500030517578,233.5500030517578,41561.0
2026-09-17 12:50:00+05:30,233.5500030517578,233.66000366210938,233.52000427246094,233.52999877929688,42584.0
2026-09-17 12:55:00+05:30,233.52000427246094,233.8300018310547,233.41000366210938,233.5,60551.0
2026-09-17 13:00:00+05:30,233.52000427246094,233.52000427246094,233.2899932861328,233.3000030517578,40334.0
2026-09-17 13:05:00+05:30,233.35000610351562,233.52999877929688,233.27000427246094,233.4600067138672,44173.0
2026-09-17 13:10:00+05:30,233.4600067138672,233.67999267578125,233.32000732421875,233.32000732421875,16909.0
2026-09-17 13:15:00+05:30,233.35000610351562,233.55999755859375,233.25,233.47000122070312,28606.0
2026-09-17 13:20:00+05:30,233.47000122070312,233.47000122070312,233.27000427246094,233.3800048828125,11123.0
2026-09-17 13:25:00+05:30,233.33999633789062,233.33999633789062,233.02000427246094,233.07000732421875,29502.0
2026-09-17 13:30:00+05:30,233.00999450683594,233.05999755859375,232.75,232.75,88989.0
2026-09-17 13:35:00+05:30,232.72000122070312,232.77000427246094,232.55999755859375,232.74000549316406,40221.0
2026-09-17 13:40:00+05:30,232.74000549316406,232.9199981689453,232.25,232.3300018310547,315440.0
2026-09-17 13:45:00+05:30,232.33999633789062,232.57000732421875,232.25,232.47000122070312,19686.0
2026-09-17 13:50:00+05:30,232.52999877929688,232.60000610351562,232.3300018310547,232.44000244140625,31122.0
2026-09-17 13:55:00+05:30,232.44000244140625,232.5500030517578,232.35000610351562,232.5,14945.0
2026-09-17 14:00:00+05:30,232.5,232.5,232.3000030517578,232.39999389648438,35416.0
2026-09-17 14:05:00+05:30,232.41000366210938,232.63999938964844,232.41000366210938,232.60000610351562,17480.0
2026-09-17 14:10:00+05:30,232.5500030517578,232.58999633789062,232.39999389648438,232.49000549316406,51713.0
2026-09-17 14:15:00+05:30,232.49000549316406,232.5500030517578,232.32000732421875,232.5,23319.0
2026-09-17 14:20:00+05:30,232.49000549316406,232.64999389648438,232.47000122070312,232.64999389648438,10834.0
2026-09-17 14:25:00+05:30,232.5800018310547,232.5800018310547,232.35000610351562,232.55999755859375,39485.0
2026-09-17 14:30:00+05:30,232.55999755859375,232.55999755859375,232.35000610351562,232.4199981689453,13668.0
2026-09-17 14:35:00+05:30,232.4499969482422,232.89999389648438,232.3699951171875,232.6999969482422,45212.0
2026-09-17 14:40:00+05:30,232.6999969482422,232.6999969482422,232.5,232.57000732421875,39921.0
2026-09-17 14:45:00+05:30,232.57000732421875,232.63999938964844,232.5,232.6199951171875,22037.0
2026-09-17 14:50:00+05:30,232.61000061035156,232.63999938964844,232.52999877929688,232.6199951171875,18580.0
2026-09-17 14:55:00+05:30,232.5399932861328,232.64999389648438,232.52999877929688,232.52999877929688,43306.0
2026-09-17 15:00:00+05:30,232.47999572753906,232.57000732421875,232.41000366210938,232.4199981689453,96838.0
2026-09-17 15:05:00+05:30,232.39999389648438,232.49000549316406,232.3000030517578,232.35000610351562,160554.0
2026-09-17 15:10:00+05:30,232.3800048828125,232.6999969482422,232.3300018310547,232.50999450683594,199565.0
2026-09-17 15:15:00+05:30,232.50999450683594,232.50999450683594,232.3000030517578,232.3000030517578,36903.0
2026-09-18 09:15:00+05:30,233.22999572753906,233.27000427246094,232.66000366210938,232.7100067138672,0.0
2026-09-18 09:20:00+05:30,232.77000427246094,233.0,232.5500030517578,232.99000549316406,67307.0
2026-09-18 09:25:00+05:30,232.85000610351562,232.94000244140625,232.5,232.52000427246094,57937.0
2026-09-18 09:30:00+05:30,232.4499969482422,232.58999633789062,232.27999877929688,232.3800048828125,47517.0
2026-09-18 09:35:00+05:30,232.3800048828125,232.8000030517578,232.3800048828125,232.5500030517578,39382.0
2026-09-18 09:40:00+05:30,232.5,232.6199951171875,232.3699951171875,232.6199951171875,41314.0
2026-09-18 09:45:00+05:30,232.47000122070312,232.55999755859375,232.4600067138672,232.5,42399.0
2026-09-18 09:50:00+05:30,232.5,232.64999389648438,232.3800048828125,232.64999389648438,25325.0
2026-09-18 09:55:00+05:30,232.77999877929688,232.8000030517578,232.49000549316406,232.66000366210938,37225.0
2026-09-18 10:00:00+05:30,232.64999389648438,232.77999877929688,232.52999877929688,232.64999389648438,61294.0
2026-09-18 10:05:00+05:30,232.75,232.77000427246094,232.5,232.6699981689453,19780.0
2026-09-18 10:10:00+05:30,232.69000244140625,232.97999572753906,232.69000244140625,232.75999450683594,29673.0
2026-09-18 10:15:00+05:30,232.83999633789062,232.8699951171875,232.50999450683594,232.64999389648438,15346.0
2026-09-18 10:20:00+05:30,232.6699981689453,232.85000610351562,232.4499969482422,232.4499969482422,22967.0
2026-09-18 10:25:00+05:30,232.47999572753906,232.67999267578125,232.4499969482422,232.66000366210938,47057.0
2026-09-18 10:30:00+05:30,232.61000061035156,232.6699981689453,232.36000061035156,232.5,24903.0
2026-09-18 10:35:00+05:30,232.5,232.5,232.3000030517578,232.33999633789062,30753.0
2026-09-18 10:40:00+05:30,232.3000030517578,232.35000610351562,232.19000244140625,232.35000610351562,37628.0
2026-09-18 10:45:00+05:30,232.3300018310547,232.3800048828125,232.1999969482422,232.32000732421875,20544.0
2026-09-18 10:50:00+05:30,232.32000732421875,232.36000061035156,232.22000122070312,232.25,25306.0
2026-09-18 10:55:00+05:30,232.25,232.36000061035156,232.25,232.36000061035156,20567.0
2026-09-18 11:00:00+05:30,232.36000061035156,232.36000061035156,232.22999572753906,232.22999572753906,28512.0
2026-09-18 11:05:00+05:30,232.25999450683594,232.3000030517578,232.11000061035156,232.1999969482422,64556.0
2026-09-18 11:10:00+05:30,232.1999969482422,232.2899932861328,232.0500030517578,232.1999969482422,81286.0
2026-09-18 11:15:00+05:30,232.27999877929688,232.44000244140625,232.1999969482422,232.2100067138672,29079.0
2026-09-18 11:20:00+05:30,232.2100067138672,232.41000366210938,232.1999969482422,232.3699951171875,21389.0
2026-09-18 11:25:00+05:30,232.3699951171875,232.39999389648438,232.27999877929688,232.30999755859375,19661.0
2026-09-18 11:30:00+05:30,232.38999938964844,232.5800018310547,232.2899932861328,232.36000061035156,37536.0
2026-09-18 11:35:00+05:30,232.36000061035156,232.5,232.3000030517578,232.39999389648438,86726.0
2026-09-18 11:40:00+05:30,232.39999389648438,232.55999755859375,232.32000732421875,232.42999267578125,34985.0
2026-09-18 11:45:00+05:30,232.5500030517578,232.67999267578125,232.39999389648438,232.64999389648438,36421.0
2026-09-18 11:50:00+05:30,232.64999389648438,232.89999389648438,232.6199951171875,232.85000610351562,57752.0
2026-09-18 11:55:00+05:30,232.85000610351562,232.9499969482422,232.50999450683594,232.64999389648438,377139.0
2026-09-18 12:00:00+05:30,232.75,232.8300018310547,232.64999389648438,232.77000427246094,57173.0
2026-09-18 12:05:00+05:30,232.77000427246094,232.77000427246094,232.44000244140625,232.64999389648438,68166.0
2026-09-18 12:10:00+05:30,232.6999969482422,232.72000122070312,232.5,232.5800018310547,33684.0
2026-09-18 12:15:00+05:30,232.6699981689453,232.74000549316406,232.50999450683594,232.66000366210938,45342.0
2026-09-18 12:20:00+05:30,232.72999572753906,232.77000427246094,232.61000061035156,232.6300048828125,27878.0
2026-09-18 12:25:00+05:30,232.6199951171875,232.77999877929688,232.5800018310547,232.77999877929688,39907.0
2026-09-18 12:30:00+05:30,232.7899932861328,233.27999877929688,232.7899932861328,233.19000244140625,86626.0
2026-09-18 12:35:00+05:30,233.22000122070312,233.33999633789062,233.08999633789062,233.2100067138672,59646.0
2026-09-18 12:40:00+05:30,233.22999572753906,233.3800048828125,233.1199951171875,233.3000030517578,31164.0
2026-09-18 12:45:00+05:30,233.32000732421875,233.49000549316406,233.3000030517578,233.47999572753906,49017.0
2026-09-18 12:50:00+05:30,233.47999572753906,233.58999633789062,233.4499969482422,233.55999755859375,57189.0
2026-09-18 12:55:00+05:30,233.5500030517578,233.69000244140625,233.13999938964844,233.3000030517578,108111.0
2026-09-18 13:00:00+05:30,233.25,233.3300018310547,233.14999389648438,233.27000427246094,27420.0
2026-09-18 13:05:00+05:30,233.2899932861328,233.30999755859375,233.0399932861328,233.17999267578125,48096.0
2026-09-18 13:10:00+05:30,233.16000366210938,233.17999267578125,233.00999450683594,233.1300048828125,18834.0
2026-09-18 13:15:00+05:30,233.1300048828125,233.13999938964844,232.91000366210938,233.02999877929688,36732.0
2026-09-18 13:20:00+05:30,232.9199981689453,233.0500030517578,232.86000061035156,233.02999877929688,35122.0
2026-09-18 13:25:00+05:30,233.05999755859375,233.22999572753906,232.89999389648438,233.07000732421875,68113.0
2026-09-18 13:30:00+05:30,233.07000732421875,233.13999938964844,232.92999267578125,233.0800018310547,21135.0
2026-09-18 13:35:00+05:30,233.0800018310547,233.1199951171875,232.9499969482422,233.0500030517578,23728.0
2026-09-18 13:40:00+05:30,233.0500030517578,233.0500030517578,232.75,232.86000061035156,46881.0
2026-09-18 13:45:00+05:30,232.75999450683594,232.85000610351562,232.60000610351562,232.64999389648438,47656.0
2026-09-18 13:50:00+05:30,232.64999389648438,232.75999450683594,232.60000610351562,232.72999572753906,32110.0
2026-09-18 13:55:00+05:30,232.72999572753906,232.77000427246094,232.60000610351562,232.6999969482422,38052.0
2026-09-18 14:00:00+05:30,232.69000244140625,232.8000030517578,232.61000061035156,232.77000427246094,31108.0
2026-09-18 14:05:00+05:30,232.77000427246094,233.02000427246094,232.74000549316406,232.91000366210938,42732.0
2026-09-18 14:10:00+05:30,232.94000244140625,233.0399932861328,232.85000610351562,232.9199981689453,36723.0
2026-09-18 14:15:00+05:30,232.9199981689453,233.13999938964844,232.9199981689453,233.08999633789062,45766.0
2026-09-18 14:20:00+05:30,233.10000610351562,233.14999389648438,232.88999938964844,232.88999938964844,30113.0
2026-09-18 14:25:00+05:30,232.99000549316406,233.32000732421875,232.9499969482422,233.3000030517578,88542.0
2026-09-18 14:30:00+05:30,233.22000122070312,233.57000732421875,233.22000122070312,233.5,55597.0
2026-09-18 14:35:00+05:30,233.5,233.85000610351562,233.42999267578125,233.75999450683594,88030.0
2026-09-18 14:40:00+05:30,233.75999450683594,233.75999450683594,233.49000549316406,233.69000244140625,75741.0
2026-09-18 14:45:00+05:30,233.6699981689453,233.75,233.61000061035156,233.64999389648438,84843.0
2026-09-18 14:50:00+05:30,233.6300048828125,233.8000030517578,233.6300048828125,233.63999938964844,145352.0
2026-09-18 14:55:00+05:30,233.60000610351562,233.61000061035156,233.27000427246094,233.61000061035156,345849.0
2026-09-18 15:00:00+05:30,233.3300018310547,233.39999389648438,232.8800048828125,233.0,312059.0
2026-09-18 15:05:00+05:30,232.88999938964844,233.19000244140625,232.86000061035156,233.16000366210938,308145.0
2026-09-18 15:10:00+05:30,233.10000610351562,233.89999389648438,233.0500030517578,233.8000030517578,417857.0
2026-09-18 15:15:00+05:30,233.8000030517578,234.94000244140625,233.8000030517578,234.94000244140625,2020385.0
2026-09-21 09:15:00+05:30,234.0,234.50999450683594,233.1199951171875,233.60000610351562,0.0
2026-09-21 09:20:00+05:30,233.66000366210938,233.67999267578125,233.00999450683594,233.3000030517578,143171.0
2026-09-21 09:25:00+05:30,233.38999938964844,233.64999389648438,233.24000549316406,233.63999938964844,117464.0
2026-09-21 09:30:00+05:30,233.63999938964844,233.8000030517578,233.52000427246094,233.5800018310547,61015.0
2026-09-21 09:35:00+05:30,233.58999633789062,233.6999969482422,233.3699951171875,233.52000427246094,54914.0
2026-09-21 09:40:00+05:30,233.52000427246094,233.83999633789062,233.4199981689453,233.82000732421875,42704.0
2026-09-21 09:45:00+05:30,233.7100067138672,233.91000366210938,233.55999755859375,233.74000549316406,42310.0
2026-09-21 09:50:00+05:30,233.77999877929688,233.8300018310547,233.60000610351562,233.60000610351562,27303.0
2026-09-21 09:55:00+05:30,233.60000610351562,233.75999450683594,233.4600067138672,233.5800018310547,43469.0
2026-09-21 10:00:00+05:30,233.6300048828125,233.67999267578125,233.39999389648438,233.47000122070312,38417.0
2026-09-21 10:05:00+05:30,233.41000366210938,233.6699981689453,233.2899932861328,233.64999389648438,38221.0
2026-09-21 10:10:00+05:30,233.64999389648438,233.85000610351562,233.64999389648438,233.74000549316406,43043.0
2026-09-21 10:15:00+05:30,233.77000427246094,234.17999267578125,233.74000549316406,234.02000427246094,75108.0
2026-09-21 10:20:00+05:30,234.0500030517578,234.4499969482422,234.0399932861328,234.2100067138672,63981.0
2026-09-21 10:25:00+05:30,234.27000427246094,234.27000427246094,234.0,234.07000732421875,24666.0
2026-09-21 10:30:00+05:30,234.0399932861328,234.10000610351562,233.89999389648438,233.89999389648438,23758.0
2026-09-21 10:35:00+05:30,233.9499969482422,233.9499969482422,233.10000610351562,233.2100067138672,142872.0
2026-09-21 10:40:00+05:30,233.16000366210938,233.36000061035156,233.16000366210938,233.30999755859375,20313.0
2026-09-21 10:45:00+05:30,233.30999755859375,233.5,233.30999755859375,233.47000122070312,28500.0
2026-09-21 10:50:00+05:30,233.25,233.25,233.10000610351562,233.11000061035156,60596.0
2026-09-21 10:55:00+05:30,233.1199951171875,233.19000244140625,233.0500030517578,233.19000244140625,58878.0
2026-09-21 11:00:00+05:30,233.13999938964844,233.33999633789062,233.0500030517578,233.0500030517578,99817.0
2026-09-21 11:05:00+05:30,233.05999755859375,233.4600067138672,233.02999877929688,233.32000732421875,48209.0
2026-09-21 11:10:00+05:30,233.3000030517578,233.3000030517578,233.10000610351562,233.25,39896.0
2026-09-21 11:15:00+05:30,233.25,233.35000610351562,233.1999969482422,233.25,63082.0
2026-09-21 11:20:00+05:30,233.25,233.30999755859375,233.10000610351562,233.1999969482422,226448.0
2026-09-21 11:25:00+05:30,233.16000366210938,233.2899932861328,233.0399932861328,233.05999755859375,57934.0
2026-09-21 11:30:00+05:30,233.05999755859375,233.14999389648438,232.86000061035156,232.91000366210938,86718.0
2026-09-21 11:35:00+05:30,232.91000366210938,232.91000366210938,232.7100067138672,232.75,102684.0
2026-09-21 11:40:00+05:30,232.7100067138672,232.9499969482422,232.6999969482422,232.80999755859375,106303.0
2026-09-21 11:45:00+05:30,232.80999755859375,232.85000610351562,232.72000122070312,232.77000427246094,21491.0
2026-09-21 11:50:00+05:30,232.77000427246094,232.85000610351562,232.72000122070312,232.7899932861328,36253.0
2026-09-21 11:55:00+05:30,232.8300018310547,232.88999938964844,232.75,232.7899932861328,37196.0
2026-09-21 12:00:00+05:30,232.7899932861328,232.86000061035156,232.74000549316406,232.8300018310547,23072.0
2026-09-21 12:05:00+05:30,232.8300018310547,232.8300018310547,232.5800018310547,232.60000610351562,127253.0
2026-09-21 12:10:00+05:30,232.60000610351562,232.69000244140625,232.52000427246094,232.67999267578125,75831.0
2026-09-21 12:15:00+05:30,232.67999267578125,232.75,232.61000061035156,232.6300048828125,125011.0
2026-09-21 12:20:00+05:30,232.64999389648438,232.64999389648438,232.5500030517578,232.5500030517578,42859.0
2026-09-21 12:25:00+05:30,232.5500030517578,232.74000549316406,232.5500030517578,232.7100067138672,21124.0
2026-09-21 12:30:00+05:30,232.6999969482422,232.7100067138672,232.61000061035156,232.6999969482422,22990.0
2026-09-21 12:35:00+05:30,232.6999969482422,232.72000122070312,232.61000061035156,232.6999969482422,26485.0
2026-09-21 12:40:00+05:30,232.6999969482422,232.88999938964844,232.60000610351562,232.88999938964844,21043.0
2026-09-21 12:45:00+05:30,232.82000732421875,232.94000244140625,232.7100067138672,232.8000030517578,25998.0
2026-09-21 12:50:00+05:30,232.7899932861328,232.88999938964844,232.6699981689453,232.80999755859375,15267.0
2026-09-21 12:55:00+05:30,232.83999633789062,232.92999267578125,232.8000030517578,232.80999755859375,16272.0
2026-09-21 13:00:00+05:30,232.88999938964844,233.0500030517578,232.82000732421875,232.9199981689453,34409.0
2026-09-21 13:05:00+05:30,232.9199981689453,233.13999938964844,232.91000366210938,233.0800018310547,41188.0
2026-09-21 13:10:00+05:30,233.0800018310547,233.25999450683594,233.02999877929688,233.16000366210938,29623.0
2026-09-21 13:15:00+05:30,233.16000366210938,233.3800048828125,233.16000366210938,233.35000610351562,46878.0
2026-09-21 13:20:00+05:30,233.3000030517578,233.3699951171875,233.1699981689453,233.19000244140625,25063.0
2026-09-21 13:25:00+05:30,233.1999969482422,233.2899932861328,233.1999969482422,233.22000122070312,19775.0
2026-09-21 13:30:00+05:30,233.25,233.5,233.22000122070312,233.44000244140625,52575.0
2026-09-21 13:35:00+05:30,233.4499969482422,233.5,233.41000366210938,233.44000244140625,22549.0
2026-09-21 13:40:00+05:30,233.42999267578125,233.52000427246094,233.3300018310547,233.39999389648438,39388.0
2026-09-21 13:45:00+05:30,233.38999938964844,233.4499969482422,233.25,233.4499969482422,29300.0
2026-09-21 13:50:00+05:30,233.4199981689453,233.64999389648438,233.4199981689453,233.5500030517578,43402.0
2026-09-21 13:55:00+05:30,233.5500030517578,234.0,233.5,233.91000366210938,81904.0
2026-09-21 14:00:00+05:30,234.07000732421875,234.07000732421875,233.8000030517578,233.89999389648438,60186.0
2026-09-21 14:05:00+05:30,233.89999389648438,233.92999267578125,233.75,233.8300018310547,52817.0
2026-09-21 14:10:00+05:30,233.80999755859375,233.91000366210938,233.7899932861328,233.80999755859375,20531.0
2026-09-21 14:15:00+05:30,233.83999633789062,233.8699951171875,233.75999450683594,233.8300018310547,17122.0
2026-09-21 14:20:00+05:30,233.8300018310547,233.89999389648438,233.63999938964844,233.63999938964844,72074.0
2026-09-21 14:25:00+05:30,233.63999938964844,233.82000732421875,233.55999755859375,233.75,57541.0
2026-09-21 14:30:00+05:30,233.75,233.75,233.5800018310547,233.67999267578125,20597.0
2026-09-21 14:35:00+05:30,233.67999267578125,233.92999267578125,233.64999389648438,233.8800048828125,52518.0
2026-09-21 14:40:00+05:30,233.8800048828125,233.8800048828125,233.67999267578125,233.67999267578125,17312.0
2026-09-21 14:45:00+05:30,233.75999450683594,233.9499969482422,233.64999389648438,233.85000610351562,51810.0
2026-09-21 14:50:00+05:30,233.77000427246094,233.8800048828125,233.77000427246094,233.8699951171875,31748.0
2026-09-21 14:55:00+05:30,233.8699951171875,233.9600067138672,233.7899932861328,233.94000244140625,45808.0
2026-09-21 15:00:00+05:30,233.97999572753906,233.97999572753906,233.80999755859375,233.88999938964844,124078.0
2026-09-21 15:05:00+05:30,233.88999938964844,234.1300048828125,233.86000061035156,233.97000122070312,174085.0
2026-09-21 15:10:00+05:30,233.94000244140625,234.1999969482422,233.83999633789062,234.19000244140625,217469.0
2026-09-21 15:15:00+05:30,234.19000244140625,234.19000244140625,233.63999938964844,233.63999938964844,64229.0
2026-09-22 09:15:00+05:30,233.63999938964844,234.7899932861328,233.63999938964844,234.1199951171875,0.0
2026-09-22 09:20:00+05:30,234.11000061035156,234.39999389648438,233.94000244140625,234.39999389648438,34954.0
2026-09-22 09:25:00+05:30,234.3800048828125,234.3800048828125,234.02999877929688,234.27999877929688,41417.0
2026-09-22 09:30:00+05:30,234.27999877929688,234.3000030517578,233.9600067138672,234.07000732421875,56557.0
2026-09-22 09:35:00+05:30,234.16000366210938,234.38999938964844,234.10000610351562,234.33999633789062,49729.0
2026-09-22 09:40:00+05:30,234.27999877929688,234.3699951171875,234.25,234.25,24450.0
2026-09-22 09:45:00+05:30,234.33999633789062,234.5,234.22000122070312,234.47999572753906,27748.0
2026-09-22 09:50:00+05:30,234.4600067138672,234.89999389648438,234.4600067138672,234.72999572753906,69652.0
2026-09-22 09:55:00+05:30,234.69000244140625,234.69000244140625,234.27999877929688,234.41000366210938,20331.0
2026-09-22 10:00:00+05:30,234.41000366210938,234.41000366210938,234.0,234.22000122070312,44526.0
2026-09-22 10:05:00+05:30,234.14999389648438,234.24000549316406,233.8300018310547,233.9199981689453,65500.0
2026-09-22 10:10:00+05:30,233.9199981689453,233.9499969482422,233.6999969482422,233.82000732421875,34993.0
2026-09-22 10:15:00+05:30,233.82000732421875,233.92999267578125,233.72000122070312,233.72999572753906,15649.0
2026-09-22 10:20:00+05:30,233.72999572753906,233.7899932861328,233.52999877929688,233.75999450683594,542752.0
2026-09-22 10:25:00+05:30,233.75999450683594,234.0,233.75999450683594,233.89999389648438,16091.0
2026-09-22 10:30:00+05:30,233.89999389648438,233.89999389648438,233.42999267578125,233.47999572753906,32901.0
2026-09-22 10:35:00+05:30,233.5,233.6699981689453,233.35000610351562,233.55999755859375,14787.0
2026-09-22 10:40:00+05:30,233.50999450683594,233.6199951171875,233.0800018310547,233.24000549316406,58604.0
2026-09-22 10:45:00+05:30,233.35000610351562,233.64999389648438,233.22000122070312,233.5,33103.0
2026-09-22 10:50:00+05:30,233.47999572753906,233.52000427246094,233.33999633789062,233.5,41651.0
2026-09-22 10:55:00+05:30,233.5,233.64999389648438,233.30999755859375,233.38999938964844,22066.0
2026-09-22 11:00:00+05:30,233.3699951171875,233.3699951171875,233.05999755859375,233.1999969482422,57232.0
2026-09-22 11:05:00+05:30,233.19000244140625,233.27999877929688,233.0,233.11000061035156,44933.0
2026-09-22 11:10:00+05:30,233.0800018310547,233.35000610351562,233.0800018310547,233.32000732421875,6979.0
2026-09-22 11:15:00+05:30,233.27000427246094,233.35000610351562,233.19000244140625,233.25,10469.0
2026-09-22 11:20:00+05:30,233.2899932861328,233.30999755859375,233.25,233.3000030517578,6688.0
2026-09-22 11:25:00+05:30,233.27000427246094,233.3800048828125,233.25,233.3000030517578,10754.0
2026-09-22 11:30:00+05:30,233.30999755859375,233.30999755859375,233.08999633789062,233.1699981689453,18799.0
2026-09-22 11:35:00+05:30,233.14999389648438,233.1699981689453,232.99000549316406,233.0500030517578,26865.0
2026-09-22 11:40:00+05:30,232.97999572753906,233.0500030517578,232.83999633789062,232.8800048828125,14658.0
2026-09-22 11:45:00+05:30,232.89999389648438,233.0,232.8000030517578,233.0,23378.0
2026-09-22 11:50:00+05:30,232.97999572753906,233.1999969482422,232.97999572753906,233.1199951171875,16118.0
2026-09-22 11:55:00+05:30,233.11000061035156,233.1300048828125,233.00999450683594,233.1300048828125,11398.0
2026-09-22 12:00:00+05:30,233.1300048828125,233.3300018310547,233.10000610351562,233.27999877929688,18628.0
2026-09-22 12:05:00+05:30,233.27999877929688,233.6199951171875,233.16000366210938,233.58999633789062,18016.0
2026-09-22 12:10:00+05:30,233.58999633789062,233.58999633789062,233.0800018310547,233.2899932861328,276751.0
2026-09-22 12:15:00+05:30,233.2899932861328,233.5500030517578,233.16000366210938,233.49000549316406,32430.0
2026-09-22 12:20:00+05:30,233.52999877929688,233.60000610351562,233.41000366210938,233.58999633789062,30294.0
2026-09-22 12:25:00+05:30,233.58999633789062,233.6999969482422,233.5500030517578,233.6999969482422,15727.0
2026-09-22 12:30:00+05:30,233.7100067138672,233.7100067138672,233.60000610351562,233.61000061035156,7335.0
2026-09-22 12:35:00+05:30,233.61000061035156,233.75,233.4600067138672,233.50999450683594,198338.0
2026-09-22 12:40:00+05:30,233.47999572753906,233.5800018310547,233.35000610351562,233.47999572753906,16536.0
2026-09-22 12:45:00+05:30,233.3699951171875,233.39999389648438,233.25,233.3000030517578,10133.0
2026-09-22 12:50:00+05:30,233.3000030517578,233.35000610351562,233.22000122070312,233.27000427246094,16909.0
2026-09-22 12:55:00+05:30,233.27000427246094,233.42999267578125,233.25,233.38999938964844,48463.0
2026-09-22 13:00:00+05:30,233.38999938964844,233.52000427246094,233.05999755859375,233.1300048828125,123676.0
2026-09-22 13:05:00+05:30,233.08999633789062,233.32000732421875,233.0500030517578,233.1999969482422,29499.0
2026-09-22 13:10:00+05:30,233.1999969482422,233.27000427246094,233.05999755859375,233.16000366210938,13495.0
2026-09-22 13:15:00+05:30,233.11000061035156,233.17999267578125,233.02000427246094,233.14999389648438,18039.0
2026-09-22 13:20:00+05:30,233.14999389648438,233.2100067138672,233.0500030517578,233.2100067138672,11625.0
2026-09-22 13:25:00+05:30,233.2100067138672,233.27000427246094,233.1300048828125,233.25,12609.0
2026-09-22 13:30:00+05:30,233.25,233.39999389648438,233.1999969482422,233.39999389648438,11217.0
2026-09-22 13:35:00+05:30,233.39999389648438,233.44000244140625,233.24000549316406,233.27000427246094,17996.0
2026-09-22 13:40:00+05:30,233.27000427246094,233.36000061035156,233.25999450683594,233.27999877929688,7687.0
2026-09-22 13:45:00+05:30,233.25999450683594,233.25999450683594,233.0800018310547,233.17999267578125,12872.0
2026-09-22 13:50:00+05:30,233.17999267578125,233.3000030517578,233.08999633789062,233.17999267578125,15897.0
2026-09-22 13:55:00+05:30,233.17999267578125,233.25,233.05999755859375,233.1199951171875,13678.0
2026-09-22 14:00:00+05:30,233.13999938964844,233.24000549316406,232.9600067138672,233.1999969482422,35610.0
2026-09-22 14:05:00+05:30,233.19000244140625,233.24000549316406,233.08999633789062,233.24000549316406,15604.0
2026-09-22 14:10:00+05:30,233.24000549316406,234.0,233.24000549316406,234.0,91540.0
2026-09-22 14:15:00+05:30,234.0,234.24000549316406,233.25,233.58999633789062,128478.0
2026-09-22 14:20:00+05:30,233.58999633789062,233.94000244140625,233.58999633789062,233.82000732421875,52347.0
2026-09-22 14:25:00+05:30,233.8000030517578,234.10000610351562,233.77999877929688,234.08999633789062,35627.0
2026-09-22 14:30:00+05:30,234.0500030517578,234.10000610351562,233.89999389648438,233.9600067138672,55740.0
2026-09-22 14:35:00+05:30,233.9600067138672,234.0399932861328,233.8300018310547,233.9499969482422,30785.0
2026-09-22 14:40:00+05:30,233.9499969482422,233.9499969482422,233.8000030517578,233.8800048828125,48271.0
2026-09-22 14:45:00+05:30,233.8800048828125,233.92999267578125,233.69000244140625,233.7899932861328,50913.0
2026-09-22 14:50:00+05:30,233.75999450683594,233.8000030517578,233.5500030517578,233.6999969482422,43226.0
2026-09-22 14:55:00+05:30,233.75,233.88999938964844,233.50999450683594,233.58999633789062,80365.0
2026-09-22 15:00:00+05:30,233.58999633789062,233.85000610351562,233.49000549316406,233.77000427246094,133988.0
2026-09-22 15:05:00+05:30,233.72999572753906,233.7899932861328,233.50999450683594,233.6300048828125,124965.0
2026-09-22 15:10:00+05:30,233.61000061035156,233.77999877929688,233.4499969482422,233.6999969482422,187461.0
2026-09-22 15:15:00+05:30,233.99000549316406,234.35000610351562,233.99000549316406,234.35000610351562,85735.0
2026-09-23 09:15:00+05:30,233.80999755859375,235.0500030517578,233.80999755859375,235.0,0.0
2026-09-23 09:20:00+05:30,234.94000244140625,235.38999938964844,234.94000244140625,235.1300048828125,138408.0
2026-09-23 09:25:00+05:30,235.0800018310547,236.10000610351562,235.02999877929688,236.10000610351562,152469.0
2026-09-23 09:30:00+05:30,236.1999969482422,236.77000427246094,236.1999969482422,236.3000030517578,181200.0
2026-09-23 09:35:00+05:30,236.2899932861328,236.5399932861328,236.22000122070312,236.49000549316406,82945.0
2026-09-23 09:40:00+05:30,236.49000549316406,236.5,236.3300018310547,236.4199981689453,57228.0
2026-09-23 09:45:00+05:30,236.4499969482422,236.5,236.1999969482422,236.1999969482422,56667.0
2026-09-23 09:50:00+05:30,236.27999877929688,236.3000030517578,235.67999267578125,235.6999969482422,46190.0
2026-09-23 09:55:00+05:30,235.7899932861328,236.02999877929688,235.77999877929688,235.9499969482422,41645.0
2026-09-23 10:00:00+05:30,235.97000122070312,236.02999877929688,235.64999389648438,235.69000244140625,68335.0
2026-09-23 10:05:00+05:30,235.75,235.77000427246094,235.52000427246094,235.60000610351562,40268.0
2026-09-23 10:10:00+05:30,235.64999389648438,235.69000244140625,235.13999938964844,235.32000732421875,58785.0
2026-09-23 10:15:00+05:30,235.39999389648438,235.4600067138672,235.2899932861328,235.35000610351562,27470.0
2026-09-23 10:20:00+05:30,235.3699951171875,235.3699951171875,235.10000610351562,235.1300048828125,40178.0
2026-09-23 10:25:00+05:30,235.1699981689453,235.5,235.1300048828125,235.47000122070312,29800.0
2026-09-23 10:30:00+05:30,235.49000549316406,235.49000549316406,235.27999877929688,235.36000061035156,24690.0
2026-09-23 10:35:00+05:30,235.36000061035156,235.8300018310547,235.25,235.66000366210938,122668.0
2026-09-23 10:40:00+05:30,235.6300048828125,235.75999450683594,235.24000549316406,235.41000366210938,65441.0
2026-09-23 10:45:00+05:30,235.4499969482422,235.5,235.41000366210938,235.4600067138672,26306.0
2026-09-23 10:50:00+05:30,235.49000549316406,235.8000030517578,235.41000366210938,235.6999969482422,119304.0
2026-09-23 10:55:00+05:30,235.72000122070312,235.94000244140625,235.64999389648438,235.77999877929688,39066.0
2026-09-23 11:00:00+05:30,235.85000610351562,236.0,235.77000427246094,235.8000030517578,52598.0
2026-09-23 11:05:00+05:30,235.8699951171875,236.0399932861328,235.8300018310547,235.8800048828125,227433.0
2026-09-23 11:10:00+05:30,235.9199981689453,235.9499969482422,235.61000061035156,235.6199951171875,37128.0
2026-09-23 11:15:00+05:30,235.6300048828125,235.6999969482422,235.39999389648438,235.5399932861328,36541.0
2026-09-23 11:20:00+05:30,235.5,235.9199981689453,235.5,235.83999633789062,60631.0
2026-09-23 11:25:00+05:30,235.75999450683594,235.7899932861328,235.63999938964844,235.6999969482422,35458.0
2026-09-23 11:30:00+05:30,235.6999969482422,235.6999969482422,235.58999633789062,235.61000061035156,46281.0
2026-09-23 11:35:00+05:30,235.58999633789062,235.8000030517578,235.52000427246094,235.6699981689453,37259.0
2026-09-23 11:40:00+05:30,235.75999450683594,235.92999267578125,235.75999450683594,235.77999877929688,35799.0
2026-09-23 11:45:00+05:30,235.8300018310547,235.8300018310547,235.6300048828125,235.6300048828125,42244.0
2026-09-23 11:50:00+05:30,235.66000366210938,235.8800048828125,235.66000366210938,235.80999755859375,36825.0
2026-09-23 11:55:00+05:30,235.77999877929688,235.80999755859375,235.6699981689453,235.72000122070312,42928.0
2026-09-23 12:00:00+05:30,235.75,235.9499969482422,235.74000549316406,235.91000366210938,29726.0
2026-09-23 12:05:00+05:30,235.91000366210938,236.0,235.8800048828125,235.9199981689453,41420.0
2026-09-23 12:10:00+05:30,235.9199981689453,235.97999572753906,235.8300018310547,235.89999389648438,22685.0
2026-09-23 12:15:00+05:30,235.9499969482422,235.9499969482422,235.44000244140625,235.7100067138672,194017.0
2026-09-23 12:20:00+05:30,235.7100067138672,235.86000061035156,235.57000732421875,235.67999267578125,27293.0
2026-09-23 12:25:00+05:30,235.66000366210938,235.9199981689453,235.61000061035156,235.9199981689453,31267.0
2026-09-23 12:30:00+05:30,235.91000366210938,236.10000610351562,235.8800048828125,235.99000549316406,85582.0
2026-09-23 12:35:00+05:30,236.0,236.05999755859375,235.91000366210938,235.9199981689453,83074.0
2026-09-23 12:40:00+05:30,235.9199981689453,236.0,235.8000030517578,236.0,59886.0
2026-09-23 12:45:00+05:30,235.99000549316406,236.0,235.77999877929688,235.83999633789062,34397.0
2026-09-23 12:50:00+05:30,235.8300018310547,235.8800048828125,235.77000427246094,235.77999877929688,26394.0
2026-09-23 12:55:00+05:30,235.77000427246094,235.97999572753906,235.7100067138672,235.94000244140625,30554.0
2026-09-23 13:00:00+05:30,235.92999267578125,236.3000030517578,235.85000610351562,236.2100067138672,419458.0
2026-09-23 13:05:00+05:30,236.3000030517578,236.69000244140625,236.2899932861328,236.4600067138672,123207.0
2026-09-23 13:10:00+05:30,236.4600067138672,236.5399932861328,236.3800048828125,236.5399932861328,41222.0
2026-09-23 13:15:00+05:30,236.52999877929688,236.58999633789062,236.3699951171875,236.4600067138672,35738.0
2026-09-23 13:20:00+05:30,236.49000549316406,236.77999877929688,236.49000549316406,236.6699981689453,83690.0
2026-09-23 13:25:00+05:30,236.6699981689453,236.6699981689453,236.60000610351562,236.61000061035156,21586.0
2026-09-23 13:30:00+05:30,236.60000610351562,236.6699981689453,236.60000610351562,236.63999938964844,31474.0
2026-09-23 13:35:00+05:30,236.63999938964844,236.63999938964844,236.4499969482422,236.5800018310547,39973.0
2026-09-23 13:40:00+05:30,236.5800018310547,236.6999969482422,236.50999450683594,236.6999969482422,44470.0
2026-09-23 13:45:00+05:30,236.6999969482422,236.75999450683594,236.55999755859375,236.55999755859375,43316.0
2026-09-23 13:50:00+05:30,236.55999755859375,236.63999938964844,236.49000549316406,236.63999938964844,17962.0
2026-09-23 13:55:00+05:30,236.63999938964844,236.69000244140625,236.47999572753906,236.5800018310547,29656.0
2026-09-23 14:00:00+05:30,236.58999633789062,236.6699981689453,236.52999877929688,236.66000366210938,28098.0
2026-09-23 14:05:00+05:30,236.66000366210938,237.10000610351562,236.6199951171875,237.10000610351562,129426.0
2026-09-23 14:10:00+05:30,237.14999389648438,237.4499969482422,237.14999389648438,237.25999450683594,160685.0
2026-09-23 14:15:00+05:30,237.25,237.3699951171875,237.10000610351562,237.19000244140625,65301.0
2026-09-23 14:20:00+05:30,237.16000366210938,237.39999389648438,237.05999755859375,237.39999389648438,46509.0
2026-09-23 14:25:00+05:30,237.39999389648438,237.64999389648438,237.24000549316406,237.64999389648438,88872.0
2026-09-23 14:30:00+05:30,237.64999389648438,237.69000244140625,237.39999389648438,237.4499969482422,60395.0
2026-09-23 14:35:00+05:30,237.41000366210938,237.57000732421875,237.39999389648438,237.57000732421875,100887.0
2026-09-23 14:40:00+05:30,237.57000732421875,237.57000732421875,237.19000244140625,237.2100067138672,105252.0
2026-09-23 14:45:00+05:30,237.22999572753906,237.2899932861328,237.1199951171875,237.25,126148.0
2026-09-23 14:50:00+05:30,237.10000610351562,237.19000244140625,237.02000427246094,237.1300048828125,138079.0
2026-09-23 14:55:00+05:30,237.1300048828125,237.19000244140625,236.91000366210938,236.91000366210938,173699.0
2026-09-23 15:00:00+05:30,236.91000366210938,236.9199981689453,236.75999450683594,236.85000610351562,117574.0
2026-09-23 15:05:00+05:30,236.82000732421875,236.88999938964844,236.69000244140625,236.69000244140625,101789.0
2026-09-23 15:10:00+05:30,236.67999267578125,236.97000122070312,236.64999389648438,236.75999450683594,186135.0
2026-09-23 15:15:00+05:30,236.64999389648438,236.8699951171875,236.64999389648438,236.8699951171875,0.0
2026-09-24 09:15:00+05:30,235.0,236.0,234.55999755859375,235.27999877929688,313502.0
2026-09-24 09:20:00+05:30,235.0800018310547,235.50999450683594,234.89999389648438,235.47000122070312,105537.0
2026-09-24 09:25:00+05:30,235.3800048828125,235.3800048828125,234.4499969482422,234.58999633789062,113146.0
2026-09-24 09:30:00+05:30,234.5800018310547,234.5800018310547,234.3000030517578,234.38999938964844,96823.0
2026-09-24 09:35:00+05:30,234.39999389648438,234.77999877929688,234.35000610351562,234.5399932861328,40198.0
2026-09-24 09:40:00+05:30,234.55999755859375,234.55999755859375,234.1999969482422,234.3000030517578,67165.0
2026-09-24 09:45:00+05:30,234.25,234.52000427246094,234.10000610351562,234.33999633789062,41385.0
2026-09-24 09:50:00+05:30,234.30999755859375,234.39999389648438,234.13999938964844,234.14999389648438,33945.0
2026-09-24 09:55:00+05:30,234.16000366210938,234.55999755859375,234.16000366210938,234.47999572753906,16365.0
2026-09-24 10:00:00+05:30,234.52999877929688,234.6300048828125,234.39999389648438,234.5800018310547,18596.0
2026-09-24 10:05:00+05:30,234.47999572753906,234.6300048828125,234.35000610351562,234.50999450683594,19246.0
2026-09-24 10:10:00+05:30,234.58999633789062,234.91000366210938,234.3699951171875,234.85000610351562,83139.0
2026-09-24 10:15:00+05:30,234.89999389648438,234.89999389648438,234.6199951171875,234.67999267578125,34884.0
2026-09-24 10:20:00+05:30,234.72999572753906,234.72999572753906,234.50999450683594,234.63999938964844,13351.0
2026-09-24 10:25:00+05:30,234.6300048828125,234.8000030517578,234.52000427246094,234.75,10628.0
2026-09-24 10:30:00+05:30,234.61000061035156,234.80999755859375,234.57000732421875,234.8000030517578,18372.0
2026-09-24 10:35:00+05:30,234.8000030517578,234.9499969482422,234.6999969482422,234.91000366210938,15184.0
2026-09-24 10:40:00+05:30,234.97000122070312,234.97999572753906,234.77000427246094,234.94000244140625,37555.0
2026-09-24 10:45:00+05:30,234.8699951171875,234.9499969482422,234.8300018310547,234.85000610351562,10114.0
2026-09-24 10:50:00+05:30,234.89999389648438,235.1999969482422,234.85000610351562,235.14999389648438,59020.0
2026-09-24 10:55:00+05:30,235.17999267578125,235.1999969482422,235.0,235.13999938964844,25890.0
2026-09-24 11:00:00+05:30,235.14999389648438,235.1999969482422,235.07000732421875,235.11000061035156,12696.0
2026-09-24 11:05:00+05:30,235.07000732421875,235.07000732421875,234.72999572753906,234.89999389648438,25853.0
2026-09-24 11:10:00+05:30,234.8699951171875,235.00999450683594,234.75999450683594,234.75999450683594,17025.0
2026-09-24 11:15:00+05:30,234.86000061035156,235.02000427246094,234.8300018310547,235.02000427246094,15022.0
2026-09-24 11:20:00+05:30,235.0,235.02999877929688,234.6699981689453,234.67999267578125,24269.0
2026-09-24 11:25:00+05:30,234.74000549316406,234.74000549316406,234.57000732421875,234.7100067138672,16103.0
2026-09-24 11:30:00+05:30,234.6199951171875,234.83999633789062,234.61000061035156,234.74000549316406,8710.0
2026-09-24 11:35:00+05:30,234.75999450683594,235.11000061035156,234.75999450683594,235.11000061035156,30643.0
2026-09-24 11:40:00+05:30,235.11000061035156,235.17999267578125,235.0,235.05999755859375,31189.0
2026-09-24 11:45:00+05:30,235.08999633789062,235.14999389648438,234.89999389648438,234.89999389648438,36851.0
2026-09-24 11:50:00+05:30,234.92999267578125,234.97999572753906,234.8300018310547,234.89999389648438,11811.0
2026-09-24 11:55:00+05:30,234.89999389648438,234.92999267578125,234.75,234.89999389648438,15422.0
2026-09-24 12:00:00+05:30,234.89999389648438,235.0,234.82000732421875,234.89999389648438,18347.0
2026-09-24 12:05:00+05:30,234.89999389648438,234.92999267578125,234.80999755859375,234.85000610351562,8939.0
2026-09-24 12:10:00+05:30,234.85000610351562,234.9600067138672,234.8000030517578,234.8699951171875,16031.0
2026-09-24 12:15:00+05:30,234.8699951171875,234.92999267578125,234.75,234.89999389648438,12551.0
2026-09-24 12:20:00+05:30,235.0,235.08999633789062,234.75,234.75,71172.0
2026-09-24 12:25:00+05:30,234.88999938964844,234.88999938964844,234.52000427246094,234.60000610351562,163490.0
2026-09-24 12:30:00+05:30,234.77000427246094,234.83999633789062,234.63999938964844,234.80999755859375,17214.0
2026-09-24 12:35:00+05:30,234.80999755859375,234.80999755859375,234.35000610351562,234.35000610351562,75099.0
2026-09-24 12:40:00+05:30,234.3699951171875,234.5500030517578,234.30999755859375,234.4199981689453,19323.0
2026-09-24 12:45:00+05:30,234.41000366210938,234.52000427246094,234.39999389648438,234.39999389648438,11268.0
2026-09-24 12:50:00+05:30,234.39999389648438,234.5399932861328,234.39999389648438,234.41000366210938,45585.0
2026-09-24 12:55:00+05:30,234.4199981689453,234.8800048828125,234.4199981689453,234.7899932861328,134880.0
2026-09-24 13:00:00+05:30,234.7899932861328,235.58999633789062,234.7899932861328,235.4499969482422,114422.0
2026-09-24 13:05:00+05:30,235.4499969482422,235.5800018310547,235.39999389648438,235.5,35744.0
2026-09-24 13:10:00+05:30,235.5,235.75,235.5,235.69000244140625,35095.0
2026-09-24 13:15:00+05:30,235.69000244140625,235.75,235.50999450683594,235.52999877929688,9539.0
2026-09-24 13:20:00+05:30,235.5800018310547,235.5800018310547,235.5,235.5500030517578,11816.0
2026-09-24 13:25:00+05:30,235.5500030517578,235.5500030517578,235.02999877929688,235.17999267578125,71003.0
2026-09-24 13:30:00+05:30,235.1199951171875,235.39999389648438,235.10000610351562,235.17999267578125,27571.0
2026-09-24 13:35:00+05:30,235.19000244140625,235.27999877929688,235.0800018310547,235.19000244140625,22769.0
2026-09-24 13:40:00+05:30,235.22999572753906,235.38999938964844,234.89999389648438,235.0,40681.0
2026-09-24 13:45:00+05:30,234.9499969482422,235.0500030517578,234.5,235.0500030517578,128223.0
2026-09-24 13:50:00+05:30,235.0,235.13999938964844,234.83999633789062,235.00999450683594,91412.0
2026-09-24 13:55:00+05:30,235.0,235.10000610351562,234.5,234.50999450683594,172299.0
2026-09-24 14:00:00+05:30,234.4199981689453,234.86000061035156,234.41000366210938,234.47000122070312,33184.0
2026-09-24 14:05:00+05:30,234.4499969482422,234.6300048828125,234.32000732421875,234.4499969482422,69892.0
2026-09-24 14:10:00+05:30,234.4499969482422,234.5,234.35000610351562,234.4199981689453,32035.0
2026-09-24 14:15:00+05:30,234.49000549316406,234.49000549316406,234.25,234.25,90770.0
2026-09-24 14:20:00+05:30,234.3000030517578,234.3699951171875,234.11000061035156,234.14999389648438,80191.0
2026-09-24 14:25:00+05:30,234.1199951171875,234.33999633789062,234.11000061035156,234.16000366210938,57922.0
2026-09-24 14:30:00+05:30,234.1199951171875,234.17999267578125,233.77000427246094,233.94000244140625,123608.0
2026-09-24 14:35:00+05:30,233.89999389648438,234.44000244140625,233.89999389648438,234.44000244140625,23998.0
2026-09-24 14:40:00+05:30,234.44000244140625,234.5,234.25999450683594,234.27000427246094,26470.0
2026-09-24 14:45:00+05:30,234.3000030517578,234.5500030517578,234.2100067138672,234.5399932861328,34199.0
2026-09-24 14:50:00+05:30,234.5800018310547,234.77000427246094,234.5399932861328,234.7100067138672,36427.0
2026-09-24 14:55:00+05:30,234.6999969482422,234.80999755859375,234.5399932861328,234.5399932861328,98107.0
2026-09-24 15:00:00+05:30,234.55999755859375,234.6999969482422,234.39999389648438,234.64999389648438,55623.0
2026-09-24 15:05:00+05:30,234.6300048828125,234.69000244140625,234.42999267578125,234.42999267578125,105848.0
2026-09-24 15:10:00+05:30,234.47999572753906,234.6999969482422,234.3300018310547,234.6999969482422,77055.0
2026-09-24 15:15:00+05:30,234.4600067138672,234.4600067138672,234.3000030517578,234.3000030517578,31498.0
2026-09-25 09:15:00+05:30,234.94000244140625,235.94000244140625,234.6999969482422,235.50999450683594,0.0
2026-09-25 09:20:00+05:30,235.32000732421875,235.4499969482422,235.0,235.14999389648438,52438.0
2026-09-25 09:25:00+05:30,235.14999389648438,235.5,235.1300048828125,235.42999267578125,42126.0
2026-09-25 09:30:00+05:30,235.4499969482422,235.58999633789062,235.3300018310547,235.4499969482422,77311.0
2026-09-25 09:35:00+05:30,235.47000122070312,235.47999572753906,234.7899932861328,234.8699951171875,75505.0
2026-09-25 09:40:00+05:30,234.8699951171875,235.61000061035156,234.8699951171875,235.2100067138672,85801.0
2026-09-25 09:45:00+05:30,235.25,235.5,235.02999877929688,235.02999877929688,20580.0
2026-09-25 09:50:00+05:30,235.17999267578125,235.36000061035156,234.72999572753906,234.97999572753906,29151.0
2026-09-25 09:55:00+05:30,234.9199981689453,235.10000610351562,234.86000061035156,235.10000610351562,29020.0
2026-09-25 10:00:00+05:30,235.05999755859375,235.33999633789062,235.0399932861328,235.33999633789062,26725.0
2026-09-25 10:05:00+05:30,235.3000030517578,235.41000366210938,235.0500030517578,235.35000610351562,25608.0
2026-09-25 10:10:00+05:30,235.38999938964844,235.60000610351562,235.3000030517578,235.50999450683594,42474.0
2026-09-25 10:15:00+05:30,235.57000732421875,235.77000427246094,235.33999633789062,235.44000244140625,27069.0
2026-09-25 10:20:00+05:30,235.44000244140625,235.5500030517578,235.30999755859375,235.41000366210938,22627.0
2026-09-25 10:25:00+05:30,235.41000366210938,235.5500030517578,235.27000427246094,235.47999572753906,8899.0
2026-09-25 10:30:00+05:30,235.4199981689453,235.75,235.3300018310547,235.58999633789062,78801.0
2026-09-25 10:35:00+05:30,235.5500030517578,235.77999877929688,235.4600067138672,235.75999450683594,38698.0
2026-09-25 10:40:00+05:30,235.69000244140625,235.75,235.5,235.52000427246094,10514.0
2026-09-25 10:45:00+05:30,235.49000549316406,235.49000549316406,235.25,235.2899932861328,15893.0
2026-09-25 10:50:00+05:30,235.25,235.2899932861328,235.0,235.10000610351562,25775.0
2026-09-25 10:55:00+05:30,235.0500030517578,235.10000610351562,235.0,235.10000610351562,8913.0
2026-09-25 11:00:00+05:30,235.1199951171875,235.33999633789062,235.05999755859375,235.2100067138672,37088.0
2026-09-25 11:05:00+05:30,235.14999389648438,235.4499969482422,235.14999389648438,235.38999938964844,6604.0
2026-09-25 11:10:00+05:30,235.38999938964844,235.44000244140625,235.1999969482422,235.1999969482422,8563.0
2026-09-25 11:15:00+05:30,235.27999877929688,235.3000030517578,235.0399932861328,235.1300048828125,10984.0
2026-09-25 11:20:00+05:30,235.11000061035156,235.1699981689453,234.8699951171875,234.91000366210938,16113.0
2026-09-25 11:25:00+05:30,234.8699951171875,235.08999633789062,234.8000030517578,235.08999633789062,18924.0
2026-09-25 11:30:00+05:30,235.10000610351562,235.25,235.05999755859375,235.1300048828125,18217.0
2026-09-25 11:35:00+05:30,235.07000732421875,235.17999267578125,235.02999877929688,235.10000610351562,10431.0
2026-09-25 11:40:00+05:30,235.0500030517578,235.10000610351562,234.75999450683594,234.89999389648438,10847.0
2026-09-25 11:45:00+05:30,234.89999389648438,235.0,234.83999633789062,234.94000244140625,23350.0
2026-09-25 11:50:00+05:30,234.8800048828125,235.0,234.8300018310547,234.97000122070312,18467.0
2026-09-25 11:55:00+05:30,234.92999267578125,234.99000549316406,234.86000061035156,234.92999267578125,7355.0
2026-09-25 12:00:00+05:30,234.92999267578125,234.92999267578125,234.6699981689453,234.72999572753906,35294.0
2026-09-25 12:05:00+05:30,234.6999969482422,234.85000610351562,234.6999969482422,234.85000610351562,15280.0
2026-09-25 12:10:00+05:30,234.85000610351562,234.85000610351562,234.58999633789062,234.58999633789062,41428.0
2026-09-25 12:15:00+05:30,234.64999389648438,235.10000610351562,234.57000732421875,234.97000122070312,71049.0
2026-09-25 12:20:00+05:30,235.05999755859375,235.07000732421875,234.89999389648438,234.9600067138672,17137.0
2026-09-25 12:25:00+05:30,234.89999389648438,235.0399932861328,234.89999389648438,235.0,14143.0
2026-09-25 12:30:00+05:30,235.0,235.16000366210938,235.0,235.0500030517578,9277.0
2026-09-25 12:35:00+05:30,235.0500030517578,235.1999969482422,235.0,235.07000732421875,13840.0
2026-09-25 12:40:00+05:30,235.07000732421875,235.16000366210938,235.0500030517578,235.10000610351562,4838.0
2026-09-25 12:45:00+05:30,235.10000610351562,235.17999267578125,235.02000427246094,235.08999633789062,22629.0
2026-09-25 12:50:00+05:30,235.0399932861328,235.0800018310547,234.92999267578125,235.0,52960.0
2026-09-25 12:55:00+05:30,234.9600067138672,235.1300048828125,234.89999389648438,235.11000061035156,15597.0
2026-09-25 13:00:00+05:30,235.14999389648438,235.24000549316406,234.82000732421875,235.07000732421875,46878.0
2026-09-25 13:05:00+05:30,235.02000427246094,235.0800018310547,234.88999938964844,235.07000732421875,46006.0
2026-09-25 13:10:00+05:30,235.02000427246094,235.1999969482422,235.0,235.0,37126.0
2026-09-25 13:15:00+05:30,234.99000549316406,235.0399932861328,234.8000030517578,234.89999389648438,55516.0
2026-09-25 13:20:00+05:30,234.89999389648438,235.0,234.74000549316406,234.8300018310547,25223.0
2026-09-25 13:25:00+05:30,234.80999755859375,234.8699951171875,234.61000061035156,234.8000030517578,29743.0
2026-09-25 13:30:00+05:30,234.8000030517578,234.83999633789062,234.66000366210938,234.77999877929688,16368.0
2026-09-25 13:35:00+05:30,234.75,234.75,234.1199951171875,234.27000427246094,48673.0
2026-09-25 13:40:00+05:30,234.2100067138672,234.57000732421875,234.2100067138672,234.3000030517578,34416.0
2026-09-25 13:45:00+05:30,234.3699951171875,234.6999969482422,234.3000030517578,234.4600067138672,23417.0
2026-09-25 13:50:00+05:30,234.4600067138672,234.6199951171875,234.42999267578125,234.61000061035156,20295.0
2026-09-25 13:55:00+05:30,234.5500030517578,234.83999633789062,234.52000427246094,234.8000030517578,18471.0
2026-09-25 14:00:00+05:30,234.8699951171875,235.52000427246094,234.86000061035156,235.42999267578125,49047.0
2026-09-25 14:05:00+05:30,235.3800048828125,235.3800048828125,234.85000610351562,234.99000549316406,60539.0
2026-09-25 14:10:00+05:30,234.99000549316406,235.08999633789062,234.8000030517578,234.99000549316406,17912.0
2026-09-25 14:15:00+05:30,234.99000549316406,235.33999633789062,234.99000549316406,235.2100067138672,24429.0
2026-09-25 14:20:00+05:30,235.22000122070312,235.3699951171875,235.16000366210938,235.1699981689453,16142.0
2026-09-25 14:25:00+05:30,235.1999969482422,235.27999877929688,235.0,235.24000549316406,40026.0
2026-09-25 14:30:00+05:30,235.22999572753906,235.39999389648438,235.1999969482422,235.36000061035156,21319.0
2026-09-25 14:35:00+05:30,235.33999633789062,235.38999938964844,235.27999877929688,235.3300018310547,10838.0
2026-09-25 14:40:00+05:30,235.27000427246094,235.32000732421875,235.17999267578125,235.24000549316406,19337.0
2026-09-25 14:45:00+05:30,235.24000549316406,235.27999877929688,235.0800018310547,235.19000244140625,58264.0
2026-09-25 14:50:00+05:30,235.1699981689453,235.25,235.02000427246094,235.25,38661.0
2026-09-25 14:55:00+05:30,235.24000549316406,235.3000030517578,235.13999938964844,235.27999877929688,32739.0
2026-09-25 15:00:00+05:30,235.24000549316406,235.24000549316406,235.0,235.05999755859375,66513.0
2026-09-25 15:05:00+05:30,235.0800018310547,235.1699981689453,234.9499969482422,235.1699981689453,148844.0
2026-09-25 15:10:00+05:30,235.07000732421875,235.39999389648438,234.75,235.25999450683594,132356.0
2026-09-28 09:15:00+05:30,234.94000244140625,234.94000244140625,232.91000366210938,232.94000244140625,0.0
2026-09-28 09:20:00+05:30,232.83999633789062,232.89999389648438,232.24000549316406,232.44000244140625,228563.0
2026-09-28 09:25:00+05:30,232.39999389648438,232.4600067138672,232.2899932861328,232.38999938964844,81365.0
2026-09-28 09:30:00+05:30,232.38999938964844,232.38999938964844,232.02999877929688,232.02999877929688,132929.0
2026-09-28 09:35:00+05:30,232.02999877929688,232.02999877929688,231.6999969482422,231.72999572753906,117820.0
2026-09-28 09:40:00+05:30,231.72000122070312,232.0800018310547,231.60000610351562,231.7100067138672,64121.0
2026-09-28 09:45:00+05:30,231.7100067138672,231.94000244140625,231.6199951171875,231.75,97322.0
2026-09-28 09:50:00+05:30,231.7899932861328,231.85000610351562,231.4499969482422,231.60000610351562,98302.0
2026-09-28 09:55:00+05:30,231.5800018310547,231.9199981689453,231.57000732421875,231.91000366210938,49205.0
2026-09-28 10:00:00+05:30,231.91000366210938,231.92999267578125,231.63999938964844,231.63999938964844,29078.0
2026-09-28 10:05:00+05:30,231.61000061035156,231.63999938964844,230.8000030517578,230.82000732421875,177088.0
2026-09-28 10:10:00+05:30,230.6999969482422,231.25999450683594,230.6999969482422,230.99000549316406,118900.0
2026-09-28 10:15:00+05:30,231.00999450683594,231.1199951171875,230.74000549316406,230.9499969482422,92402.0
2026-09-28 10:20:00+05:30,231.0,231.10000610351562,230.91000366210938,231.02999877929688,43930.0
2026-09-28 10:25:00+05:30,231.02999877929688,231.02999877929688,230.77999877929688,230.9600067138672,62856.0
2026-09-28 10:30:00+05:30,230.99000549316406,230.99000549316406,230.7100067138672,230.75,60674.0
2026-09-28 10:35:00+05:30,230.72000122070312,230.7899932861328,230.47999572753906,230.47999572753906,101275.0
2026-09-28 10:40:00+05:30,230.57000732421875,230.57000732421875,230.25,230.27000427246094,142977.0
2026-09-28 10:45:00+05:30,230.27000427246094,230.5399932861328,230.14999389648438,230.33999633789062,72905.0
2026-09-28 10:50:00+05:30,230.36000061035156,230.6199951171875,230.33999633789062,230.6199951171875,44322.0
2026-09-28 10:55:00+05:30,230.61000061035156,230.80999755859375,230.58999633789062,230.7100067138672,66716.0
2026-09-28 11:00:00+05:30,230.6999969482422,230.6999969482422,230.1300048828125,230.1300048828125,134130.0
2026-09-28 11:05:00+05:30,230.1199951171875,230.27999877929688,230.0,230.0,87189.0
2026-09-28 11:10:00+05:30,230.0500030517578,230.05999755859375,229.7100067138672,229.85000610351562,215538.0
2026-09-28 11:15:00+05:30,229.85000610351562,229.97999572753906,229.72999572753906,229.97999572753906,60101.0
2026-09-28 11:20:00+05:30,229.97999572753906,230.1300048828125,229.89999389648438,230.11000061035156,48807.0
2026-09-28 11:25:00+05:30,230.10000610351562,230.27999877929688,230.0,230.24000549316406,64776.0
2026-09-28 11:30:00+05:30,230.27000427246094,230.3699951171875,229.88999938964844,229.92999267578125,111664.0
2026-09-28 11:35:00+05:30,229.8000030517578,230.08999633789062,229.74000549316406,230.02000427246094,165331.0
2026-09-28 11:40:00+05:30,230.0500030517578,230.3800048828125,230.02000427246094,230.1999969482422,47149.0
2026-09-28 11:45:00+05:30,230.16000366210938,230.22999572753906,230.02999877929688,230.02999877929688,52484.0
2026-09-28 11:50:00+05:30,230.10000610351562,230.10000610351562,229.6199951171875,229.72999572753906,100557.0
2026-09-28 11:55:00+05:30,229.6999969482422,229.6999969482422,229.33999633789062,229.6199951171875,102474.0
2026-09-28 12:00:00+05:30,229.47000122070312,229.69000244140625,229.47000122070312,229.47999572753906,45082.0
2026-09-28 12:05:00+05:30,229.52999877929688,229.6300048828125,229.5,229.58999633789062,30763.0
2026-09-28 12:10:00+05:30,229.58999633789062,229.6199951171875,229.39999389648438,229.5,44360.0
2026-09-28 12:15:00+05:30,229.5,229.5800018310547,229.1199951171875,229.22999572753906,86498.0
2026-09-28 12:20:00+05:30,229.1999969482422,229.49000549316406,229.1999969482422,229.4499969482422,57382.0
2026-09-28 12:25:00+05:30,229.3800048828125,230.1199951171875,229.3800048828125,230.0399932861328,69347.0
2026-09-28 12:30:00+05:30,230.10000610351562,230.10000610351562,229.77000427246094,229.8000030517578,78702.0
2026-09-28 12:35:00+05:30,229.8000030517578,229.9600067138672,229.74000549316406,229.86000061035156,61296.0
2026-09-28 12:40:00+05:30,229.86000061035156,229.92999267578125,229.77999877929688,229.85000610351562,48071.0
2026-09-28 12:45:00+05:30,229.77000427246094,229.88999938964844,229.6999969482422,229.80999755859375,43690.0
2026-09-28 12:50:00+05:30,229.75,229.8300018310547,229.58999633789062,229.67999267578125,45208.0
2026-09-28 12:55:00+05:30,229.6699981689453,229.72000122070312,229.4499969482422,229.5,67649.0
2026-09-28 13:00:00+05:30,229.5,229.66000366210938,228.82000732421875,228.9499969482422,168797.0
2026-09-28 13:05:00+05:30,228.8699951171875,228.9600067138672,228.4199981689453,228.8000030517578,539949.0
2026-09-28 13:10:00+05:30,228.86000061035156,229.05999755859375,228.75,228.80999755859375,61163.0
2026-09-28 13:15:00+05:30,228.82000732421875,228.89999389648438,228.5800018310547,228.69000244140625,43379.0
2026-09-28 13:20:00+05:30,228.69000244140625,228.77999877929688,228.5800018310547,228.6999969482422,61520.0
2026-09-28 13:25:00+05:30,228.6699981689453,229.16000366210938,228.66000366210938,229.1300048828125,62333.0
2026-09-28 13:30:00+05:30,229.1300048828125,229.1300048828125,228.6199951171875,228.69000244140625,69128.0
2026-09-28 13:35:00+05:30,228.6199951171875,228.8699951171875,228.55999755859375,228.75999450683594,99442.0
2026-09-28 13:40:00+05:30,228.9600067138672,229.3800048828125,228.7899932861328,229.27000427246094,197243.0
2026-09-28 13:45:00+05:30,229.25999450683594,229.4499969482422,228.82000732421875,228.89999389648438,161109.0
2026-09-28 13:50:00+05:30,228.9499969482422,229.0500030517578,228.6999969482422,228.74000549316406,42954.0
2026-09-28 13:55:00+05:30,228.72000122070312,228.82000732421875,228.60000610351562,228.7899932861328,51283.0
2026-09-28 14:00:00+05:30,228.7899932861328,228.85000610351562,228.42999267578125,228.57000732421875,84395.0
2026-09-28 14:05:00+05:30,228.63999938964844,228.67999267578125,228.47999572753906,228.47999572753906,43262.0
2026-09-28 14:10:00+05:30,228.55999755859375,228.75,228.47999572753906,228.66000366210938,41651.0
2026-09-28 14:15:00+05:30,228.75999450683594,228.8000030517578,228.17999267578125,228.25,75679.0
2026-09-28 14:20:00+05:30,228.17999267578125,228.38999938964844,228.14999389648438,228.30999755859375,70667.0
2026-09-28 14:25:00+05:30,228.30999755859375,228.3800048828125,228.25999450683594,228.36000061035156,44196.0
2026-09-28 14:30:00+05:30,228.32000732421875,228.5399932861328,228.1999969482422,228.25,77969.0
2026-09-28 14:35:00+05:30,228.16000366210938,228.3699951171875,228.14999389648438,228.19000244140625,56933.0
2026-09-28 14:40:00+05:30,228.17999267578125,228.3000030517578,228.1199951171875,228.22000122070312,47857.0
2026-09-28 14:45:00+05:30,228.16000366210938,228.5800018310547,228.14999389648438,228.50999450683594,81722.0
2026-09-28 14:50:00+05:30,228.52000427246094,228.60000610351562,228.32000732421875,228.49000549316406,92310.0
2026-09-28 14:55:00+05:30,228.4600067138672,228.5500030517578,228.25,228.25,161461.0
2026-09-28 15:00:00+05:30,228.32000732421875,228.38999938964844,228.0500030517578,228.30999755859375,153374.0
2026-09-28 15:05:00+05:30,228.14999389648438,228.3300018310547,228.02000427246094,228.0399932861328,198721.0
2026-09-28 15:10:00+05:30,228.00999450683594,228.0500030517578,227.6999969482422,227.89999389648438,205552.0
2026-09-28 15:15:00+05:30,227.89999389648438,227.89999389648438,227.5,227.5,72388.0
2026-09-29 09:15:00+05:30,227.6999969482422,227.6999969482422,226.4499969482422,226.86000061035156,0.0
2026-09-29 09:20:00+05:30,226.77999877929688,226.77999877929688,225.5500030517578,225.67999267578125,200223.0
2026-09-29 09:25:00+05:30,225.60000610351562,225.64999389648438,224.27000427246094,224.27000427246094,185324.0
2026-09-29 09:30:00+05:30,224.27000427246094,224.63999938964844,224.0,224.32000732421875,252466.0
2026-09-29 09:35:00+05:30,224.2899932861328,225.22999572753906,223.9499969482422,224.6699981689453,350816.0
2026-09-29 09:40:00+05:30,224.57000732421875,225.3699951171875,224.57000732421875,225.14999389648438,163808.0
2026-09-29 09:45:00+05:30,225.16000366210938,225.52000427246094,224.94000244140625,225.22999572753906,56403.0
2026-09-29 09:50:00+05:30,225.14999389648438,225.52999877929688,225.05999755859375,225.52999877929688,96281.0
2026-09-29 09:55:00+05:30,225.5,225.7899932861328,225.1999969482422,225.2100067138672,83812.0
2026-09-29 10:00:00+05:30,225.1999969482422,225.3000030517578,224.8800048828125,224.99000549316406,85347.0
2026-09-29 10:05:00+05:30,225.0,225.0399932861328,224.50999450683594,224.58999633789062,68778.0
2026-09-29 10:10:00+05:30,224.58999633789062,224.6999969482422,224.41000366210938,224.6999969482422,77761.0
2026-09-29 10:15:00+05:30,224.60000610351562,224.89999389648438,224.60000610351562,224.8000030517578,73125.0
2026-09-29 10:20:00+05:30,224.80999755859375,225.0800018310547,224.6999969482422,225.0500030517578,121095.0
2026-09-29 10:25:00+05:30,225.0500030517578,225.58999633789062,225.02999877929688,225.41000366210938,52590.0
2026-09-29 10:30:00+05:30,225.39999389648438,225.5500030517578,225.0,225.1199951171875,49429.0
2026-09-29 10:35:00+05:30,225.1199951171875,225.27000427246094,225.0,225.1300048828125,46228.0
2026-09-29 10:40:00+05:30,225.1300048828125,225.39999389648438,225.02000427246094,225.33999633789062,34036.0
2026-09-29 10:45:00+05:30,225.33999633789062,225.4199981689453,225.08999633789062,225.3300018310547,11911.0
2026-09-29 10:50:00+05:30,225.2899932861328,225.6999969482422,225.2899932861328,225.6999969482422,23103.0
2026-09-29 10:55:00+05:30,225.67999267578125,226.10000610351562,225.64999389648438,225.9499969482422,72264.0
2026-09-29 11:00:00+05:30,225.9499969482422,226.13999938964844,225.77999877929688,225.77999877929688,31090.0
2026-09-29 11:05:00+05:30,225.75,225.97999572753906,225.75,225.97000122070312,20161.0
2026-09-29 11:10:00+05:30,225.92999267578125,227.4499969482422,225.89999389648438,227.4499969482422,855810.0
2026-09-29 11:15:00+05:30,227.4499969482422,227.5399932861328,226.6699981689453,226.6699981689453,99883.0
2026-09-29 11:20:00+05:30,226.63999938964844,227.1999969482422,226.63999938964844,226.9499969482422,78331.0
2026-09-29 11:25:00+05:30,226.94000244140625,227.39999389648438,226.8699951171875,227.30999755859375,45834.0
2026-09-29 11:30:00+05:30,227.30999755859375,227.60000610351562,227.27999877929688,227.39999389648438,34269.0
2026-09-29 11:35:00+05:30,227.39999389648438,227.8000030517578,227.1999969482422,227.75,41726.0
2026-09-29 11:40:00+05:30,227.75,227.88999938964844,227.5500030517578,227.72000122070312,28045.0
2026-09-29 11:45:00+05:30,227.67999267578125,227.77999877929688,227.38999938964844,227.5399932861328,27956.0
2026-09-29 11:50:00+05:30,227.5399932861328,227.5399932861328,227.3000030517578,227.39999389648438,17830.0
2026-09-29 11:55:00+05:30,227.3699951171875,227.7899932861328,227.3699951171875,227.7899932861328,21523.0
2026-09-29 12:00:00+05:30,227.75999450683594,227.91000366210938,227.58999633789062,227.85000610351562,118221.0
2026-09-29 12:05:00+05:30,227.86000061035156,228.16000366210938,227.86000061035156,228.07000732421875,41303.0
2026-09-29 12:10:00+05:30,228.07000732421875,228.16000366210938,227.74000549316406,228.16000366210938,30863.0
2026-09-29 12:15:00+05:30,228.1199951171875,228.36000061035156,227.8699951171875,227.8699951171875,59016.0
2026-09-29 12:20:00+05:30,227.89999389648438,227.94000244140625,227.4499969482422,227.4499969482422,64759.0
2026-09-29 12:25:00+05:30,227.4600067138672,227.49000549316406,227.0,227.14999389648438,75813.0
2026-09-29 12:30:00+05:30,227.16000366210938,227.27000427246094,226.5800018310547,226.92999267578125,110256.0
2026-09-29 12:35:00+05:30,226.88999938964844,227.38999938964844,226.8300018310547,227.3800048828125,31767.0
2026-09-29 12:40:00+05:30,227.44000244140625,227.85000610351562,227.13999938964844,227.19000244140625,75454.0
2026-09-29 12:45:00+05:30,227.25,227.85000610351562,227.14999389648438,227.6999969482422,46064.0
2026-09-29 12:50:00+05:30,227.75,228.2899932861328,227.6999969482422,228.22000122070312,67450.0
2026-09-29 12:55:00+05:30,228.16000366210938,228.77000427246094,228.16000366210938,228.52999877929688,77071.0
2026-09-29 13:00:00+05:30,228.52999877929688,228.60000610351562,228.33999633789062,228.3699951171875,34338.0
2026-09-29 13:05:00+05:30,228.25999450683594,228.60000610351562,228.1199951171875,228.5,58429.0
2026-09-29 13:10:00+05:30,228.5,228.5,228.24000549316406,228.47999572753906,44095.0
2026-09-29 13:15:00+05:30,228.44000244140625,228.57000732421875,228.19000244140625,228.30999755859375,25551.0
2026-09-29 13:20:00+05:30,228.25999450683594,228.3000030517578,228.0800018310547,228.11000061035156,49061.0
2026-09-29 13:25:00+05:30,228.19000244140625,228.35000610351562,228.05999755859375,228.13999938964844,30212.0
2026-09-29 13:30:00+05:30,228.19000244140625,228.25,228.1199951171875,228.22000122070312,18002.0
2026-09-29 13:35:00+05:30,228.22000122070312,228.2899932861328,227.8699951171875,227.92999267578125,36000.0
2026-09-29 13:40:00+05:30,227.9199981689453,228.38999938964844,227.9199981689453,228.38999938964844,39265.0
2026-09-29 13:45:00+05:30,228.38999938964844,228.6999969482422,228.36000061035156,228.64999389648438,50075.0
2026-09-29 13:50:00+05:30,228.67999267578125,229.0,228.64999389648438,228.7899932861328,29261.0
2026-09-29 13:55:00+05:30,228.7899932861328,228.89999389648438,228.66000366210938,228.7100067138672,37585.0
2026-09-29 14:00:00+05:30,228.77000427246094,228.8300018310547,228.50999450683594,228.67999267578125,79490.0
2026-09-29 14:05:00+05:30,228.6999969482422,228.89999389648438,228.5800018310547,228.85000610351562,19461.0
2026-09-29 14:10:00+05:30,228.85000610351562,228.97000122070312,228.6999969482422,228.86000061035156,50938.0
2026-09-29 14:15:00+05:30,228.64999389648438,228.88999938964844,228.63999938964844,228.85000610351562,18640.0
2026-09-29 14:20:00+05:30,228.85000610351562,228.99000549316406,228.8000030517578,228.8000030517578,24552.0
2026-09-29 14:25:00+05:30,228.82000732421875,229.0800018310547,228.80999755859375,228.9600067138672,66866.0
2026-09-29 14:30:00+05:30,228.9600067138672,229.1999969482422,228.8000030517578,229.14999389648438,52519.0
2026-09-29 14:35:00+05:30,229.14999389648438,229.38999938964844,229.14999389648438,229.3000030517578,56019.0
2026-09-29 14:40:00+05:30,229.2899932861328,229.5800018310547,229.00999450683594,229.1999969482422,162509.0
2026-09-29 14:45:00+05:30,229.17999267578125,229.39999389648438,229.0800018310547,229.3699951171875,30494.0
2026-09-29 14:50:00+05:30,229.27999877929688,229.41000366210938,229.1300048828125,229.3000030517578,71565.0
2026-09-29 14:55:00+05:30,229.32000732421875,229.5800018310547,229.32000732421875,229.4199981689453,68059.0
2026-09-29 15:00:00+05:30,229.38999938964844,229.61000061035156,229.30999755859375,229.41000366210938,195496.0
2026-09-29 15:05:00+05:30,229.41000366210938,229.97999572753906,229.41000366210938,229.7899932861328,175420.0
2026-09-29 15:10:00+05:30,229.83999633789062,230.39999389648438,229.5500030517578,230.0800018310547,320822.0
2026-09-29 15:15:00+05:30,230.16000366210938,230.16000366210938,227.67999267578125,227.67999267578125,847814.0
2026-09-30 09:15:00+05:30,230.8000030517578,234.4199981689453,230.8000030517578,234.22000122070312,0.0
2026-09-30 09:20:00+05:30,234.16000366210938,234.8000030517578,234.16000366210938,234.36000061035156,275969.0
2026-09-30 09:25:00+05:30,234.39999389648438,234.47000122070312,234.0,234.1999969482422,142957.0
2026-09-30 09:30:00+05:30,234.11000061035156,234.11000061035156,233.25999450683594,233.35000610351562,209900.0
2026-09-30 09:35:00+05:30,233.36000061035156,233.77999877929688,233.14999389648438,233.1999969482422,166618.0
2026-09-30 09:40:00+05:30,233.08999633789062,235.11000061035156,232.6999969482422,234.9600067138672,1930406.0
2026-09-30 09:45:00+05:30,234.86000061035156,234.8800048828125,234.13999938964844,234.27999877929688,161296.0
2026-09-30 09:50:00+05:30,234.24000549316406,234.3699951171875,233.82000732421875,234.00999450683594,103445.0
2026-09-30 09:55:00+05:30,234.10000610351562,234.10000610351562,233.44000244140625,233.4499969482422,84020.0
2026-09-30 10:00:00+05:30,233.52000427246094,233.72000122070312,233.30999755859375,233.63999938964844,57853.0
2026-09-30 10:05:00+05:30,233.57000732421875,233.80999755859375,233.38999938964844,233.4600067138672,48839.0
2026-09-30 10:10:00+05:30,233.47999572753906,234.0,233.42999267578125,234.0,50539.0
2026-09-30 10:15:00+05:30,234.0,234.10000610351562,233.42999267578125,234.07000732421875,109041.0
2026-09-30 10:20:00+05:30,234.02999877929688,234.10000610351562,233.55999755859375,234.07000732421875,62503.0
2026-09-30 10:25:00+05:30,234.0399932861328,234.10000610351562,233.75999450683594,234.10000610351562,29299.0
2026-09-30 10:30:00+05:30,234.10000610351562,234.10000610351562,232.86000061035156,232.99000549316406,100081.0
2026-09-30 10:35:00+05:30,233.0,233.50999450683594,232.8800048828125,233.5,95610.0
2026-09-30 10:40:00+05:30,233.4600067138672,233.58999633789062,232.80999755859375,232.83999633789062,63561.0
2026-09-30 10:45:00+05:30,232.94000244140625,233.74000549316406,232.89999389648438,233.6999969482422,53954.0
2026-09-30 10:50:00+05:30,233.6999969482422,234.0,233.60000610351562,233.64999389648438,61385.0
2026-09-30 10:55:00+05:30,233.64999389648438,233.64999389648438,233.19000244140625,233.52999877929688,51061.0
2026-09-30 11:00:00+05:30,233.5,233.8000030517578,233.4499969482422,233.75,46431.0
2026-09-30 11:05:00+05:30,233.6999969482422,233.89999389648438,233.52000427246094,233.5800018310547,70918.0
2026-09-30 11:10:00+05:30,233.6199951171875,233.8000030517578,233.52999877929688,233.75999450683594,51775.0
2026-09-30 11:15:00+05:30,233.8000030517578,234.4499969482422,233.64999389648438,234.3800048828125,165914.0
2026-09-30 11:20:00+05:30,234.3300018310547,234.42999267578125,234.0500030517578,234.24000549316406,48857.0
2026-09-30 11:25:00+05:30,234.1999969482422,234.83999633789062,234.17999267578125,234.74000549316406,85649.0
2026-09-30 11:30:00+05:30,234.74000549316406,235.1699981689453,234.61000061035156,234.66000366210938,179132.0
2026-09-30 11:35:00+05:30,234.72999572753906,234.99000549316406,234.66000366210938,234.83999633789062,99909.0
2026-09-30 11:40:00+05:30,234.83999633789062,234.9499969482422,234.27000427246094,234.77000427246094,85611.0
2026-09-30 11:45:00+05:30,234.77999877929688,235.1300048828125,234.64999389648438,235.0500030517578,171323.0
2026-09-30 11:50:00+05:30,235.02000427246094,235.19000244140625,234.8300018310547,235.10000610351562,85478.0
2026-09-30 11:55:00+05:30,235.10000610351562,235.10000610351562,234.60000610351562,234.6199951171875,50570.0
2026-09-30 12:00:00+05:30,234.6199951171875,234.99000549316406,234.58999633789062,234.89999389648438,59205.0
2026-09-30 12:05:00+05:30,234.89999389648438,234.9600067138672,234.6199951171875,234.80999755859375,43427.0
2026-09-30 12:10:00+05:30,234.8300018310547,235.0,234.66000366210938,234.7899932861328,37417.0
2026-09-30 12:15:00+05:30,234.8300018310547,234.9499969482422,234.6300048828125,234.75999450683594,48362.0
2026-09-30 12:20:00+05:30,234.91000366210938,235.4499969482422,234.67999267578125,235.17999267578125,151003.0
2026-09-30 12:25:00+05:30,235.22000122070312,235.39999389648438,235.11000061035156,235.24000549316406,41967.0
2026-09-30 12:30:00+05:30,235.27000427246094,235.6699981689453,235.25,235.60000610351562,88895.0
2026-09-30 12:35:00+05:30,235.57000732421875,235.60000610351562,234.9499969482422,235.17999267578125,66319.0
2026-09-30 12:40:00+05:30,235.14999389648438,235.1999969482422,234.61000061035156,234.89999389648438,61111.0
2026-09-30 12:45:00+05:30,234.89999389648438,235.14999389648438,234.86000061035156,234.99000549316406,37144.0
2026-09-30 12:50:00+05:30,234.99000549316406,235.14999389648438,234.8800048828125,235.10000610351562,36818.0
2026-09-30 12:55:00+05:30,235.10000610351562,235.25,235.0,235.1300048828125,32416.0
2026-09-30 13:00:00+05:30,235.1300048828125,235.1999969482422,234.97000122070312,235.0,24045.0
2026-09-30 13:05:00+05:30,234.97999572753906,235.02999877929688,234.89999389648438,234.89999389648438,34955.0
2026-09-30 13:10:00+05:30,234.9199981689453,234.9199981689453,234.6199951171875,234.77000427246094,48214.0
2026-09-30 13:15:00+05:30,234.72000122070312,234.77999877929688,234.50999450683594,234.67999267578125,64328.0
2026-09-30 13:20:00+05:30,234.66000366210938,234.80999755859375,234.5,234.64999389648438,63121.0
2026-09-30 13:25:00+05:30,234.64999389648438,234.75999450683594,234.5,234.5,20574.0
2026-09-30 13:30:00+05:30,234.47000122070312,234.74000549316406,234.4199981689453,234.5,28086.0
2026-09-30 13:35:00+05:30,234.5800018310547,234.5800018310547,234.10000610351562,234.10000610351562,81351.0
2026-09-30 13:40:00+05:30,234.16000366210938,234.19000244140625,233.8699951171875,233.8699951171875,64886.0
2026-09-30 13:45:00+05:30,233.83999633789062,233.86000061035156,233.75,233.86000061035156,40785.0
2026-09-30 13:50:00+05:30,233.86000061035156,234.02000427246094,233.80999755859375,233.8699951171875,54347.0
2026-09-30 13:55:00+05:30,233.8699951171875,234.3800048828125,233.8699951171875,234.14999389648438,90869.0
2026-09-30 14:00:00+05:30,234.1699981689453,234.2899932861328,233.75999450683594,233.75999450683594,77550.0
2026-09-30 14:05:00+05:30,233.80999755859375,233.83999633789062,233.67999267578125,233.7100067138672,46568.0
2026-09-30 14:10:00+05:30,233.75,233.77999877929688,233.61000061035156,233.69000244140625,48856.0
2026-09-30 14:15:00+05:30,233.69000244140625,233.75,233.61000061035156,233.63999938964844,43584.0
2026-09-30 14:20:00+05:30,233.6199951171875,233.6699981689453,232.5399932861328,232.5399932861328,364070.0
2026-09-30 14:25:00+05:30,232.38999938964844,232.4600067138672,231.91000366210938,231.97000122070312,198778.0
2026-09-30 14:30:00+05:30,232.0,232.10000610351562,231.80999755859375,231.8800048828125,149053.0
2026-09-30 14:35:00+05:30,231.8800048828125,231.8800048828125,231.50999450683594,231.6199951171875,113655.0
2026-09-30 14:40:00+05:30,231.6199951171875,231.91000366210938,231.39999389648438,231.5,137790.0
2026-09-30 14:45:00+05:30,231.63999938964844,231.99000549316406,231.50999450683594,231.97999572753906,253337.0
2026-09-30 14:50:00+05:30,231.94000244140625,231.94000244140625,231.55999755859375,231.67999267578125,116593.0
2026-09-30 14:55:00+05:30,231.6699981689453,231.6699981689453,231.25,231.5,96275.0
2026-09-30 15:00:00+05:30,231.42999267578125,231.8800048828125,231.3800048828125,231.39999389648438,401790.0
2026-09-30 15:05:00+05:30,231.32000732421875,231.42999267578125,231.14999389648438,231.27999877929688,747780.0
2026-09-30 15:10:00+05:30,231.27999877929688,231.60000610351562,231.00999450683594,231.08999633789062,385925.0
2026-09-30 15:15:00+05:30,231.1699981689453,231.1699981689453,230.5500030517578,230.5500030517578,741494.0
2026-10-01 09:15:00+05:30,230.00999450683594,230.75,229.83999633789062,230.2899932861328,0.0
2026-10-01 09:20:00+05:30,230.32000732421875,230.50999450683594,229.55999755859375,229.55999755859375,56806.0
2026-10-01 09:25:00+05:30,229.6300048828125,230.60000610351562,229.6300048828125,230.60000610351562,86253.0
2026-10-01 09:30:00+05:30,230.5500030517578,231.1199951171875,230.3800048828125,230.5,97932.0
2026-10-01 09:35:00+05:30,230.52000427246094,230.69000244140625,230.36000061035156,230.58999633789062,38658.0
2026-10-01 09:40:00+05:30,230.58999633789062,230.60000610351562,230.10000610351562,230.38999938964844,65949.0
2026-10-01 09:45:00+05:30,230.2899932861328,230.89999389648438,230.2899932861328,230.6300048828125,58825.0
2026-10-01 09:50:00+05:30,230.6300048828125,231.17999267578125,230.1999969482422,230.1999969482422,84372.0
2026-10-01 09:55:00+05:30,230.16000366210938,230.72000122070312,230.13999938964844,230.64999389648438,95427.0
2026-10-01 10:00:00+05:30,230.64999389648438,231.25,230.64999389648438,231.1199951171875,45942.0
2026-10-01 10:05:00+05:30,231.1199951171875,231.25,230.75,230.8699951171875,31873.0
2026-10-01 10:10:00+05:30,230.7899932861328,231.10000610351562,230.7100067138672,231.10000610351562,25799.0
2026-10-01 10:15:00+05:30,231.05999755859375,231.25,230.92999267578125,230.99000549316406,73962.0
2026-10-01 10:20:00+05:30,230.97999572753906,231.05999755859375,230.82000732421875,230.94000244140625,29076.0
2026-10-01 10:25:00+05:30,230.9199981689453,231.47999572753906,230.9199981689453,231.47999572753906,42068.0
2026-10-01 10:30:00+05:30,231.47999572753906,232.83999633789062,231.42999267578125,232.64999389648438,161506.0
2026-10-01 10:35:00+05:30,232.6300048828125,232.89999389648438,232.47000122070312,232.49000549316406,44703.0
2026-10-01 10:40:00+05:30,232.58999633789062,232.6199951171875,232.2100067138672,232.3000030517578,80212.0
2026-10-01 10:45:00+05:30,232.44000244140625,232.5399932861328,232.02000427246094,232.4199981689453,70191.0
2026-10-01 10:50:00+05:30,232.5,232.6999969482422,232.10000610351562,232.1300048828125,37878.0
2026-10-01 10:55:00+05:30,232.10000610351562,232.75999450683594,232.0399932861328,232.69000244140625,62683.0
2026-10-01 11:00:00+05:30,232.67999267578125,232.67999267578125,232.02999877929688,232.30999755859375,26658.0
2026-10-01 11:05:00+05:30,232.33999633789062,232.42999267578125,232.08999633789062,232.08999633789062,28651.0
2026-10-01 11:10:00+05:30,232.11000061035156,232.19000244140625,231.75,232.0,153534.0
2026-10-01 11:15:00+05:30,232.0,232.2100067138672,231.97999572753906,232.08999633789062,166096.0
2026-10-01 11:20:00+05:30,232.1699981689453,232.22000122070312,231.92999267578125,232.10000610351562,148604.0
2026-10-01 11:25:00+05:30,232.0500030517578,232.8300018310547,231.86000061035156,232.60000610351562,605743.0
2026-10-01 11:30:00+05:30,232.60000610351562,232.85000610351562,232.52000427246094,232.6300048828125,86040.0
2026-10-01 11:35:00+05:30,232.6999969482422,233.4600067138672,232.60000610351562,233.35000610351562,126920.0
2026-10-01 11:40:00+05:30,233.35000610351562,233.64999389648438,233.3000030517578,233.61000061035156,54872.0
2026-10-01 11:45:00+05:30,233.6300048828125,233.99000549316406,233.5,233.8699951171875,126257.0
2026-10-01 11:50:00+05:30,233.7899932861328,233.83999633789062,233.64999389648438,233.67999267578125,28798.0
2026-10-01 11:55:00+05:30,233.67999267578125,233.8800048828125,233.6199951171875,233.77999877929688,111541.0
2026-10-01 12:00:00+05:30,233.77999877929688,233.89999389648438,233.5399932861328,233.5800018310547,35483.0
2026-10-01 12:05:00+05:30,233.5800018310547,233.5800018310547,233.0500030517578,233.1699981689453,29915.0
2026-10-01 12:10:00+05:30,233.1999969482422,233.1999969482422,232.75,232.91000366210938,67390.0
2026-10-01 12:15:00+05:30,232.9499969482422,233.25999450683594,232.64999389648438,232.74000549316406,30904.0
2026-10-01 12:20:00+05:30,232.74000549316406,232.83999633789062,232.22000122070312,232.3000030517578,74957.0
2026-10-01 12:25:00+05:30,232.24000549316406,232.4600067138672,232.02999877929688,232.11000061035156,96848.0
2026-10-01 12:30:00+05:30,232.11000061035156,232.63999938964844,232.02999877929688,232.52000427246094,53384.0
2026-10-01 12:35:00+05:30,232.52000427246094,232.6999969482422,232.47000122070312,232.67999267578125,31589.0
2026-10-01 12:40:00+05:30,232.67999267578125,232.85000610351562,232.14999389648438,232.14999389648438,98759.0
2026-10-01 12:45:00+05:30,232.10000610351562,232.1199951171875,231.14999389648438,231.27999877929688,160800.0
2026-10-01 12:50:00+05:30,231.27999877929688,231.4600067138672,230.72999572753906,230.8699951171875,119264.0
2026-10-01 12:55:00+05:30,230.8699951171875,230.8699951171875,230.30999755859375,230.42999267578125,144348.0
2026-10-01 13:00:00+05:30,230.52999877929688,231.42999267578125,230.39999389648438,231.42999267578125,46467.0
2026-10-01 13:05:00+05:30,231.4600067138672,231.63999938964844,231.17999267578125,231.5,57985.0
2026-10-01 13:10:00+05:30,231.4600067138672,231.64999389648438,231.1999969482422,231.33999633789062,44477.0
2026-10-01 13:15:00+05:30,231.33999633789062,231.33999633789062,230.72000122070312,230.92999267578125,31586.0
2026-10-01 13:20:00+05:30,230.8800048828125,231.16000366210938,230.66000366210938,230.88999938964844,42851.0
2026-10-01 13:25:00+05:30,230.91000366210938,231.22000122070312,230.69000244140625,230.69000244140625,33966.0
2026-10-01 13:30:00+05:30,230.7100067138672,231.0,230.36000061035156,230.97999572753906,49373.0
2026-10-01 13:35:00+05:30,230.92999267578125,231.10000610351562,230.7100067138672,231.0800018310547,85621.0
2026-10-01 13:40:00+05:30,231.05999755859375,231.0800018310547,230.1199951171875,230.4199981689453,98871.0
2026-10-01 13:45:00+05:30,230.42999267578125,230.72000122070312,230.27000427246094,230.64999389648438,77142.0
2026-10-01 13:50:00+05:30,230.6999969482422,230.85000610351562,230.57000732421875,230.63999938964844,31154.0
2026-10-01 13:55:00+05:30,230.63999938964844,230.72000122070312,230.1699981689453,230.22000122070312,23599.0
2026-10-01 14:00:00+05:30,230.1999969482422,230.3699951171875,229.6999969482422,229.85000610351562,106122.0
2026-10-01 14:05:00+05:30,229.85000610351562,230.42999267578125,229.77999877929688,230.2899932861328,44848.0
2026-10-01 14:10:00+05:30,230.3800048828125,230.60000610351562,230.22000122070312,230.47000122070312,27212.0
2026-10-01 14:15:00+05:30,230.4600067138672,230.5,230.1199951171875,230.19000244140625,19758.0
2026-10-01 14:20:00+05:30,230.25999450683594,230.5,230.1999969482422,230.30999755859375,20604.0
2026-10-01 14:25:00+05:30,230.32000732421875,231.4199981689453,230.32000732421875,231.4199981689453,73815.0
2026-10-01 14:30:00+05:30,231.38999938964844,232.1999969482422,231.38999938964844,232.0500030517578,86448.0
2026-10-01 14:35:00+05:30,232.0500030517578,232.22000122070312,231.8000030517578,231.89999389648438,700968.0
2026-10-01 14:40:00+05:30,231.9499969482422,232.08999633789062,231.75999450683594,231.82000732421875,88782.0
2026-10-01 14:45:00+05:30,231.8800048828125,231.8800048828125,231.25,231.4600067138672,443620.0
2026-10-01 14:50:00+05:30,231.47999572753906,232.0800018310547,231.4600067138672,232.02000427246094,206000.0
2026-10-01 14:55:00+05:30,232.05999755859375,232.5,232.00999450683594,232.0399932861328,64395.0
2026-10-01 15:00:00+05:30,232.11000061035156,232.11000061035156,231.6300048828125,231.8300018310547,426192.0
2026-10-01 15:05:00+05:30,231.91000366210938,232.25999450683594,231.6999969482422,232.08999633789062,1016111.0
2026-10-01 15:10:00+05:30,231.97999572753906,232.5,230.82000732421875,230.82000732421875,1025088.0
2026-10-05 09:15:00+05:30,233.72999572753906,237.0800018310547,233.72999572753906,237.0,0.0
2026-10-05 09:20:00+05:30,236.9499969482422,237.13999938964844,235.6999969482422,235.83999633789062,278042.0
2026-10-05 09:25:00+05:30,235.83999633789062,236.6999969482422,235.67999267578125,236.30999755859375,77259.0
2026-10-05 09:30:00+05:30,236.25,236.38999938964844,235.74000549316406,236.0399932861328,55846.0
2026-10-05 09:35:00+05:30,235.94000244140625,236.0,235.75999450683594,235.9499969482422,79230.0
2026-10-05 09:40:00+05:30,235.82000732421875,236.3000030517578,235.72999572753906,236.25,240891.0
2026-10-05 09:45:00+05:30,236.4199981689453,236.77999877929688,236.4199981689453,236.47999572753906,84636.0
2026-10-05 09:50:00+05:30,236.5,237.10000610351562,236.42999267578125,236.5,245557.0
2026-10-05 09:55:00+05:30,236.44000244140625,236.60000610351562,236.10000610351562,236.10000610351562,84826.0
2026-10-05 10:00:00+05:30,236.10000610351562,236.27999877929688,235.97000122070312,236.27999877929688,85662.0
2026-10-05 10:05:00+05:30,236.17999267578125,236.57000732421875,236.11000061035156,236.55999755859375,198481.0
2026-10-05 10:10:00+05:30,236.49000549316406,236.64999389648438,236.22999572753906,236.3800048828125,58006.0
2026-10-05 10:15:00+05:30,236.36000061035156,236.82000732421875,236.25999450683594,236.61000061035156,60388.0
2026-10-05 10:20:00+05:30,236.6300048828125,236.7100067138672,236.27999877929688,236.52000427246094,59780.0
2026-10-05 10:25:00+05:30,236.5,237.17999267578125,235.9600067138672,237.0800018310547,179904.0
2026-10-05 10:30:00+05:30,237.05999755859375,237.25,236.33999633789062,236.5,293429.0
2026-10-05 10:35:00+05:30,236.5399932861328,236.5399932861328,235.9499969482422,235.97999572753906,117054.0
2026-10-05 10:40:00+05:30,235.97999572753906,236.4199981689453,235.97999572753906,236.10000610351562,92407.0
2026-10-05 10:45:00+05:30,236.1999969482422,236.47999572753906,236.08999633789062,236.3000030517578,43042.0
2026-10-05 10:50:00+05:30,236.30999755859375,236.39999389648438,236.08999633789062,236.1300048828125,41001.0
2026-10-05 10:55:00+05:30,236.05999755859375,236.10000610351562,235.5800018310547,235.5800018310547,139230.0
2026-10-05 11:00:00+05:30,235.5399932861328,235.75,235.10000610351562,235.13999938964844,106431.0
2026-10-05 11:05:00+05:30,235.17999267578125,235.1999969482422,234.63999938964844,234.63999938964844,106561.0
2026-10-05 11:10:00+05:30,234.7100067138672,234.82000732421875,234.42999267578125,234.42999267578125,49391.0
2026-10-05 11:15:00+05:30,234.47999572753906,234.75,234.4199981689453,234.58999633789062,43897.0
2026-10-05 11:20:00+05:30,234.50999450683594,235.11000061035156,234.39999389648438,234.39999389648438,58342.0
2026-10-05 11:25:00+05:30,234.39999389648438,234.94000244140625,234.39999389648438,234.89999389648438,37680.0
2026-10-05 11:30:00+05:30,234.75,234.92999267578125,234.6199951171875,234.66000366210938,53941.0
2026-10-05 11:35:00+05:30,234.55999755859375,234.6199951171875,233.82000732421875,233.86000061035156,60427.0
2026-10-05 11:40:00+05:30,233.8000030517578,233.8300018310547,233.22000122070312,233.22000122070312,69664.0
2026-10-05 11:45:00+05:30,233.1999969482422,233.5,233.1199951171875,233.25999450683594,60787.0
2026-10-05 11:50:00+05:30,233.36000061035156,233.36000061035156,232.61000061035156,232.89999389648438,128319.0
2026-10-05 11:55:00+05:30,232.85000610351562,233.0399932861328,232.61000061035156,232.61000061035156,377805.0
2026-10-05 12:00:00+05:30,232.66000366210938,232.91000366210938,232.42999267578125,232.75,86159.0
2026-10-05 12:05:00+05:30,232.77000427246094,232.77000427246094,232.02000427246094,232.32000732421875,122776.0
2026-10-05 12:10:00+05:30,232.36000061035156,232.7899932861328,232.32000732421875,232.74000549316406,54553.0
2026-10-05 12:15:00+05:30,232.6300048828125,233.5500030517578,232.55999755859375,233.5500030517578,136655.0
2026-10-05 12:20:00+05:30,233.5800018310547,233.77999877929688,233.42999267578125,233.49000549316406,69191.0
2026-10-05 12:25:00+05:30,233.5,233.8699951171875,233.3300018310547,233.75,159344.0
2026-10-05 12:30:00+05:30,233.64999389648438,233.99000549316406,233.5,233.6999969482422,76612.0
2026-10-05 12:35:00+05:30,233.66000366210938,234.0,233.60000610351562,233.77000427246094,71347.0
2026-10-05 12:40:00+05:30,233.72000122070312,233.9600067138672,233.6999969482422,233.83999633789062,77374.0
2026-10-05 12:45:00+05:30,233.86000061035156,234.25,233.6999969482422,233.6999969482422,63549.0
2026-10-05 12:50:00+05:30,233.7899932861328,234.13999938964844,233.38999938964844,233.42999267578125,57124.0
2026-10-05 12:55:00+05:30,233.42999267578125,233.47000122070312,233.0500030517578,233.1999969482422,68490.0
2026-10-05 13:00:00+05:30,233.1999969482422,233.35000610351562,233.02000427246094,233.27000427246094,54450.0
2026-10-05 13:05:00+05:30,233.35000610351562,233.4600067138672,233.16000366210938,233.27999877929688,63558.0
2026-10-05 13:10:00+05:30,233.22999572753906,233.47999572753906,233.1300048828125,233.3000030517578,51582.0
2026-10-05 13:15:00+05:30,233.32000732421875,233.39999389648438,233.02000427246094,233.13999938964844,37190.0
2026-10-05 13:20:00+05:30,233.13999938964844,233.4499969482422,233.0500030517578,233.22000122070312,50990.0
2026-10-05 13:25:00+05:30,233.17999267578125,233.25,233.0500030517578,233.1999969482422,70084.0
2026-10-05 13:30:00+05:30,233.13999938964844,233.44000244140625,233.0800018310547,233.4199981689453,60666.0
2026-10-05 13:35:00+05:30,233.41000366210938,233.9499969482422,233.25999450683594,233.9499969482422,96466.0
2026-10-05 13:40:00+05:30,233.99000549316406,234.6300048828125,233.42999267578125,233.66000366210938,785056.0
2026-10-05 13:45:00+05:30,233.52000427246094,233.8000030517578,233.3699951171875,233.66000366210938,260092.0
2026-10-05 13:50:00+05:30,233.64999389648438,234.0399932861328,233.6199951171875,234.02999877929688,59240.0
2026-10-05 13:55:00+05:30,234.02000427246094,234.02999877929688,233.5399932861328,233.57000732421875,47197.0
2026-10-05 14:00:00+05:30,233.57000732421875,233.77000427246094,232.69000244140625,232.83999633789062,64128.0
2026-10-05 14:05:00+05:30,232.82000732421875,233.3300018310547,232.82000732421875,233.08999633789062,89430.0
2026-10-05 14:10:00+05:30,233.19000244140625,233.39999389648438,232.9600067138672,232.9600067138672,53827.0
2026-10-05 14:15:00+05:30,233.02999877929688,233.0399932861328,232.5,232.75999450683594,111159.0
2026-10-05 14:20:00+05:30,232.85000610351562,232.9199981689453,232.67999267578125,232.6999969482422,91238.0
2026-10-05 14:25:00+05:30,232.7899932861328,232.99000549316406,232.27000427246094,232.4600067138672,370360.0
2026-10-05 14:30:00+05:30,232.44000244140625,232.47000122070312,231.99000549316406,232.2100067138672,783623.0
2026-10-05 14:35:00+05:30,232.19000244140625,232.9499969482422,232.0,232.8300018310547,930413.0
2026-10-05 14:40:00+05:30,232.77000427246094,233.27999877929688,232.52000427246094,233.14999389648438,128560.0
2026-10-05 14:45:00+05:30,233.2100067138672,233.27999877929688,232.8800048828125,232.8800048828125,73522.0
2026-10-05 14:50:00+05:30,232.7899932861328,232.9499969482422,232.69000244140625,232.8800048828125,90928.0
2026-10-05 14:55:00+05:30,232.8300018310547,232.8800048828125,232.4499969482422,232.58999633789062,113457.0
2026-10-05 15:00:00+05:30,232.52999877929688,232.6300048828125,232.35000610351562,232.3699951171875,123803.0
2026-10-05 15:05:00+05:30,232.3699951171875,232.8300018310547,232.3699951171875,232.74000549316406,264053.0
2026-10-05 15:10:00+05:30,232.7100067138672,233.05999755859375,232.47999572753906,232.60000610351562,388085.0
2026-10-05 15:15:00+05:30,232.60000610351562,232.8000030517578,232.60000610351562,232.8000030517578,57599.0
2026-10-06 09:15:00+05:30,233.1999969482422,233.36000061035156,232.4199981689453,233.24000549316406,0.0
2026-10-06 09:20:00+05:30,233.00999450683594,233.1699981689453,232.77999877929688,232.85000610351562,48346.0
2026-10-06 09:25:00+05:30,232.91000366210938,232.91000366210938,232.22000122070312,232.27999877929688,64091.0
2026-10-06 09:30:00+05:30,232.25999450683594,232.52999877929688,232.17999267578125,232.52999877929688,50447.0
2026-10-06 09:35:00+05:30,232.5,232.8000030517578,232.33999633789062,232.60000610351562,40077.0
2026-10-06 09:40:00+05:30,232.60000610351562,232.9600067138672,232.60000610351562,232.75999450683594,30619.0
2026-10-06 09:45:00+05:30,232.75999450683594,233.5500030517578,232.7100067138672,233.5500030517578,73170.0
2026-10-06 09:50:00+05:30,233.5800018310547,233.5800018310547,233.2899932861328,233.4199981689453,30439.0
2026-10-06 09:55:00+05:30,233.4199981689453,234.25,233.4199981689453,234.02999877929688,79819.0
2026-10-06 10:00:00+05:30,234.00999450683594,234.0800018310547,233.77999877929688,234.0,182287.0
2026-10-06 10:05:00+05:30,234.0800018310547,234.10000610351562,233.75999450683594,233.85000610351562,132180.0
2026-10-06 10:10:00+05:30,234.02000427246094,234.4199981689453,233.8000030517578,234.30999755859375,171521.0
2026-10-06 10:15:00+05:30,234.35000610351562,234.60000610351562,234.33999633789062,234.52999877929688,45134.0
2026-10-06 10:20:00+05:30,234.5500030517578,234.8000030517578,234.5,234.6999969482422,85074.0
2026-10-06 10:25:00+05:30,234.74000549316406,234.74000549316406,234.60000610351562,234.63999938964844,34613.0
2026-10-06 10:30:00+05:30,234.63999938964844,234.6999969482422,234.49000549316406,234.5800018310547,49952.0
2026-10-06 10:35:00+05:30,234.52000427246094,234.64999389648438,234.5,234.64999389648438,10048.0
2026-10-06 10:40:00+05:30,234.63999938964844,234.63999938964844,234.4499969482422,234.47000122070312,61785.0
2026-10-06 10:45:00+05:30,234.4499969482422,234.5500030517578,234.0,234.4499969482422,314374.0
2026-10-06 10:50:00+05:30,234.4499969482422,234.50999450683594,234.1999969482422,234.25,414649.0
2026-10-06 10:55:00+05:30,234.25,234.32000732421875,234.0500030517578,234.2899932861328,68964.0
2026-10-06 11:00:00+05:30,234.24000549316406,234.35000610351562,234.00999450683594,234.14999389648438,85644.0
2026-10-06 11:05:00+05:30,234.11000061035156,234.25,233.91000366210938,234.10000610351562,192768.0
2026-10-06 11:10:00+05:30,234.1699981689453,234.1999969482422,234.00999450683594,234.13999938964844,62590.0
2026-10-06 11:15:00+05:30,234.13999938964844,234.2899932861328,233.80999755859375,234.0500030517578,51499.0
2026-10-06 11:20:00+05:30,234.1300048828125,234.19000244140625,234.0500030517578,234.0800018310547,61660.0
2026-10-06 11:25:00+05:30,234.05999755859375,234.25999450683594,234.00999450683594,234.2100067138672,40999.0
2026-10-06 11:30:00+05:30,234.22999572753906,234.38999938964844,234.1999969482422,234.25999450683594,24445.0
2026-10-06 11:35:00+05:30,234.22999572753906,234.22999572753906,233.63999938964844,233.7100067138672,53668.0
2026-10-06 11:40:00+05:30,233.7100067138672,233.88999938964844,233.7100067138672,233.88999938964844,23839.0
2026-10-06 11:45:00+05:30,233.85000610351562,234.10000610351562,233.83999633789062,234.10000610351562,19507.0
2026-10-06 11:50:00+05:30,234.0800018310547,234.08999633789062,233.5500030517578,233.86000061035156,45794.0
2026-10-06 11:55:00+05:30,233.77999877929688,233.97000122070312,233.75,233.77999877929688,16905.0
2026-10-06 12:00:00+05:30,233.7899932861328,233.8000030517578,233.57000732421875,233.75,51291.0
2026-10-06 12:05:00+05:30,233.74000549316406,233.8000030517578,233.6999969482422,233.6999969482422,20650.0
2026-10-06 12:10:00+05:30,233.61000061035156,233.6699981689453,232.9600067138672,233.0500030517578,73431.0
2026-10-06 12:15:00+05:30,233.1199951171875,233.25999450683594,232.97000122070312,232.97000122070312,30597.0
2026-10-06 12:20:00+05:30,232.9499969482422,233.22999572753906,232.9499969482422,233.19000244140625,17473.0
2026-10-06 12:25:00+05:30,233.22000122070312,233.25,232.89999389648438,232.97000122070312,39021.0
2026-10-06 12:30:00+05:30,232.99000549316406,233.08999633789062,232.80999755859375,233.07000732421875,38313.0
2026-10-06 12:35:00+05:30,233.00999450683594,233.22000122070312,232.92999267578125,233.13999938964844,40819.0
2026-10-06 12:40:00+05:30,233.0800018310547,233.4600067138672,233.0500030517578,233.39999389648438,55259.0
2026-10-06 12:45:00+05:30,233.44000244140625,233.61000061035156,233.27000427246094,233.27999877929688,44835.0
2026-10-06 12:50:00+05:30,233.3000030517578,233.3000030517578,233.02000427246094,233.22000122070312,38182.0
2026-10-06 12:55:00+05:30,233.1999969482422,233.22000122070312,232.99000549316406,233.05999755859375,48894.0
2026-10-06 13:00:00+05:30,233.08999633789062,233.1999969482422,232.75999450683594,232.99000549316406,86011.0
2026-10-06 13:05:00+05:30,233.0,233.22999572753906,232.85000610351562,233.08999633789062,57677.0
2026-10-06 13:10:00+05:30,233.10000610351562,233.17999267578125,233.0,233.14999389648438,22793.0
2026-10-06 13:15:00+05:30,233.0800018310547,233.27999877929688,233.0800018310547,233.11000061035156,20622.0
2026-10-06 13:20:00+05:30,233.10000610351562,233.16000366210938,233.0,233.0,24505.0
2026-10-06 13:25:00+05:30,233.00999450683594,233.07000732421875,232.61000061035156,232.61000061035156,29575.0
2026-10-06 13:30:00+05:30,232.6199951171875,232.8699951171875,232.5800018310547,232.7899932861328,37909.0
2026-10-06 13:35:00+05:30,232.8000030517578,232.89999389648438,232.6199951171875,232.6999969482422,33514.0
2026-10-06 13:40:00+05:30,232.75,232.8000030517578,232.1999969482422,232.22999572753906,85108.0
2026-10-06 13:45:00+05:30,232.22999572753906,232.30999755859375,232.07000732421875,232.1300048828125,49019.0
2026-10-06 13:50:00+05:30,232.13999938964844,232.22000122070312,231.82000732421875,231.94000244140625,56969.0
2026-10-06 13:55:00+05:30,231.9199981689453,232.39999389648438,231.89999389648438,232.22999572753906,49424.0
2026-10-06 14:00:00+05:30,232.1999969482422,232.49000549316406,232.1999969482422,232.39999389648438,43084.0
2026-10-06 14:05:00+05:30,232.38999938964844,232.49000549316406,232.25999450683594,232.36000061035156,28090.0
2026-10-06 14:10:00+05:30,232.39999389648438,232.5,232.22999572753906,232.35000610351562,49763.0
2026-10-06 14:15:00+05:30,232.35000610351562,232.5,232.1699981689453,232.5,20856.0
2026-10-06 14:20:00+05:30,232.49000549316406,232.60000610351562,232.36000061035156,232.38999938964844,40171.0
2026-10-06 14:25:00+05:30,232.41000366210938,232.5399932861328,232.0500030517578,232.1199951171875,66085.0
2026-10-06 14:30:00+05:30,232.16000366210938,232.32000732421875,231.83999633789062,232.1699981689453,102769.0
2026-10-06 14:35:00+05:30,232.0800018310547,232.13999938964844,231.89999389648438,232.02000427246094,51157.0
2026-10-06 14:40:00+05:30,232.05999755859375,232.5399932861328,231.97999572753906,232.5399932861328,175082.0
2026-10-06 14:45:00+05:30,232.50999450683594,232.6199951171875,232.47999572753906,232.55999755859375,59287.0
2026-10-06 14:50:00+05:30,232.5399932861328,232.64999389648438,232.4499969482422,232.4600067138672,42310.0
2026-10-06 14:55:00+05:30,232.4600067138672,232.5800018310547,232.44000244140625,232.52999877929688,69409.0
2026-10-06 15:00:00+05:30,232.50999450683594,232.50999450683594,232.00999450683594,232.1699981689453,109676.0
2026-10-06 15:05:00+05:30,232.22999572753906,232.4600067138672,232.1300048828125,232.17999267578125,234136.0
2026-10-06 15:10:00+05:30,232.1699981689453,232.6999969482422,232.1699981689453,232.60000610351562,257844.0
2026-10-06 15:15:00+05:30,232.5,232.72999572753906,232.5,232.72999572753906,108338.0
2026-10-07 09:15:00+05:30,231.25999450683594,231.5,230.2899932861328,231.5,0.0
2026-10-07 09:20:00+05:30,231.4199981689453,231.7899932861328,230.91000366210938,231.50999450683594,63751.0
2026-10-07 09:25:00+05:30,231.35000610351562,231.74000549316406,231.3300018310547,231.57000732421875,49382.0
2026-10-07 09:30:00+05:30,231.5399932861328,231.6999969482422,231.5,231.58999633789062,31829.0
2026-10-07 09:35:00+05:30,231.52999877929688,231.60000610351562,231.3000030517578,231.3000030517578,38567.0
2026-10-07 09:40:00+05:30,231.25999450683594,231.4199981689453,230.9199981689453,231.27999877929688,80364.0
2026-10-07 09:45:00+05:30,231.22000122070312,231.27999877929688,231.16000366210938,231.27999877929688,14003.0
2026-10-07 09:50:00+05:30,231.30999755859375,231.66000366210938,231.25999450683594,231.47000122070312,52849.0
2026-10-07 09:55:00+05:30,231.4600067138672,231.49000549316406,231.19000244140625,231.22000122070312,32911.0
2026-10-07 10:00:00+05:30,231.32000732421875,231.5500030517578,230.7100067138672,231.10000610351562,78329.0
2026-10-07 10:05:00+05:30,231.10000610351562,231.5,231.0,231.1699981689453,68162.0
2026-10-07 10:10:00+05:30,231.17999267578125,232.2100067138672,231.1699981689453,232.2100067138672,83600.0
2026-10-07 10:15:00+05:30,232.25,234.52000427246094,232.25,233.9600067138672,228108.0
2026-10-07 10:20:00+05:30,233.89999389648438,234.42999267578125,232.17999267578125,232.75,200470.0
2026-10-07 10:25:00+05:30,232.72000122070312,233.5,232.72000122070312,233.10000610351562,69220.0
2026-10-07 10:30:00+05:30,233.19000244140625,233.19000244140625,232.07000732421875,232.08999633789062,98962.0
2026-10-07 10:35:00+05:30,232.08999633789062,232.27999877929688,231.86000061035156,232.25999450683594,73071.0
2026-10-07 10:40:00+05:30,232.25999450683594,232.27999877929688,231.8300018310547,231.9499969482422,57565.0
2026-10-07 10:45:00+05:30,231.9499969482422,232.1300048828125,231.85000610351562,231.91000366210938,33715.0
2026-10-07 10:50:00+05:30,231.8699951171875,232.2899932861328,231.82000732421875,232.22999572753906,23842.0
2026-10-07 10:55:00+05:30,232.22999572753906,232.7899932861328,232.22999572753906,232.6699981689453,33128.0
2026-10-07 11:00:00+05:30,232.75,233.9600067138672,232.6699981689453,233.64999389648438,176579.0
2026-10-07 11:05:00+05:30,233.63999938964844,234.57000732421875,233.60000610351562,234.3800048828125,168150.0
2026-10-07 11:10:00+05:30,234.38999938964844,234.4199981689453,234.07000732421875,234.27999877929688,93668.0
2026-10-07 11:15:00+05:30,234.3000030517578,234.49000549316406,234.17999267578125,234.36000061035156,54766.0
2026-10-07 11:20:00+05:30,234.38999938964844,234.58999633789062,234.2100067138672,234.58999633789062,54339.0
2026-10-07 11:25:00+05:30,234.5399932861328,234.66000366210938,234.32000732421875,234.60000610351562,67155.0
2026-10-07 11:30:00+05:30,234.61000061035156,234.97999572753906,234.4199981689453,234.63999938964844,55557.0
2026-10-07 11:35:00+05:30,234.63999938964844,235.22000122070312,234.6300048828125,234.83999633789062,82704.0
2026-10-07 11:40:00+05:30,234.72000122070312,235.05999755859375,234.6199951171875,234.7899932861328,71601.0
2026-10-07 11:45:00+05:30,234.7899932861328,235.08999633789062,234.6699981689453,234.9199981689453,62711.0
2026-10-07 11:50:00+05:30,234.9499969482422,235.0,234.47999572753906,234.97999572753906,52321.0
2026-10-07 11:55:00+05:30,235.0,235.25,234.97999572753906,235.25,53721.0
2026-10-07 12:00:00+05:30,235.24000549316406,235.57000732421875,235.0,235.57000732421875,93304.0
2026-10-07 12:05:00+05:30,235.60000610351562,235.75,235.08999633789062,235.08999633789062,65677.0
2026-10-07 12:10:00+05:30,235.0800018310547,235.14999389648438,234.52999877929688,234.8000030517578,81573.0
2026-10-07 12:15:00+05:30,234.66000366210938,234.72999572753906,234.19000244140625,234.25999450683594,84697.0
2026-10-07 12:20:00+05:30,234.2899932861328,234.42999267578125,234.0,234.0,79889.0
2026-10-07 12:25:00+05:30,233.94000244140625,234.75999450683594,233.85000610351562,234.75999450683594,105081.0
2026-10-07 12:30:00+05:30,234.8699951171875,234.88999938964844,234.6999969482422,234.77999877929688,54031.0
2026-10-07 12:35:00+05:30,234.8000030517578,234.85000610351562,234.2899932861328,234.42999267578125,43269.0
2026-10-07 12:40:00+05:30,234.38999938964844,234.6300048828125,234.30999755859375,234.52999877929688,30155.0
2026-10-07 12:45:00+05:30,234.5399932861328,234.82000732421875,234.39999389648438,234.74000549316406,89331.0
2026-10-07 12:50:00+05:30,234.72999572753906,234.85000610351562,234.60000610351562,234.83999633789062,43347.0
2026-10-07 12:55:00+05:30,234.86000061035156,234.94000244140625,234.60000610351562,234.60000610351562,40964.0
2026-10-07 13:00:00+05:30,234.60000610351562,234.6999969482422,234.19000244140625,234.47999572753906,202138.0
2026-10-07 13:05:00+05:30,234.5,234.5,233.55999755859375,233.6199951171875,125048.0
2026-10-07 13:10:00+05:30,233.52000427246094,233.89999389648438,233.44000244140625,233.77000427246094,132071.0
2026-10-07 13:15:00+05:30,233.75999450683594,234.10000610351562,233.75999450683594,233.8000030517578,47194.0
2026-10-07 13:20:00+05:30,233.80999755859375,233.9199981689453,233.6300048828125,233.6300048828125,31059.0
2026-10-07 13:25:00+05:30,233.6199951171875,233.91000366210938,233.5500030517578,233.72000122070312,39764.0
2026-10-07 13:30:00+05:30,233.75,233.77999877929688,233.66000366210938,233.75999450683594,26407.0
2026-10-07 13:35:00+05:30,233.74000549316406,234.0,233.74000549316406,233.77999877929688,34635.0
2026-10-07 13:40:00+05:30,233.77999877929688,234.33999633789062,233.77999877929688,234.2100067138672,261778.0
2026-10-07 13:45:00+05:30,234.2100067138672,234.39999389648438,234.0500030517578,234.19000244140625,39913.0
2026-10-07 13:50:00+05:30,234.2100067138672,234.5500030517578,234.1999969482422,234.22000122070312,170803.0
2026-10-07 13:55:00+05:30,234.1699981689453,234.22999572753906,233.9199981689453,233.9199981689453,61773.0
2026-10-07 14:00:00+05:30,234.0399932861328,234.5,233.92999267578125,234.3699951171875,64698.0
2026-10-07 14:05:00+05:30,234.44000244140625,234.75,234.4199981689453,234.50999450683594,51871.0
2026-10-07 14:10:00+05:30,234.5,234.74000549316406,234.38999938964844,234.6699981689453,37160.0
2026-10-07 14:15:00+05:30,234.55999755859375,234.85000610351562,234.55999755859375,234.82000732421875,59532.0
2026-10-07 14:20:00+05:30,234.7899932861328,235.0,234.72000122070312,234.9600067138672,65368.0
2026-10-07 14:25:00+05:30,234.97000122070312,236.25,234.91000366210938,236.1999969482422,212333.0
2026-10-07 14:30:00+05:30,236.1999969482422,236.35000610351562,235.49000549316406,235.52999877929688,144366.0
2026-10-07 14:35:00+05:30,235.49000549316406,235.60000610351562,235.0399932861328,235.5,153532.0
2026-10-07 14:40:00+05:30,235.5,235.52000427246094,235.02999877929688,235.0500030517578,109125.0
2026-10-07 14:45:00+05:30,235.10000610351562,235.27000427246094,235.07000732421875,235.16000366210938,84866.0
2026-10-07 14:50:00+05:30,235.1999969482422,235.22999572753906,234.77999877929688,234.97999572753906,80014.0
2026-10-07 14:55:00+05:30,234.97999572753906,235.17999267578125,234.91000366210938,235.0399932861328,41140.0
2026-10-07 15:00:00+05:30,235.00999450683594,235.00999450683594,234.57000732421875,234.77000427246094,149166.0
2026-10-07 15:05:00+05:30,234.6999969482422,234.7100067138672,234.47000122070312,234.50999450683594,141009.0
2026-10-07 15:10:00+05:30,234.47000122070312,234.77999877929688,234.16000366210938,234.66000366210938,237456.0
2026-10-07 15:15:00+05:30,234.60000610351562,234.60000610351562,234.5500030517578,234.5500030517578,71251.0
2026-10-08 09:15:00+05:30,234.5500030517578,234.8800048828125,233.3000030517578,233.3000030517578,0.0
2026-10-08 09:20:00+05:30,233.16000366210938,235.39999389648438,233.10000610351562,235.0,231062.0
2026-10-08 09:25:00+05:30,235.0,235.7100067138672,234.89999389648438,235.7100067138672,160452.0
2026-10-08 09:30:00+05:30,235.77000427246094,236.67999267578125,235.77000427246094,236.14999389648438,270559.0
2026-10-08 09:35:00+05:30,236.19000244140625,236.8800048828125,236.1300048828125,236.75,284272.0
2026-10-08 09:40:00+05:30,236.75,236.89999389648438,236.27000427246094,236.36000061035156,238030.0
2026-10-08 09:45:00+05:30,236.33999633789062,236.5399932861328,236.10000610351562,236.47000122070312,376159.0
2026-10-08 09:50:00+05:30,236.49000549316406,238.6999969482422,236.24000549316406,238.25,1287128.0
2026-10-08 09:55:00+05:30,238.19000244140625,239.35000610351562,238.10000610351562,238.39999389648438,606272.0
2026-10-08 10:00:00+05:30,238.16000366210938,238.7100067138672,238.16000366210938,238.66000366210938,222161.0
2026-10-08 10:05:00+05:30,238.6699981689453,239.0,238.5,238.75,165023.0
2026-10-08 10:10:00+05:30,238.6999969482422,239.3000030517578,238.5,239.1999969482422,258349.0
2026-10-08 10:15:00+05:30,239.1999969482422,239.39999389648438,238.7100067138672,238.8800048828125,261478.0
2026-10-08 10:20:00+05:30,238.88999938964844,239.0,238.64999389648438,238.9199981689453,225135.0
2026-10-08 10:25:00+05:30,238.8699951171875,239.1999969482422,238.7100067138672,238.8000030517578,176588.0
2026-10-08 10:30:00+05:30,238.6699981689453,238.8000030517578,238.30999755859375,238.6300048828125,158309.0
2026-10-08 10:35:00+05:30,238.6199951171875,238.63999938964844,238.39999389648438,238.4499969482422,93114.0
2026-10-08 10:40:00+05:30,238.3800048828125,238.8000030517578,238.2100067138672,238.3699951171875,144287.0
2026-10-08 10:45:00+05:30,238.47000122070312,238.6300048828125,238.3000030517578,238.60000610351562,95985.0
2026-10-08 10:50:00+05:30,238.60000610351562,238.6699981689453,237.91000366210938,238.02999877929688,172401.0
2026-10-08 10:55:00+05:30,238.10000610351562,238.19000244140625,237.8000030517578,237.9499969482422,159536.0
2026-10-08 11:00:00+05:30,237.9499969482422,238.14999389648438,237.50999450683594,237.99000549316406,396279.0
2026-10-08 11:05:00+05:30,238.02999877929688,238.11000061035156,237.74000549316406,237.8699951171875,86827.0
2026-10-08 11:10:00+05:30,237.8699951171875,238.0399932861328,237.72999572753906,237.8000030517578,91093.0
2026-10-08 11:15:00+05:30,237.9499969482422,238.22000122070312,237.88999938964844,238.0,100756.0
2026-10-08 11:20:00+05:30,237.92999267578125,237.97999572753906,237.58999633789062,237.77999877929688,98203.0
2026-10-08 11:25:00+05:30,237.85000610351562,237.85000610351562,236.8000030517578,237.1699981689453,249837.0
2026-10-08 11:30:00+05:30,237.2100067138672,237.57000732421875,237.0,237.44000244140625,122713.0
2026-10-08 11:35:00+05:30,237.44000244140625,237.5500030517578,237.24000549316406,237.24000549316406,93012.0
2026-10-08 11:40:00+05:30,237.25999450683594,237.5500030517578,237.25999450683594,237.5500030517578,73479.0
2026-10-08 11:45:00+05:30,237.49000549316406,237.61000061035156,237.36000061035156,237.42999267578125,94420.0
2026-10-08 11:50:00+05:30,237.35000610351562,237.4199981689453,237.1199951171875,237.1999969482422,75957.0
2026-10-08 11:55:00+05:30,237.33999633789062,237.33999633789062,236.74000549316406,236.74000549316406,116181.0
2026-10-08 12:00:00+05:30,236.72000122070312,236.86000061035156,236.52000427246094,236.60000610351562,160281.0
2026-10-08 12:05:00+05:30,236.6199951171875,236.85000610351562,236.44000244140625,236.8000030517578,160740.0
2026-10-08 12:10:00+05:30,236.72999572753906,237.10000610351562,236.72999572753906,236.85000610351562,106480.0
2026-10-08 12:15:00+05:30,236.8300018310547,236.89999389648438,236.3699951171875,236.4600067138672,102223.0
2026-10-08 12:20:00+05:30,236.4499969482422,236.66000366210938,236.27000427246094,236.36000061035156,94197.0
2026-10-08 12:25:00+05:30,236.35000610351562,236.75,236.1300048828125,236.61000061035156,117312.0
2026-10-08 12:30:00+05:30,236.5500030517578,236.5500030517578,236.24000549316406,236.39999389648438,104903.0
2026-10-08 12:35:00+05:30,236.3699951171875,236.6199951171875,236.3000030517578,236.52000427246094,110875.0
2026-10-08 12:40:00+05:30,236.5500030517578,236.86000061035156,236.3300018310547,236.82000732421875,110555.0
2026-10-08 12:45:00+05:30,236.57000732421875,236.83999633789062,236.39999389648438,236.4199981689453,92320.0
2026-10-08 12:50:00+05:30,236.41000366210938,236.60000610351562,236.3000030517578,236.44000244140625,67716.0
2026-10-08 12:55:00+05:30,236.47000122070312,236.47000122070312,235.4600067138672,235.94000244140625,230940.0
2026-10-08 13:00:00+05:30,235.92999267578125,236.08999633789062,235.6300048828125,235.9499969482422,114773.0
2026-10-08 13:05:00+05:30,235.9199981689453,235.92999267578125,235.5500030517578,235.64999389648438,103752.0
2026-10-08 13:10:00+05:30,235.64999389648438,235.8300018310547,235.52000427246094,235.72000122070312,79109.0
2026-10-08 13:15:00+05:30,235.6199951171875,235.66000366210938,235.22999572753906,235.27999877929688,116096.0
2026-10-08 13:20:00+05:30,235.27000427246094,235.4600067138672,235.0500030517578,235.3800048828125,157328.0
2026-10-08 13:25:00+05:30,235.3800048828125,235.39999389648438,234.8800048828125,234.9499969482422,94624.0
2026-10-08 13:30:00+05:30,234.9499969482422,235.13999938964844,234.8000030517578,235.07000732421875,167567.0
2026-10-08 13:35:00+05:30,235.0800018310547,236.1199951171875,235.0800018310547,236.02999877929688,91939.0
2026-10-08 13:40:00+05:30,236.08999633789062,236.08999633789062,235.36000061035156,235.44000244140625,77182.0
2026-10-08 13:45:00+05:30,235.5500030517578,235.77000427246094,235.33999633789062,235.60000610351562,115020.0
2026-10-08 13:50:00+05:30,235.60000610351562,235.9199981689453,235.55999755859375,235.80999755859375,112165.0
2026-10-08 13:55:00+05:30,235.80999755859375,235.92999267578125,234.92999267578125,235.27000427246094,168181.0
2026-10-08 14:00:00+05:30,235.3000030517578,235.3300018310547,234.64999389648438,234.64999389648438,117416.0
2026-10-08 14:05:00+05:30,234.67999267578125,234.67999267578125,234.02999877929688,234.02999877929688,169262.0
2026-10-08 14:10:00+05:30,233.9499969482422,234.2899932861328,233.86000061035156,234.1300048828125,124550.0
2026-10-08 14:15:00+05:30,234.19000244140625,234.47000122070312,233.97000122070312,234.1300048828125,101178.0
2026-10-08 14:20:00+05:30,234.1699981689453,234.74000549316406,233.91000366210938,234.3699951171875,154137.0
2026-10-08 14:25:00+05:30,234.4199981689453,234.69000244140625,234.22999572753906,234.63999938964844,251181.0
2026-10-08 14:30:00+05:30,234.69000244140625,235.3300018310547,234.47999572753906,235.24000549316406,217802.0
2026-10-08 14:35:00+05:30,235.33999633789062,235.89999389648438,235.27000427246094,235.66000366210938,297091.0
2026-10-08 14:40:00+05:30,235.66000366210938,235.8000030517578,235.02999877929688,235.14999389648438,259388.0
2026-10-08 14:45:00+05:30,235.14999389648438,235.3300018310547,234.7100067138672,234.72999572753906,755746.0
2026-10-08 14:50:00+05:30,234.75,235.1999969482422,234.57000732421875,234.8000030517578,347296.0
2026-10-08 14:55:00+05:30,234.83999633789062,234.9499969482422,234.52000427246094,234.52000427246094,316773.0
2026-10-08 15:00:00+05:30,234.55999755859375,234.8000030517578,234.4600067138672,234.5800018310547,311883.0
2026-10-08 15:05:00+05:30,234.5,234.6699981689453,234.27999877929688,234.3800048828125,354054.0
2026-10-08 15:10:00+05:30,234.42999267578125,235.39999389648438,234.3000030517578,235.14999389648438,504745.0
2026-10-08 15:15:00+05:30,235.39999389648438,235.39999389648438,234.0,234.0,99974.0
2026-10-09 09:15:00+05:30,235.4499969482422,236.44000244140625,234.5500030517578,234.99000549316406,0.0
2026-10-09 09:20:00+05:30,234.9600067138672,235.5399932861328,234.8000030517578,234.8800048828125,222644.0
2026-10-09 09:25:00+05:30,234.8300018310547,236.0500030517578,234.8300018310547,236.0,74070.0
2026-10-09 09:30:00+05:30,236.0800018310547,237.5,235.88999938964844,237.19000244140625,205648.0
2026-10-09 09:35:00+05:30,237.0800018310547,237.39999389648438,237.0500030517578,237.11000061035156,96227.0
2026-10-09 09:40:00+05:30,237.11000061035156,237.4499969482422,236.89999389648438,237.1699981689453,166551.0
2026-10-09 09:45:00+05:30,237.1300048828125,237.3000030517578,236.72000122070312,237.25,40961.0
2026-10-09 09:50:00+05:30,237.2100067138672,237.4499969482422,237.02000427246094,237.0800018310547,32588.0
2026-10-09 09:55:00+05:30,237.25,237.47000122070312,237.14999389648438,237.4499969482422,43836.0
2026-10-09 10:00:00+05:30,237.35000610351562,237.9499969482422,237.02999877929688,237.8699951171875,101844.0
2026-10-09 10:05:00+05:30,237.82000732421875,238.00999450683594,237.61000061035156,237.75999450683594,123544.0
2026-10-09 10:10:00+05:30,237.72999572753906,238.25,237.7100067138672,237.75999450683594,65281.0
2026-10-09 10:15:00+05:30,237.8800048828125,237.8800048828125,236.85000610351562,237.10000610351562,67626.0
2026-10-09 10:20:00+05:30,237.17999267578125,237.33999633789062,237.0,237.1199951171875,28737.0
2026-10-09 10:25:00+05:30,237.14999389648438,237.25,237.02999877929688,237.19000244140625,19275.0
2026-10-09 10:30:00+05:30,237.2100067138672,237.25999450683594,236.89999389648438,236.97000122070312,28726.0
2026-10-09 10:35:00+05:30,236.97000122070312,237.0,236.8300018310547,236.85000610351562,19407.0
2026-10-09 10:40:00+05:30,236.8699951171875,237.0800018310547,236.83999633789062,236.9199981689453,35530.0
2026-10-09 10:45:00+05:30,236.9199981689453,236.9199981689453,236.52999877929688,236.83999633789062,27550.0
2026-10-09 10:50:00+05:30,236.8300018310547,236.83999633789062,236.5500030517578,236.6300048828125,18291.0
2026-10-09 10:55:00+05:30,236.6300048828125,236.88999938964844,236.52999877929688,236.88999938964844,11929.0
2026-10-09 11:00:00+05:30,236.89999389648438,236.89999389648438,236.5800018310547,236.74000549316406,15418.0
2026-10-09 11:05:00+05:30,236.80999755859375,236.80999755859375,236.4199981689453,236.5,24695.0
2026-10-09 11:10:00+05:30,236.4499969482422,236.6300048828125,236.25,236.60000610351562,13031.0
2026-10-09 11:15:00+05:30,236.60000610351562,236.92999267578125,236.50999450683594,236.91000366210938,19097.0
2026-10-09 11:20:00+05:30,236.92999267578125,236.94000244140625,236.69000244140625,236.7899932861328,12932.0
2026-10-09 11:25:00+05:30,236.7899932861328,236.88999938964844,236.5500030517578,236.5500030517578,32877.0
2026-10-09 11:30:00+05:30,236.7100067138672,236.75,236.39999389648438,236.5,31615.0
2026-10-09 11:35:00+05:30,236.52999877929688,236.60000610351562,236.27000427246094,236.3300018310547,22489.0
2026-10-09 11:40:00+05:30,236.35000610351562,236.4499969482422,235.88999938964844,236.44000244140625,71497.0
2026-10-09 11:45:00+05:30,236.39999389648438,236.55999755859375,236.2100067138672,236.38999938964844,17021.0
2026-10-09 11:50:00+05:30,236.47000122070312,236.5500030517578,236.0,236.1999969482422,14819.0
2026-10-09 11:55:00+05:30,236.27999877929688,236.38999938964844,236.0,236.08999633789062,42482.0
2026-10-09 12:00:00+05:30,236.08999633789062,236.2100067138672,236.0,236.16000366210938,19162.0
2026-10-09 12:05:00+05:30,236.13999938964844,236.6999969482422,236.13999938964844,236.61000061035156,12121.0
2026-10-09 12:10:00+05:30,236.61000061035156,236.63999938964844,236.22000122070312,236.25,8368.0
2026-10-09 12:15:00+05:30,236.25,236.3800048828125,236.19000244140625,236.3000030517578,7059.0
2026-10-09 12:20:00+05:30,236.27999877929688,236.47000122070312,236.22000122070312,236.47000122070312,13962.0
2026-10-09 12:25:00+05:30,236.47000122070312,236.47000122070312,236.25,236.35000610351562,30476.0
2026-10-09 12:30:00+05:30,236.3699951171875,236.5,236.24000549316406,236.39999389648438,21488.0
2026-10-09 12:35:00+05:30,236.47999572753906,236.58999633789062,236.39999389648438,236.47000122070312,9698.0
2026-10-09 12:40:00+05:30,236.4600067138672,236.5399932861328,236.16000366210938,236.24000549316406,12045.0
2026-10-09 12:45:00+05:30,236.30999755859375,236.5800018310547,236.25,236.57000732421875,12578.0
2026-10-09 12:50:00+05:30,236.5800018310547,236.5800018310547,236.33999633789062,236.49000549316406,11975.0
2026-10-09 12:55:00+05:30,236.52999877929688,236.88999938964844,236.49000549316406,236.85000610351562,38162.0
2026-10-09 13:00:00+05:30,236.75999450683594,236.80999755859375,236.47000122070312,236.5500030517578,20116.0
2026-10-09 13:05:00+05:30,236.5500030517578,236.75,236.25,236.3000030517578,32157.0
2026-10-09 13:10:00+05:30,236.3000030517578,236.64999389648438,236.25,236.50999450683594,12690.0
2026-10-09 13:15:00+05:30,236.50999450683594,236.61000061035156,236.4499969482422,236.5,8457.0
2026-10-09 13:20:00+05:30,236.5,236.8300018310547,236.4600067138672,236.72999572753906,8763.0
2026-10-09 13:25:00+05:30,236.72000122070312,236.75,236.5399932861328,236.67999267578125,6704.0
2026-10-09 13:30:00+05:30,236.67999267578125,236.75,236.5,236.75,11632.0
2026-10-09 13:35:00+05:30,236.75,236.8300018310547,236.63999938964844,236.77999877929688,8806.0
2026-10-09 13:40:00+05:30,236.72999572753906,237.05999755859375,236.5800018310547,236.97000122070312,35236.0
2026-10-09 13:45:00+05:30,236.9499969482422,237.10000610351562,236.89999389648438,237.0,22397.0
2026-10-09 13:50:00+05:30,236.99000549316406,236.99000549316406,236.52000427246094,236.75,31152.0
2026-10-09 13:55:00+05:30,236.64999389648438,236.9600067138672,236.52000427246094,236.88999938964844,17906.0
2026-10-09 14:00:00+05:30,236.86000061035156,236.88999938964844,236.61000061035156,236.8300018310547,16740.0
2026-10-09 14:05:00+05:30,236.8000030517578,236.99000549316406,236.8000030517578,236.89999389648438,13266.0
2026-10-09 14:10:00+05:30,236.89999389648438,236.99000549316406,236.74000549316406,236.8800048828125,20823.0
2026-10-09 14:15:00+05:30,236.88999938964844,237.39999389648438,236.72000122070312,237.27000427246094,32553.0
2026-10-09 14:20:00+05:30,237.30999755859375,237.4499969482422,237.14999389648438,237.27000427246094,29210.0
2026-10-09 14:25:00+05:30,237.33999633789062,237.35000610351562,237.1300048828125,237.1300048828125,12254.0
2026-10-09 14:30:00+05:30,237.1300048828125,237.24000549316406,237.0,237.1999969482422,39586.0
2026-10-09 14:35:00+05:30,237.1999969482422,237.1999969482422,237.0,237.07000732421875,15374.0
2026-10-09 14:40:00+05:30,237.0500030517578,237.3699951171875,236.92999267578125,237.27000427246094,16574.0
2026-10-09 14:45:00+05:30,237.27999877929688,237.2899932861328,236.92999267578125,236.92999267578125,18226.0
2026-10-09 14:50:00+05:30,236.97999572753906,237.07000732421875,236.89999389648438,237.02999877929688,26259.0
2026-10-09 14:55:00+05:30,237.00999450683594,237.14999389648438,236.89999389648438,236.89999389648438,34332.0
2026-10-09 15:00:00+05:30,236.82000732421875,237.1999969482422,236.6300048828125,237.1999969482422,149025.0
2026-10-09 15:05:00+05:30,237.22000122070312,237.32000732421875,236.77999877929688,236.7899932861328,229335.0
2026-10-09 15:10:00+05:30,236.7899932861328,236.89999389648438,236.25999450683594,236.89999389648438,220172.0
2026-10-09 15:15:00+05:30,236.9199981689453,236.9199981689453,235.8000030517578,235.8000030517578,415794.0
